<?xml version="1.0" encoding="UTF-8"?>
<COLLADA xmlns="http://www.collada.org/2005/11/COLLADASchema" version="1.4.1">
  <asset>
    <contributor>
      <authoring_tool>Rhinoceros 8.12.24282.7001</authoring_tool>
      <comments>Output from Rhinoceros COLLADA Exporter</comments>
    </contributor>
    <created>2025-09-11T08:51:03Z</created>
    <modified>2025-09-11T08:51:03Z</modified>
    <unit meter="0.001" name="Millimeters" />
    <up_axis>Z_UP</up_axis>
  </asset>
  <library_cameras>
    <camera id="Camera-Perspective" name="Camera-Perspective">
      <optics>
        <technique_common>
          <perspective>
            <xfov>50.868463</xfov>
            <aspect_ratio>1.981530</aspect_ratio>
            <znear>189.820544</znear>
            <zfar>327.163494</zfar>
          </perspective>
        </technique_common>
      </optics>
    </camera>
    <camera id="Camera-Top" name="Camera-Top">
      <optics>
        <technique_common>
          <orthographic>
            <xmag>1.0</xmag>
            <aspect_ratio>1.981530</aspect_ratio>
            <znear>0.531189</znear>
            <zfar>8.531250</zfar>
          </orthographic>
        </technique_common>
      </optics>
    </camera>
    <camera id="Camera-Front" name="Camera-Front">
      <optics>
        <technique_common>
          <orthographic>
            <xmag>1.0</xmag>
            <aspect_ratio>1.986772</aspect_ratio>
            <znear>9.244029</znear>
            <zfar>184.442056</zfar>
          </orthographic>
        </technique_common>
      </optics>
    </camera>
    <camera id="Camera-Right" name="Camera-Right">
      <optics>
        <technique_common>
          <orthographic>
            <xmag>1.0</xmag>
            <aspect_ratio>1.986772</aspect_ratio>
            <znear>0.005000</znear>
            <zfar>23.458944</zfar>
          </orthographic>
        </technique_common>
      </optics>
    </camera>
  </library_cameras>
  <library_materials>
    <material id="a0000000-0000-0000-0000-000000000000">
      <instance_effect url="#fx-a0000000-0000-0000-0000-000000000000" />
    </material>
  </library_materials>
  <library_effects>
    <effect id="fx-a0000000-0000-0000-0000-000000000000">
      <profile_COMMON>
        <technique sid="common">
          <phong>
            <emission>
              <color>0.000000 0.000000 0.000000 1.000000</color>
            </emission>
            <ambient>
              <color>0.000000 0.000000 0.000000 1.000000</color>
            </ambient>
            <diffuse>
              <color>0.980392 0.980392 0.980392 1.000000</color>
            </diffuse>
            <specular>
              <color>1.000000 1.000000 1.000000 1.000000</color>
            </specular>
            <reflective>
              <color>1.000000 1.000000 1.000000 1.000000</color>
            </reflective>
            <reflectivity>
              <float>1.000000</float>
            </reflectivity>
            <transparent>
              <color>1.000000 1.000000 1.000000 1.000000</color>
            </transparent>
            <transparency>
              <float>1.000000</float>
            </transparency>
            <index_of_refraction>
              <float>0.000000</float>
            </index_of_refraction>
          </phong>
        </technique>
      </profile_COMMON>
      <extra>
        <technique profile="Rhino">
          <appearance_hash>2282175632</appearance_hash>
        </technique>
      </extra>
    </effect>
  </library_effects>
  <library_geometries>
    <geometry id="mesh-bb62995d-4e48-4643-a997-3ac341f075dc" name="NONE">
      <mesh>
        <source id="lib-position-bb62995d-4e48-4643-a997-3ac341f075dc" name="position">
          <float_array id="lib-position-array-bb62995d-4e48-4643-a997-3ac341f075dc" count="2211" digits="17" magnitude="308">-28.358638763427734 282.2415771484375 85.45919799804688 -28.374347686767578 282.0094909667969 86.45919799804688 -28.374347686767578 282.0094909667969 87.45919799804688 -28.374347686767578 282.0094909667969 88.45919799804688 -28.384750366210938 281.7740478515625 86.45919799804688 -28.384750366210938 281.7740478515625 87.45919799804688 -28.384750366210938 281.7740478515625 88.45919799804688 -28.389612197875977 281.53753662109375 86.45919799804688 -28.389612197875977 281.53753662109375 87.45919799804688 -28.389612197875977 281.53753662109375 88.45919799804688 -28.388877868652344 281.3009338378906 85.45919799804688 -28.388877868652344 281.3009338378906 89.45919799804688 -28.384830474853516 281.7716064453125 85.45919799804688 -28.388877868652344 281.3009338378906 86.12586212158203 -28.388877868652344 281.3009338378906 86.79253387451172 -28.388877868652344 281.3009338378906 87.45919799804688 -28.388877868652344 281.3009338378906 88.12586212158203 -28.388877868652344 281.3009338378906 88.79253387451172 -28.384830474853516 281.7716064453125 89.45919799804688 -28.358638763427734 282.2415771484375 89.45919799804688 -28.358638763427734 282.2415771484375 88.79253387451172 -28.358638763427734 282.2415771484375 88.12586212158203 -28.358638763427734 282.2415771484375 87.45919799804688 -28.358638763427734 282.2415771484375 86.79253387451172 -28.358638763427734 282.2415771484375 86.12586212158203 -20.575584411621094 293.85968017578125 83.95919799804688 -20.59798812866211 295.3595275878906 85.45919799804688 -20.5867862701416 294.6095886230469 84.70919799804688 -22.110450744628906 293.5653381347656 83.95919799804688 -23.45208168029785 292.7637939453125 83.95919799804688 -24.438657760620117 291.5517272949219 83.95919799804688 -24.951183319091797 290.0753173828125 83.95919799804688 -24.927841186523438 288.5126647949219 83.95919799804688 -24.37144660949707 287.05224609375 83.95919799804688 -23.349105834960938 285.87017822265625 83.95919799804688 -21.984132766723633 285.10906982421875 83.95919799804688 -20.441160202026367 284.8606872558594 83.95919799804688 -20.42995834350586 284.11077880859375 84.70919799804688 -20.41875648498535 283.3608703613281 85.45919799804688 -21.910999298095703 283.52642822265625 85.45919799804688 -23.315414428710938 284.05731201171875 85.45919799804688 -24.5440616607666 284.92022705078125 85.45919799804688 -25.52000617980957 286.0611572265625 85.45919799804688 -26.182138442993164 287.40869140625 85.45919799804688 -26.488996505737305 288.8783874511719 85.45919799804688 -26.421367645263672 290.3782653808594 85.45919799804688 -25.98348617553711 291.81439208984375 85.45919799804688 -25.29108238220215 292.9831237792969 85.45919799804688 -24.353519439697266 293.9661560058594 85.45919799804688 -23.218852996826172 294.71307373046875 85.45919799804688 -21.945247650146484 295.18560791015625 85.45919799804688 -20.41875648498535 283.3608703613281 89.45919799804688 -20.575584411621094 293.85968017578125 90.95919799804688 -20.42995834350586 284.11077880859375 90.20919799804688 -20.441160202026367 284.8606872558594 90.95919799804688 -21.984132766723633 285.10906982421875 90.95919799804688 -23.349105834960938 285.87017822265625 90.95919799804688 -24.37144660949707 287.05224609375 90.95919799804688 -24.927841186523438 288.5126647949219 90.95919799804688 -24.951183319091797 290.0753173828125 90.95919799804688 -24.438657760620117 291.5517272949219 90.95919799804688 -23.45208168029785 292.7637939453125 90.95919799804688 -22.110450744628906 293.5653381347656 90.95919799804688 -20.5867862701416 294.6095886230469 90.20919799804688 -20.59798812866211 295.3595275878906 89.45919799804688 -21.945247650146484 295.18560791015625 89.45919799804688 -23.218852996826172 294.71307373046875 89.45919799804688 -24.353519439697266 293.9661560058594 89.45919799804688 -25.29108238220215 292.9831237792969 89.45919799804688 -25.98348617553711 291.81439208984375 89.45919799804688 -26.421367645263672 290.3782653808594 89.45919799804688 -26.488996505737305 288.8783874511719 89.45919799804688 -26.182138442993164 287.40869140625 89.45919799804688 -25.52000617980957 286.0611572265625 89.45919799804688 -24.5440616607666 284.92022705078125 89.45919799804688 -23.315414428710938 284.05731201171875 89.45919799804688 -21.910999298095703 283.52642822265625 89.45919799804688 -20.575584411621094 293.85968017578125 90.95919799804688 -22.110450744628906 293.5653381347656 90.95919799804688 -23.45208168029785 292.7637939453125 90.95919799804688 -24.438657760620117 291.5517272949219 90.95919799804688 -24.951183319091797 290.0753173828125 90.95919799804688 -24.927841186523438 288.5126647949219 90.95919799804688 -24.37144660949707 287.05224609375 90.95919799804688 -23.349105834960938 285.87017822265625 90.95919799804688 -21.984132766723633 285.10906982421875 90.95919799804688 -20.441160202026367 284.8606872558594 90.95919799804688 -20.56064796447754 292.85980224609375 90.95919799804688 -19.217426300048828 292.6134033203125 90.95919799804688 -18.07073974609375 291.87176513671875 90.95919799804688 -17.2951602935791 290.74774169921875 90.95919799804688 -17.00876235961914 289.4124755859375 90.95919799804688 -17.255149841308594 288.0692443847656 90.95919799804688 -17.996809005737305 286.92254638671875 90.95919799804688 -19.120832443237305 286.14697265625 90.95919799804688 -20.456096649169922 285.8605651855469 90.95919799804688 -21.799318313598633 286.1069641113281 90.95919799804688 -22.94600486755371 286.8486328125 90.95919799804688 -23.72158432006836 287.97265625 90.95919799804688 -24.00798225402832 289.30792236328125 90.95919799804688 -23.761594772338867 290.651123046875 90.95919799804688 -23.019935607910156 291.7978210449219 90.95919799804688 -21.895912170410156 292.5733947753906 90.95919799804688 -18.906293869018555 285.155029296875 90.95919799804688 -17.56466293334961 285.9565734863281 90.95919799804688 -16.578086853027344 287.16864013671875 90.95919799804688 -16.065561294555664 288.6450500488281 90.95919799804688 -16.088903427124023 290.20770263671875 90.95919799804688 -16.645299911499023 291.66815185546875 90.95919799804688 -17.667638778686523 292.8502197265625 90.95919799804688 -19.032611846923828 293.611328125 90.95919799804688 -20.456096649169922 285.8605651855469 83.95919799804688 -17.00876235961914 289.4124755859375 90.95919799804688 -20.56064796447754 292.85980224609375 83.95919799804688 -20.56064796447754 292.85980224609375 86.29253387451172 -20.56064796447754 292.85980224609375 88.62586212158203 -19.120832443237305 286.14697265625 83.95919799804688 -17.996809005737305 286.92254638671875 83.95919799804688 -17.255149841308594 288.0692443847656 83.95919799804688 -17.00876235961914 289.4124755859375 83.95919799804688 -17.2951602935791 290.74774169921875 83.95919799804688 -18.07073974609375 291.87176513671875 83.95919799804688 -19.217426300048828 292.6134033203125 83.95919799804688 -20.456096649169922 285.8605651855469 90.95919799804688 -20.456096649169922 285.8605651855469 88.62586212158203 -20.456096649169922 285.8605651855469 86.29253387451172 -20.56064796447754 292.85980224609375 90.95919799804688 -19.217426300048828 292.6134033203125 90.95919799804688 -18.07073974609375 291.87176513671875 90.95919799804688 -17.2951602935791 290.74774169921875 90.95919799804688 -17.255149841308594 288.0692443847656 90.95919799804688 -17.996809005737305 286.92254638671875 90.95919799804688 -19.120832443237305 286.14697265625 90.95919799804688 -19.120832443237305 286.14697265625 87.45919799804688 -17.255149841308594 288.0692443847656 87.45919799804688 -17.00876235961914 289.4124755859375 87.45919799804688 -17.2951602935791 290.74774169921875 87.45919799804688 -18.07073974609375 291.87176513671875 87.45919799804688 -19.217426300048828 292.6134033203125 87.45919799804688 -20.441160202026367 284.8606872558594 83.95919799804688 -21.984132766723633 285.10906982421875 83.95919799804688 -23.349105834960938 285.87017822265625 83.95919799804688 -24.37144660949707 287.05224609375 83.95919799804688 -24.927841186523438 288.5126647949219 83.95919799804688 -24.951183319091797 290.0753173828125 83.95919799804688 -24.438657760620117 291.5517272949219 83.95919799804688 -23.45208168029785 292.7637939453125 83.95919799804688 -22.110450744628906 293.5653381347656 83.95919799804688 -20.575584411621094 293.85968017578125 83.95919799804688 -20.456096649169922 285.8605651855469 83.95919799804688 -19.120832443237305 286.14697265625 83.95919799804688 -17.996809005737305 286.92254638671875 83.95919799804688 -17.255149841308594 288.0692443847656 83.95919799804688 -17.00876235961914 289.4124755859375 83.95919799804688 -17.2951602935791 290.74774169921875 83.95919799804688 -18.07073974609375 291.87176513671875 83.95919799804688 -19.217426300048828 292.6134033203125 83.95919799804688 -20.56064796447754 292.85980224609375 83.95919799804688 -21.895912170410156 292.5733947753906 83.95919799804688 -23.019935607910156 291.7978210449219 83.95919799804688 -23.761594772338867 290.651123046875 83.95919799804688 -24.00798225402832 289.30792236328125 83.95919799804688 -23.72158432006836 287.97265625 83.95919799804688 -22.94600486755371 286.8486328125 83.95919799804688 -21.799318313598633 286.1069641113281 83.95919799804688 -19.032611846923828 293.611328125 83.95919799804688 -17.667638778686523 292.8502197265625 83.95919799804688 -16.645299911499023 291.66815185546875 83.95919799804688 -16.088903427124023 290.20770263671875 83.95919799804688 -16.065561294555664 288.6450500488281 83.95919799804688 -16.578086853027344 287.16864013671875 83.95919799804688 -17.56466293334961 285.9565734863281 83.95919799804688 -18.906293869018555 285.155029296875 83.95919799804688 -18.52187156677246 156.37503051757812 84.45919799804688 -18.31276512145996 142.3765869140625 84.45919799804688 -18.31276512145996 142.3765869140625 88.45919799804688 -18.31276512145996 142.3765869140625 86.45919799804688 -18.52187156677246 156.37503051757812 88.45919799804688 -16.54572868347168 156.12095642089844 88.45919799804688 -14.721210479736328 155.32044982910156 88.45919799804688 -13.196128845214844 154.038330078125 88.45919799804688 -12.094037055969238 152.3784942626953 88.45919799804688 -11.504220962524414 150.4753875732422 88.45919799804688 -11.474461555480957 148.4832000732422 88.45919799804688 -12.007171630859375 146.56332397460938 88.45919799804688 -13.05919361114502 144.87130737304688 88.45919799804688 -14.545299530029297 143.54421997070312 88.45919799804688 -16.3450927734375 142.68955993652344 88.45919799804688 -18.52187156677246 156.37503051757812 86.45919799804688 -16.3450927734375 142.68955993652344 84.45919799804688 -14.545299530029297 143.54421997070312 84.45919799804688 -13.05919361114502 144.87130737304688 84.45919799804688 -12.007171630859375 146.56332397460938 84.45919799804688 -11.474461555480957 148.4832000732422 84.45919799804688 -11.504220962524414 150.4753875732422 84.45919799804688 -12.094037055969238 152.3784942626953 84.45919799804688 -13.196128845214844 154.038330078125 84.45919799804688 -14.721210479736328 155.32044982910156 84.45919799804688 -16.54572868347168 156.12095642089844 84.45919799804688 -10.768216133117676 153.0827178955078 88.45919799804688 -26.066421508789062 145.66888427734375 88.45919799804688 -26.066421508789062 145.66888427734375 86.45919799804688 -26.066421508789062 145.66888427734375 84.45919799804688 -24.846363067626953 143.81546020507812 84.45919799804688 -23.18817710876465 142.34097290039062 84.45919799804688 -21.204864501953125 141.34588623046875 84.45919799804688 -19.031585693359375 140.8980255126953 84.45919799804688 -16.81644630432129 141.02792358398438 84.45919799804688 -14.71040153503418 141.72669982910156 84.45919799804688 -12.856978416442871 142.94676208496094 84.45919799804688 -11.38248348236084 144.60494995117188 84.45919799804688 -10.38740062713623 146.5882568359375 84.45919799804688 -9.939542770385742 148.76153564453125 84.45919799804688 -10.069432258605957 150.9766845703125 84.45919799804688 -10.768216133117676 153.0827178955078 84.45919799804688 -10.768216133117676 153.0827178955078 86.45919799804688 -10.069432258605957 150.9766845703125 88.45919799804688 -9.939542770385742 148.76153564453125 88.45919799804688 -10.38740062713623 146.5882568359375 88.45919799804688 -11.38248348236084 144.60494995117188 88.45919799804688 -12.856978416442871 142.94676208496094 88.45919799804688 -14.71040153503418 141.72669982910156 88.45919799804688 -16.81644630432129 141.02792358398438 88.45919799804688 -19.031585693359375 140.8980255126953 88.45919799804688 -21.204864501953125 141.34588623046875 88.45919799804688 -23.18817710876465 142.34097290039062 88.45919799804688 -24.846363067626953 143.81546020507812 88.45919799804688 -10.768216133117676 153.0827178955078 84.45919799804688 -10.768216133117676 153.0827178955078 88.45919799804688 -12.748077392578125 157.63446044921875 84.45919799804688 -12.748077392578125 157.63446044921875 85.45919799804688 -12.748077392578125 157.63446044921875 86.45919799804688 -12.748077392578125 157.63446044921875 87.45919799804688 -12.748077392578125 157.63446044921875 88.45919799804688 -13.931513786315918 161.53733825683594 84.45919799804688 -13.931513786315918 161.53733825683594 85.45919799804688 -13.931513786315918 161.53733825683594 86.45919799804688 -13.931513786315918 161.53733825683594 87.45919799804688 -13.931513786315918 161.53733825683594 88.45919799804688 -14.520369529724121 165.30056762695312 84.45919799804688 -14.520369529724121 165.30056762695312 85.45919799804688 -14.520369529724121 165.30056762695312 86.45919799804688 -14.520369529724121 165.30056762695312 87.45919799804688 -14.520369529724121 165.30056762695312 88.45919799804688 -14.716486930847168 169.43331909179688 84.45919799804688 -14.716486930847168 169.43331909179688 85.45919799804688 -14.716486930847168 169.43331909179688 86.45919799804688 -14.716486930847168 169.43331909179688 87.45919799804688 -14.716486930847168 169.43331909179688 88.45919799804688 -10.768216133117676 153.0827178955078 86.45919799804688 -26.71514892578125 169.25408935546875 84.45919799804688 -26.71514892578125 169.25408935546875 85.79253387451172 -26.71514892578125 169.25408935546875 87.12586212158203 -26.71514892578125 169.25408935546875 88.45919799804688 -27.01420783996582 163.3705291748047 84.45919799804688 -27.01420783996582 163.3705291748047 85.79253387451172 -27.01420783996582 163.3705291748047 87.12586212158203 -27.01420783996582 163.3705291748047 88.45919799804688 -27.541460037231445 157.14730834960938 84.45919799804688 -27.541460037231445 157.14730834960938 85.79253387451172 -27.541460037231445 157.14730834960938 87.12586212158203 -27.541460037231445 157.14730834960938 88.45919799804688 -27.63955307006836 154.0635528564453 84.45919799804688 -27.63955307006836 154.0635528564453 85.79253387451172 -27.63955307006836 154.0635528564453 87.12586212158203 -27.63955307006836 154.0635528564453 88.45919799804688 -27.493371963500977 151.0811767578125 84.45919799804688 -27.493371963500977 151.0811767578125 85.79253387451172 -27.493371963500977 151.0811767578125 87.12586212158203 -27.493371963500977 151.0811767578125 88.45919799804688 -27.00247573852539 148.2622528076172 84.45919799804688 -27.00247573852539 148.2622528076172 85.79253387451172 -27.00247573852539 148.2622528076172 87.12586212158203 -27.00247573852539 148.2622528076172 88.45919799804688 -26.066421508789062 145.66888427734375 84.45919799804688 -26.066421508789062 145.66888427734375 88.45919799804688 -26.066421508789062 145.66888427734375 86.45919799804688 -15.033258438110352 286.9059753417969 89.45919799804688 -20.59798812866211 295.3595275878906 85.45919799804688 -21.945247650146484 295.18560791015625 85.45919799804688 -23.218852996826172 294.71307373046875 85.45919799804688 -24.353519439697266 293.9661560058594 85.45919799804688 -25.29108238220215 292.9831237792969 85.45919799804688 -25.98348617553711 291.81439208984375 89.45919799804688 -25.29108238220215 292.9831237792969 89.45919799804688 -24.353519439697266 293.9661560058594 89.45919799804688 -23.218852996826172 294.71307373046875 89.45919799804688 -21.945247650146484 295.18560791015625 89.45919799804688 -15.033258438110352 286.9059753417969 88.12586212158203 -15.033258438110352 286.9059753417969 86.79253387451172 -15.033258438110352 286.9059753417969 85.45919799804688 -14.62605094909668 288.1777038574219 85.45919799804688 -14.51019287109375 289.5079650878906 85.45919799804688 -14.691421508789062 290.8309326171875 85.45919799804688 -15.160761833190918 292.0810546875 85.45919799804688 -15.894966125488281 293.1964111328125 85.45919799804688 -16.8576717376709 294.1217346191406 85.45919799804688 -18.00119400024414 294.8112487792969 85.45919799804688 -19.268896102905273 295.23077392578125 85.45919799804688 -25.98348617553711 291.81439208984375 85.45919799804688 -25.98348617553711 291.81439208984375 86.79253387451172 -25.98348617553711 291.81439208984375 88.12586212158203 -20.59798812866211 295.3595275878906 89.45919799804688 -19.268896102905273 295.23077392578125 89.45919799804688 -18.00119400024414 294.8112487792969 89.45919799804688 -16.8576717376709 294.1217346191406 89.45919799804688 -15.894966125488281 293.1964111328125 89.45919799804688 -15.160761833190918 292.0810546875 89.45919799804688 -14.691421508789062 290.8309326171875 89.45919799804688 -14.51019287109375 289.5079650878906 89.45919799804688 -14.62605094909668 288.1777038574219 89.45919799804688 -14.631853103637695 288.1492004394531 87.45919799804688 -14.641800880432129 290.6184997558594 87.45919799804688 -15.000008583068848 291.73883056640625 87.45919799804688 -15.569899559020996 292.76776123046875 87.45919799804688 -17.249835968017578 294.3982238769531 87.45919799804688 -16.329572677612305 293.66571044921875 87.45919799804688 -18.29532241821289 294.9371337890625 87.45919799804688 -19.42585563659668 295.26171875 87.45919799804688 -20.59798812866211 295.3595275878906 87.45919799804688 -23.807392120361328 294.371826171875 87.45919799804688 -22.273195266723633 295.0947570800781 87.45919799804688 -25.0779972076416 293.2484436035156 87.45919799804688 -16.21009635925293 269.4221496582031 85.45919799804688 -16.21009635925293 269.4221496582031 86.45919799804688 -16.21009635925293 269.4221496582031 87.45919799804688 -16.21009635925293 269.4221496582031 88.45919799804688 -16.21009635925293 269.4221496582031 89.45919799804688 -16.778514862060547 278.0482482910156 85.45919799804688 -16.778514862060547 278.0482482910156 86.45919799804688 -16.778514862060547 278.0482482910156 87.45919799804688 -16.778514862060547 278.0482482910156 88.45919799804688 -16.778514862060547 278.0482482910156 89.45919799804688 -16.744583129882812 280.1200866699219 85.45919799804688 -16.744583129882812 280.1200866699219 86.45919799804688 -16.744583129882812 280.1200866699219 87.45919799804688 -16.744583129882812 280.1200866699219 88.45919799804688 -16.744583129882812 280.1200866699219 89.45919799804688 -16.491857528686523 282.2547302246094 85.45919799804688 -16.491857528686523 282.2547302246094 86.45919799804688 -16.491857528686523 282.2547302246094 87.45919799804688 -16.491857528686523 282.2547302246094 88.45919799804688 -16.491857528686523 282.2547302246094 89.45919799804688 -15.946145057678223 284.5005798339844 85.45919799804688 -15.946145057678223 284.5005798339844 86.45919799804688 -15.946145057678223 284.5005798339844 87.45919799804688 -15.946145057678223 284.5005798339844 88.45919799804688 -15.946145057678223 284.5005798339844 89.45919799804688 -15.033258438110352 286.9059753417969 85.45919799804688 -15.033258438110352 286.9059753417969 89.45919799804688 -15.033258438110352 286.9059753417969 86.79253387451172 -15.033258438110352 286.9059753417969 88.12586212158203 -27.61131477355957 229.2473907470703 85.45919799804688 -27.536598205566406 224.24560546875 85.30294799804688 -27.461952209472656 219.24850463867188 84.95919799804688 -27.38730812072754 214.25140380859375 84.61544799804688 -27.312591552734375 209.24961853027344 84.45919799804688 -24.611648559570312 229.29220581054688 85.45919799804688 -24.53693389892578 224.29042053222656 85.30294799804688 -24.46228790283203 219.29331970214844 84.95919799804688 -24.38764190673828 214.2962188720703 84.61544799804688 -24.31292724609375 209.29443359375 84.45919799804688 -21.611982345581055 229.33700561523438 85.45919799804688 -21.537267684936523 224.33522033691406 85.30294799804688 -21.462621688842773 219.33811950683594 84.95919799804688 -21.387977600097656 214.3410186767578 84.61544799804688 -21.313261032104492 209.3392333984375 84.45919799804688 -18.61231803894043 229.38182067871094 85.45919799804688 -18.5376033782959 224.38003540039062 85.30294799804688 -18.46295738220215 219.3829345703125 84.95919799804688 -18.3883113861084 214.38583374023438 84.61544799804688 -18.313596725463867 209.38404846191406 84.45919799804688 -15.612652778625488 229.42662048339844 85.45919799804688 -15.53793716430664 224.42483520507812 85.30294799804688 -15.46329116821289 219.42774963378906 84.95919799804688 -15.388646125793457 214.43064880371094 84.61544799804688 -15.31393051147461 209.42886352539062 84.45919799804688 -15.612652778625488 229.42662048339844 89.45919799804688 -15.53793716430664 224.42483520507812 89.30294799804688 -15.46329116821289 219.42774963378906 88.95919799804688 -15.388646125793457 214.43064880371094 88.61544799804688 -15.31393051147461 209.42886352539062 88.45919799804688 -18.61231803894043 229.38182067871094 89.45919799804688 -18.5376033782959 224.38003540039062 89.30294799804688 -18.46295738220215 219.3829345703125 88.95919799804688 -18.3883113861084 214.38583374023438 88.61544799804688 -18.313596725463867 209.38404846191406 88.45919799804688 -21.611982345581055 229.33700561523438 89.45919799804688 -21.537267684936523 224.33522033691406 89.30294799804688 -21.462621688842773 219.33811950683594 88.95919799804688 -21.387977600097656 214.3410186767578 88.61544799804688 -21.313261032104492 209.3392333984375 88.45919799804688 -24.611648559570312 229.29220581054688 89.45919799804688 -24.53693389892578 224.29042053222656 89.30294799804688 -24.46228790283203 219.29331970214844 88.95919799804688 -24.38764190673828 214.2962188720703 88.61544799804688 -24.31292724609375 209.29443359375 88.45919799804688 -27.61131477355957 229.2473907470703 89.45919799804688 -27.536598205566406 224.24560546875 89.30294799804688 -27.461952209472656 219.24850463867188 88.95919799804688 -27.38730812072754 214.25140380859375 88.61544799804688 -27.312591552734375 209.24961853027344 88.45919799804688 -14.716486930847168 169.43331909179688 84.45919799804688 -16.21009635925293 269.4221496582031 89.45919799804688 -14.716486930847168 169.43331909179688 85.45919799804688 -14.716486930847168 169.43331909179688 86.45919799804688 -14.716486930847168 169.43331909179688 87.45919799804688 -14.716486930847168 169.43331909179688 88.45919799804688 -16.21009635925293 269.4221496582031 88.45919799804688 -16.21009635925293 269.4221496582031 87.45919799804688 -16.21009635925293 269.4221496582031 86.45919799804688 -16.21009635925293 269.4221496582031 85.45919799804688 -15.612652778625488 229.42662048339844 85.45919799804688 -15.53793716430664 224.42483520507812 85.30294799804688 -15.46329116821289 219.42774963378906 84.95919799804688 -15.388646125793457 214.43064880371094 84.61544799804688 -15.31393051147461 209.42886352539062 84.45919799804688 -15.31393051147461 209.42886352539062 88.45919799804688 -15.388646125793457 214.43064880371094 88.61544799804688 -15.46329116821289 219.42774963378906 88.95919799804688 -15.53793716430664 224.42483520507812 89.30294799804688 -15.612652778625488 229.42662048339844 89.45919799804688 -26.71514892578125 169.25408935546875 84.45919799804688 -28.388877868652344 281.3009338378906 89.45919799804688 -28.388877868652344 281.3009338378906 85.45919799804688 -28.388877868652344 281.3009338378906 86.12586212158203 -28.388877868652344 281.3009338378906 86.79253387451172 -28.388877868652344 281.3009338378906 87.45919799804688 -28.388877868652344 281.3009338378906 88.12586212158203 -28.388877868652344 281.3009338378906 88.79253387451172 -26.71514892578125 169.25408935546875 88.45919799804688 -26.71514892578125 169.25408935546875 87.12586212158203 -26.71514892578125 169.25408935546875 85.79253387451172 -27.312591552734375 209.24961853027344 84.45919799804688 -27.38730812072754 214.25140380859375 84.61544799804688 -27.461952209472656 219.24850463867188 84.95919799804688 -27.536598205566406 224.24560546875 85.30294799804688 -27.61131477355957 229.2473907470703 85.45919799804688 -27.61131477355957 229.2473907470703 89.45919799804688 -27.536598205566406 224.24560546875 89.30294799804688 -27.461952209472656 219.24850463867188 88.95919799804688 -27.38730812072754 214.25140380859375 88.61544799804688 -27.312591552734375 209.24961853027344 88.45919799804688 -18.31276512145996 142.3765869140625 88.45919799804688 -16.3450927734375 142.68955993652344 88.45919799804688 -14.545299530029297 143.54421997070312 88.45919799804688 -13.05919361114502 144.87130737304688 88.45919799804688 -12.007171630859375 146.56332397460938 88.45919799804688 -11.474461555480957 148.4832000732422 88.45919799804688 -11.504220962524414 150.4753875732422 88.45919799804688 -12.094037055969238 152.3784942626953 88.45919799804688 -13.196128845214844 154.038330078125 88.45919799804688 -14.721210479736328 155.32044982910156 88.45919799804688 -16.54572868347168 156.12095642089844 88.45919799804688 -18.52187156677246 156.37503051757812 88.45919799804688 -10.768216133117676 153.0827178955078 88.45919799804688 -10.069432258605957 150.9766845703125 88.45919799804688 -9.939542770385742 148.76153564453125 88.45919799804688 -10.38740062713623 146.5882568359375 88.45919799804688 -11.38248348236084 144.60494995117188 88.45919799804688 -12.856978416442871 142.94676208496094 88.45919799804688 -14.71040153503418 141.72669982910156 88.45919799804688 -16.81644630432129 141.02792358398438 88.45919799804688 -19.031585693359375 140.8980255126953 88.45919799804688 -21.204864501953125 141.34588623046875 88.45919799804688 -23.18817710876465 142.34097290039062 88.45919799804688 -24.846363067626953 143.81546020507812 88.45919799804688 -26.066421508789062 145.66888427734375 88.45919799804688 -14.716486930847168 169.43331909179688 88.45919799804688 -14.520369529724121 165.30056762695312 88.45919799804688 -13.931513786315918 161.53733825683594 88.45919799804688 -12.748077392578125 157.63446044921875 88.45919799804688 -27.00247573852539 148.2622528076172 88.45919799804688 -27.493371963500977 151.0811767578125 88.45919799804688 -27.63955307006836 154.0635528564453 88.45919799804688 -27.541460037231445 157.14730834960938 88.45919799804688 -27.01420783996582 163.3705291748047 88.45919799804688 -26.71514892578125 169.25408935546875 88.45919799804688 -27.312591552734375 209.24961853027344 88.45919799804688 -24.31292724609375 209.29443359375 88.45919799804688 -21.313261032104492 209.3392333984375 88.45919799804688 -18.313596725463867 209.38404846191406 88.45919799804688 -15.31393051147461 209.42886352539062 88.45919799804688 -20.489543914794922 156.0620574951172 88.45919799804688 -22.289337158203125 155.2073974609375 88.45919799804688 -23.775442123413086 153.88031005859375 88.45919799804688 -24.827465057373047 152.1882781982422 88.45919799804688 -25.36017417907715 150.26841735839844 88.45919799804688 -25.330415725708008 148.27622985839844 88.45919799804688 -24.740598678588867 146.3731231689453 88.45919799804688 -23.638507843017578 144.71327209472656 88.45919799804688 -22.113426208496094 143.43116760253906 88.45919799804688 -20.288908004760742 142.63064575195312 88.45919799804688 -18.31276512145996 142.3765869140625 84.45919799804688 -16.3450927734375 142.68955993652344 84.45919799804688 -14.545299530029297 143.54421997070312 84.45919799804688 -13.05919361114502 144.87130737304688 84.45919799804688 -12.007171630859375 146.56332397460938 84.45919799804688 -11.474461555480957 148.4832000732422 84.45919799804688 -11.504220962524414 150.4753875732422 84.45919799804688 -12.094037055969238 152.3784942626953 84.45919799804688 -13.196128845214844 154.038330078125 84.45919799804688 -14.721210479736328 155.32044982910156 84.45919799804688 -16.54572868347168 156.12095642089844 84.45919799804688 -18.52187156677246 156.37503051757812 84.45919799804688 -10.768216133117676 153.0827178955078 84.45919799804688 -10.069432258605957 150.9766845703125 84.45919799804688 -9.939542770385742 148.76153564453125 84.45919799804688 -10.38740062713623 146.5882568359375 84.45919799804688 -11.38248348236084 144.60494995117188 84.45919799804688 -12.856978416442871 142.94676208496094 84.45919799804688 -14.71040153503418 141.72669982910156 84.45919799804688 -16.81644630432129 141.02792358398438 84.45919799804688 -19.031585693359375 140.8980255126953 84.45919799804688 -21.204864501953125 141.34588623046875 84.45919799804688 -23.18817710876465 142.34097290039062 84.45919799804688 -24.846363067626953 143.81546020507812 84.45919799804688 -26.066421508789062 145.66888427734375 84.45919799804688 -14.716486930847168 169.43331909179688 84.45919799804688 -14.520369529724121 165.30056762695312 84.45919799804688 -13.931513786315918 161.53733825683594 84.45919799804688 -12.748077392578125 157.63446044921875 84.45919799804688 -27.00247573852539 148.2622528076172 84.45919799804688 -27.493371963500977 151.0811767578125 84.45919799804688 -27.63955307006836 154.0635528564453 84.45919799804688 -27.541460037231445 157.14730834960938 84.45919799804688 -27.01420783996582 163.3705291748047 84.45919799804688 -26.71514892578125 169.25408935546875 84.45919799804688 -27.312591552734375 209.24961853027344 84.45919799804688 -24.31292724609375 209.29443359375 84.45919799804688 -21.313261032104492 209.3392333984375 84.45919799804688 -18.313596725463867 209.38404846191406 84.45919799804688 -15.31393051147461 209.42886352539062 84.45919799804688 -20.489543914794922 156.0620574951172 84.45919799804688 -22.289337158203125 155.2073974609375 84.45919799804688 -23.775442123413086 153.88031005859375 84.45919799804688 -24.827465057373047 152.1882781982422 84.45919799804688 -25.36017417907715 150.26841735839844 84.45919799804688 -25.330415725708008 148.27622985839844 84.45919799804688 -24.740598678588867 146.3731231689453 84.45919799804688 -23.638507843017578 144.71327209472656 84.45919799804688 -22.113426208496094 143.43116760253906 84.45919799804688 -20.288908004760742 142.63064575195312 84.45919799804688 -25.98348617553711 291.81439208984375 85.45919799804688 -25.98348617553711 291.81439208984375 89.45919799804688 -26.943361282348633 289.3661193847656 85.45919799804688 -26.943361282348633 289.3661193847656 86.45919799804688 -26.943361282348633 289.3661193847656 87.45919799804688 -26.943361282348633 289.3661193847656 88.45919799804688 -26.943361282348633 289.3661193847656 89.45919799804688 -27.63250732421875 286.9610900878906 85.45919799804688 -27.63250732421875 286.9610900878906 86.45919799804688 -27.63250732421875 286.9610900878906 87.45919799804688 -27.63250732421875 286.9610900878906 88.45919799804688 -27.63250732421875 286.9610900878906 89.45919799804688 -28.090930938720703 284.5895080566406 85.45919799804688 -28.090930938720703 284.5895080566406 86.45919799804688 -28.090930938720703 284.5895080566406 87.45919799804688 -28.090930938720703 284.5895080566406 88.45919799804688 -28.090930938720703 284.5895080566406 89.45919799804688 -28.358638763427734 282.2415771484375 85.45919799804688 -28.358638763427734 282.2415771484375 87.45919799804688 -28.358638763427734 282.2415771484375 89.45919799804688 -28.358638763427734 282.2415771484375 86.12586212158203 -28.358638763427734 282.2415771484375 86.79253387451172 -28.358638763427734 282.2415771484375 88.12586212158203 -28.358638763427734 282.2415771484375 88.79253387451172 -25.98348617553711 291.81439208984375 88.12586212158203 -25.98348617553711 291.81439208984375 86.79253387451172 -28.388877868652344 281.3009338378906 89.45919799804688 -28.384830474853516 281.7716064453125 89.45919799804688 -28.358638763427734 282.2415771484375 89.45919799804688 -25.98348617553711 291.81439208984375 89.45919799804688 -26.421367645263672 290.3782653808594 89.45919799804688 -26.488996505737305 288.8783874511719 89.45919799804688 -26.182138442993164 287.40869140625 89.45919799804688 -25.52000617980957 286.0611572265625 89.45919799804688 -24.5440616607666 284.92022705078125 89.45919799804688 -23.315414428710938 284.05731201171875 89.45919799804688 -21.910999298095703 283.52642822265625 89.45919799804688 -20.41875648498535 283.3608703613281 89.45919799804688 -15.033258438110352 286.9059753417969 89.45919799804688 -15.946145057678223 284.5005798339844 89.45919799804688 -16.491857528686523 282.2547302246094 89.45919799804688 -16.744583129882812 280.1200866699219 89.45919799804688 -16.778514862060547 278.0482482910156 89.45919799804688 -16.21009635925293 269.4221496582031 89.45919799804688 -15.612652778625488 229.42662048339844 89.45919799804688 -18.61231803894043 229.38182067871094 89.45919799804688 -21.611982345581055 229.33700561523438 89.45919799804688 -24.611648559570312 229.29220581054688 89.45919799804688 -27.61131477355957 229.2473907470703 89.45919799804688 -28.090930938720703 284.5895080566406 89.45919799804688 -27.63250732421875 286.9610900878906 89.45919799804688 -26.943361282348633 289.3661193847656 89.45919799804688 -19.071496963500977 283.5347900390625 89.45919799804688 -17.79789161682129 284.00732421875 89.45919799804688 -16.663225173950195 284.7542419433594 89.45919799804688 -15.725662231445312 285.73724365234375 89.45919799804688 -27.61131477355957 229.2473907470703 85.45919799804688 -28.388877868652344 281.3009338378906 85.45919799804688 -28.384830474853516 281.7716064453125 85.45919799804688 -28.358638763427734 282.2415771484375 85.45919799804688 -25.98348617553711 291.81439208984375 85.45919799804688 -26.421367645263672 290.3782653808594 85.45919799804688 -26.488996505737305 288.8783874511719 85.45919799804688 -26.182138442993164 287.40869140625 85.45919799804688 -25.52000617980957 286.0611572265625 85.45919799804688 -24.5440616607666 284.92022705078125 85.45919799804688 -23.315414428710938 284.05731201171875 85.45919799804688 -21.910999298095703 283.52642822265625 85.45919799804688 -20.41875648498535 283.3608703613281 85.45919799804688 -15.033258438110352 286.9059753417969 85.45919799804688 -15.946145057678223 284.5005798339844 85.45919799804688 -16.491857528686523 282.2547302246094 85.45919799804688 -16.744583129882812 280.1200866699219 85.45919799804688 -16.778514862060547 278.0482482910156 85.45919799804688 -16.21009635925293 269.4221496582031 85.45919799804688 -15.612652778625488 229.42662048339844 85.45919799804688 -18.61231803894043 229.38182067871094 85.45919799804688 -21.611982345581055 229.33700561523438 85.45919799804688 -24.611648559570312 229.29220581054688 85.45919799804688 -28.090930938720703 284.5895080566406 85.45919799804688 -27.63250732421875 286.9610900878906 85.45919799804688 -26.943361282348633 289.3661193847656 85.45919799804688 -19.071496963500977 283.5347900390625 85.45919799804688 -17.79789161682129 284.00732421875 85.45919799804688 -16.663225173950195 284.7542419433594 85.45919799804688 -15.725662231445312 285.73724365234375 85.45919799804688 -18.31276512145996 142.3765869140625 88.45919799804688 -18.52187156677246 156.37503051757812 88.45919799804688 -18.31276512145996 142.3765869140625 84.45919799804688 -18.31276512145996 142.3765869140625 86.45919799804688 -18.52187156677246 156.37503051757812 86.45919799804688 -20.288908004760742 142.63064575195312 88.45919799804688 -22.113426208496094 143.43116760253906 88.45919799804688 -23.638507843017578 144.71327209472656 88.45919799804688 -24.740598678588867 146.3731231689453 88.45919799804688 -25.330415725708008 148.27622985839844 88.45919799804688 -25.36017417907715 150.26841735839844 88.45919799804688 -24.827465057373047 152.1882781982422 88.45919799804688 -23.775442123413086 153.88031005859375 88.45919799804688 -22.289337158203125 155.2073974609375 88.45919799804688 -20.489543914794922 156.0620574951172 88.45919799804688 -18.52187156677246 156.37503051757812 84.45919799804688 -20.489543914794922 156.0620574951172 84.45919799804688 -22.289337158203125 155.2073974609375 84.45919799804688 -23.775442123413086 153.88031005859375 84.45919799804688 -24.827465057373047 152.1882781982422 84.45919799804688 -25.36017417907715 150.26841735839844 84.45919799804688 -25.330415725708008 148.27622985839844 84.45919799804688 -24.740598678588867 146.3731231689453 84.45919799804688 -23.638507843017578 144.71327209472656 84.45919799804688 -22.113426208496094 143.43116760253906 84.45919799804688 -20.288908004760742 142.63064575195312 84.45919799804688 -20.56064796447754 292.85980224609375 83.95919799804688 -20.56064796447754 292.85980224609375 90.95919799804688 -23.019935607910156 291.7978210449219 90.95919799804688 -24.00798225402832 289.30792236328125 83.95919799804688 -24.00798225402832 289.30792236328125 90.95919799804688 -22.94600486755371 286.8486328125 83.95919799804688 -20.456096649169922 285.8605651855469 83.95919799804688 -20.456096649169922 285.8605651855469 90.95919799804688 -20.56064796447754 292.85980224609375 88.62586212158203 -20.56064796447754 292.85980224609375 86.29253387451172 -20.456096649169922 285.8605651855469 86.29253387451172 -20.456096649169922 285.8605651855469 88.62586212158203 -21.895912170410156 292.5733947753906 83.95919799804688 -23.019935607910156 291.7978210449219 83.95919799804688 -23.761594772338867 290.651123046875 83.95919799804688 -23.72158432006836 287.97265625 83.95919799804688 -21.799318313598633 286.1069641113281 83.95919799804688 -21.799318313598633 286.1069641113281 90.95919799804688 -22.94600486755371 286.8486328125 90.95919799804688 -23.72158432006836 287.97265625 90.95919799804688 -23.761594772338867 290.651123046875 90.95919799804688 -21.895912170410156 292.5733947753906 90.95919799804688 -21.895912170410156 292.5733947753906 87.45919799804688 -23.761594772338867 290.651123046875 87.45919799804688 -24.00798225402832 289.30792236328125 87.45919799804688 -23.72158432006836 287.97265625 87.45919799804688 -22.94600486755371 286.8486328125 87.45919799804688 -21.799318313598633 286.1069641113281 87.45919799804688 -20.59798812866211 295.3595275878906 89.45919799804688 -20.441160202026367 284.8606872558594 90.95919799804688 -20.42995834350586 284.11077880859375 90.20919799804688 -20.5867862701416 294.6095886230469 90.20919799804688 -15.033258438110352 286.9059753417969 89.45919799804688 -14.62605094909668 288.1777038574219 89.45919799804688 -14.51019287109375 289.5079650878906 89.45919799804688 -14.691421508789062 290.8309326171875 89.45919799804688 -15.160761833190918 292.0810546875 89.45919799804688 -15.894966125488281 293.1964111328125 89.45919799804688 -16.8576717376709 294.1217346191406 89.45919799804688 -18.00119400024414 294.8112487792969 89.45919799804688 -19.268896102905273 295.23077392578125 89.45919799804688 -20.575584411621094 293.85968017578125 90.95919799804688 -19.032611846923828 293.611328125 90.95919799804688 -17.667638778686523 292.8502197265625 90.95919799804688 -16.645299911499023 291.66815185546875 90.95919799804688 -16.088903427124023 290.20770263671875 90.95919799804688 -16.065561294555664 288.6450500488281 90.95919799804688 -16.578086853027344 287.16864013671875 90.95919799804688 -17.56466293334961 285.9565734863281 90.95919799804688 -18.906293869018555 285.155029296875 90.95919799804688 -20.41875648498535 283.3608703613281 89.45919799804688 -19.071496963500977 283.5347900390625 89.45919799804688 -17.79789161682129 284.00732421875 89.45919799804688 -16.663225173950195 284.7542419433594 89.45919799804688 -15.725662231445312 285.73724365234375 89.45919799804688 -20.441160202026367 284.8606872558594 83.95919799804688 -20.41875648498535 283.3608703613281 85.45919799804688 -20.575584411621094 293.85968017578125 83.95919799804688 -20.5867862701416 294.6095886230469 84.70919799804688 -20.42995834350586 284.11077880859375 84.70919799804688 -20.59798812866211 295.3595275878906 85.45919799804688 -19.268896102905273 295.23077392578125 85.45919799804688 -18.00119400024414 294.8112487792969 85.45919799804688 -16.8576717376709 294.1217346191406 85.45919799804688 -15.894966125488281 293.1964111328125 85.45919799804688 -15.160761833190918 292.0810546875 85.45919799804688 -14.691421508789062 290.8309326171875 85.45919799804688 -14.51019287109375 289.5079650878906 85.45919799804688 -14.62605094909668 288.1777038574219 85.45919799804688 -18.906293869018555 285.155029296875 83.95919799804688 -17.56466293334961 285.9565734863281 83.95919799804688 -16.578086853027344 287.16864013671875 83.95919799804688 -16.065561294555664 288.6450500488281 83.95919799804688 -16.088903427124023 290.20770263671875 83.95919799804688 -16.645299911499023 291.66815185546875 83.95919799804688 -17.667638778686523 292.8502197265625 83.95919799804688 -19.032611846923828 293.611328125 83.95919799804688 -15.033258438110352 286.9059753417969 85.45919799804688 -15.725662231445312 285.73724365234375 85.45919799804688 -16.663225173950195 284.7542419433594 85.45919799804688 -17.79789161682129 284.00732421875 85.45919799804688 -19.071496963500977 283.5347900390625 85.45919799804688</float_array>
          <technique_common>
            <accessor count="737" offset="0" source="#lib-position-array-bb62995d-4e48-4643-a997-3ac341f075dc" stride="3">
              <param name="X" type="float" />
              <param name="Y" type="float" />
              <param name="Z" type="float" />
            </accessor>
          </technique_common>
        </source>
        <source id="lib-normal-bb62995d-4e48-4643-a997-3ac341f075dc" name="normal">
          <float_array id="lib-normal-array-bb62995d-4e48-4643-a997-3ac341f075dc" count="2211">-0.996865 0.079126 0.000000 -0.998435 0.055918 0.000000 -0.998435 0.055918 0.000000 -0.998435 0.055918 0.000000 -0.999476 0.032376 0.000000 -0.999476 0.032376 0.000000 -0.999476 0.032376 0.000000 -0.999962 0.008722 0.000000 -0.999962 0.008722 0.000000 -0.999962 0.008722 0.000000 -0.999888 -0.014936 0.000000 -0.999888 -0.014936 0.000000 -0.999484 0.032131 0.000000 -0.999888 -0.014936 0.000000 -0.999888 -0.014936 0.000000 -0.999888 -0.014936 0.000000 -0.999888 -0.014936 0.000000 -0.999888 -0.014936 0.000000 -0.999484 0.032131 0.000000 -0.996865 0.079126 0.000000 -0.996865 0.079126 0.000000 -0.996865 0.079126 0.000000 -0.996865 0.079126 0.000000 -0.996865 0.079126 0.000000 -0.996865 0.079126 0.000000 -0.010561 0.707028 -0.707107 -0.010561 0.707028 -0.707107 -0.010561 0.707028 -0.707107 -0.251742 0.660777 -0.707107 -0.462559 0.534826 -0.707107 -0.617585 0.344368 -0.707107 -0.698121 0.112373 -0.707107 -0.694453 -0.133175 -0.707107 -0.607023 -0.362660 -0.707107 -0.446378 -0.548404 -0.707107 -0.231893 -0.668001 -0.707107 0.010561 -0.707028 -0.707107 0.010561 -0.707028 -0.707107 0.010561 -0.707028 -0.707107 -0.165301 -0.687514 -0.707107 -0.330813 -0.624950 -0.707107 -0.475610 -0.523254 -0.707107 -0.590627 -0.388793 -0.707107 -0.668660 -0.229987 -0.707107 -0.704823 -0.056781 -0.707107 -0.696853 0.119982 -0.707107 -0.645248 0.289231 -0.707107 -0.563648 0.426967 -0.707107 -0.453155 0.542817 -0.707107 -0.319433 0.630843 -0.707107 -0.169337 0.686531 -0.707107 0.010561 -0.707028 0.707107 -0.010561 0.707028 0.707107 0.010561 -0.707028 0.707107 0.010561 -0.707028 0.707107 -0.231893 -0.668001 0.707107 -0.446378 -0.548404 0.707107 -0.607023 -0.362660 0.707107 -0.694453 -0.133175 0.707107 -0.698121 0.112373 0.707107 -0.617585 0.344368 0.707107 -0.462559 0.534826 0.707107 -0.251742 0.660777 0.707107 -0.010561 0.707028 0.707107 -0.010561 0.707028 0.707107 -0.169337 0.686531 0.707107 -0.319433 0.630843 0.707107 -0.453155 0.542817 0.707107 -0.563648 0.426967 0.707107 -0.645248 0.289231 0.707107 -0.696853 0.119982 0.707107 -0.704823 -0.056781 0.707107 -0.668660 -0.229987 0.707107 -0.590627 -0.388793 0.707107 -0.475610 -0.523254 0.707107 -0.330813 -0.624950 0.707107 -0.165301 -0.687514 0.707107 0.000000 0.000000 1.000000 0.000000 0.000000 1.000000 0.000000 0.000000 1.000000 0.000000 0.000000 1.000000 0.000000 0.000000 1.000000 0.000000 0.000000 1.000000 0.000000 0.000000 1.000000 0.000000 0.000000 1.000000 0.000000 0.000000 1.000000 0.000000 0.000000 1.000000 0.000000 0.000000 1.000000 0.000000 0.000000 1.000000 0.000000 0.000000 1.000000 0.000000 0.000000 1.000000 0.000000 0.000000 1.000000 0.000000 0.000000 1.000000 0.000000 0.000000 1.000000 0.000000 0.000000 1.000000 0.000000 0.000000 1.000000 0.000000 0.000000 1.000000 0.000000 0.000000 1.000000 0.000000 0.000000 1.000000 0.000000 0.000000 1.000000 0.000000 0.000000 1.000000 0.000000 0.000000 1.000000 0.000000 0.000000 1.000000 0.000000 0.000000 1.000000 0.000000 0.000000 1.000000 0.000000 0.000000 1.000000 0.000000 0.000000 1.000000 0.000000 0.000000 1.000000 0.000000 0.000000 1.000000 0.000000 0.000000 1.000000 0.000000 0.000000 1.000000 -0.014936 0.999888 -0.000000 -0.999888 -0.014936 -0.000000 0.014936 -0.999888 -0.000000 0.014936 -0.999888 -0.000000 0.014936 -0.999888 -0.000000 -0.396440 0.918061 -0.000000 -0.717589 0.696467 -0.000000 -0.929492 0.368842 -0.000000 -0.999888 -0.014936 -0.000000 -0.918061 -0.396440 -0.000000 -0.696467 -0.717589 -0.000000 -0.368842 -0.929492 -0.000000 -0.014936 0.999888 -0.000000 -0.014936 0.999888 -0.000000 -0.014936 0.999888 -0.000000 0.014936 -0.999888 -0.000000 -0.368842 -0.929492 -0.000000 -0.696467 -0.717589 -0.000000 -0.918061 -0.396440 -0.000000 -0.929492 0.368842 -0.000000 -0.717589 0.696467 -0.000000 -0.396440 0.918061 -0.000000 -0.396440 0.918061 -0.000000 -0.929492 0.368842 -0.000000 -0.999888 -0.014936 -0.000000 -0.918061 -0.396440 -0.000000 -0.696467 -0.717589 -0.000000 -0.368842 -0.929492 -0.000000 -0.000000 -0.000000 -1.000000 -0.000000 -0.000000 -1.000000 -0.000000 -0.000000 -1.000000 -0.000000 -0.000000 -1.000000 -0.000000 -0.000000 -1.000000 -0.000000 -0.000000 -1.000000 -0.000000 -0.000000 -1.000000 -0.000000 -0.000000 -1.000000 -0.000000 -0.000000 -1.000000 -0.000000 -0.000000 -1.000000 -0.000000 -0.000000 -1.000000 -0.000000 -0.000000 -1.000000 -0.000000 -0.000000 -1.000000 -0.000000 -0.000000 -1.000000 -0.000000 -0.000000 -1.000000 -0.000000 -0.000000 -1.000000 -0.000000 -0.000000 -1.000000 -0.000000 -0.000000 -1.000000 -0.000000 -0.000000 -1.000000 -0.000000 -0.000000 -1.000000 -0.000000 -0.000000 -1.000000 -0.000000 -0.000000 -1.000000 -0.000000 -0.000000 -1.000000 -0.000000 -0.000000 -1.000000 -0.000000 -0.000000 -1.000000 -0.000000 -0.000000 -1.000000 -0.000000 -0.000000 -1.000000 -0.000000 -0.000000 -1.000000 -0.000000 -0.000000 -1.000000 -0.000000 -0.000000 -1.000000 -0.000000 -0.000000 -1.000000 -0.000000 -0.000000 -1.000000 -0.000000 -0.000000 -1.000000 -0.000000 -0.000000 -1.000000 0.014936 -0.999888 -0.000000 -0.014936 0.999888 -0.000000 -0.014936 0.999888 -0.000000 -0.014936 0.999888 -0.000000 0.014936 -0.999888 -0.000000 -0.267370 -0.963594 -0.000000 -0.528015 -0.849235 -0.000000 -0.745884 -0.666076 -0.000000 -0.903326 -0.428955 -0.000000 -0.987585 -0.157083 -0.000000 -0.991837 0.127515 -0.000000 -0.915735 0.401782 -0.000000 -0.765446 0.643500 -0.000000 -0.553146 0.833085 -0.000000 -0.296032 0.955178 -0.000000 0.014936 -0.999888 -0.000000 -0.296032 0.955178 -0.000000 -0.553146 0.833085 -0.000000 -0.765446 0.643500 -0.000000 -0.915735 0.401782 -0.000000 -0.991837 0.127515 -0.000000 -0.987585 -0.157083 -0.000000 -0.903326 -0.428955 -0.000000 -0.745884 -0.666076 -0.000000 -0.528015 -0.849235 -0.000000 -0.267370 -0.963594 -0.000000 0.899894 0.436108 -0.000000 -0.899894 -0.436108 0.000000 -0.899894 -0.436108 0.000000 -0.899894 -0.436108 0.000000 -0.756358 -0.654158 0.000000 -0.561278 -0.827628 0.000000 -0.327947 -0.944696 0.000000 -0.072267 -0.997385 0.000000 0.188338 -0.982104 -0.000000 0.436108 -0.899894 -0.000000 0.654158 -0.756358 -0.000000 0.827628 -0.561278 -0.000000 0.944696 -0.327947 -0.000000 0.997385 -0.072267 -0.000000 0.982104 0.188338 -0.000000 0.899894 0.436108 -0.000000 0.899894 0.436108 -0.000000 0.982104 0.188338 -0.000000 0.997385 -0.072267 -0.000000 0.944696 -0.327947 -0.000000 0.827628 -0.561278 -0.000000 0.654158 -0.756358 -0.000000 0.436108 -0.899894 -0.000000 0.188338 -0.982104 -0.000000 -0.072267 -0.997385 0.000000 -0.327947 -0.944696 0.000000 -0.561278 -0.827628 0.000000 -0.756358 -0.654158 0.000000 0.899894 0.436108 -0.000000 0.899894 0.436108 -0.000000 0.936731 0.350051 -0.000000 0.936731 0.350051 -0.000000 0.936731 0.350051 -0.000000 0.936731 0.350051 -0.000000 0.936731 0.350051 -0.000000 0.975097 0.221781 -0.000000 0.975097 0.221781 -0.000000 0.975097 0.221781 -0.000000 0.975097 0.221781 -0.000000 0.975097 0.221781 -0.000000 0.995713 0.092492 -0.000000 0.995713 0.092492 -0.000000 0.995713 0.092492 -0.000000 0.995713 0.092492 -0.000000 0.995713 0.092492 -0.000000 0.999888 0.014936 -0.000000 0.999888 0.014936 -0.000000 0.999888 0.014936 -0.000000 0.999888 0.014936 -0.000000 0.999888 0.014936 -0.000000 0.899894 0.436108 -0.000000 -0.999888 -0.014936 0.000000 -0.999888 -0.014936 0.000000 -0.999888 -0.014936 0.000000 -0.999888 -0.014936 0.000000 -0.996049 0.088804 0.000000 -0.996049 0.088804 0.000000 -0.996049 0.088804 0.000000 -0.996049 0.088804 0.000000 -0.998206 0.059869 0.000000 -0.998206 0.059869 0.000000 -0.998206 0.059869 0.000000 -0.998206 0.059869 0.000000 -0.999997 -0.002400 0.000000 -0.999997 -0.002400 0.000000 -0.999997 -0.002400 0.000000 -0.999997 -0.002400 0.000000 -0.994669 -0.103123 0.000000 -0.994669 -0.103123 0.000000 -0.994669 -0.103123 0.000000 -0.994669 -0.103123 0.000000 -0.968647 -0.248442 0.000000 -0.968647 -0.248442 0.000000 -0.968647 -0.248442 0.000000 -0.968647 -0.248442 0.000000 -0.899894 -0.436108 0.000000 -0.899894 -0.436108 0.000000 -0.899894 -0.436108 0.000000 0.912519 -0.409034 -0.000000 -0.014936 0.999888 0.000000 -0.239479 0.970901 0.000000 -0.451747 0.892146 0.000000 -0.640858 0.767660 0.000000 -0.797118 0.603823 0.000000 -0.912519 0.409034 0.000000 -0.797118 0.603823 0.000000 -0.640858 0.767660 0.000000 -0.451747 0.892146 0.000000 -0.239479 0.970901 0.000000 0.912519 -0.409034 -0.000000 0.912519 -0.409034 -0.000000 0.912519 -0.409034 -0.000000 0.980387 -0.197083 -0.000000 0.999697 0.024630 -0.000000 0.969492 0.245124 -0.000000 0.891268 0.453476 -0.000000 0.768901 0.639368 -0.000000 0.608450 0.793592 -0.000000 0.417863 0.908510 -0.000000 0.206579 0.978430 -0.000000 -0.912519 0.409034 0.000000 -0.912519 0.409034 0.000000 -0.912519 0.409034 0.000000 -0.014936 0.999888 0.000000 0.206579 0.978430 -0.000000 0.417863 0.908510 -0.000000 0.608450 0.793592 -0.000000 0.768901 0.639368 -0.000000 0.891268 0.453476 -0.000000 0.969492 0.245124 -0.000000 0.999697 0.024630 -0.000000 0.980387 -0.197083 -0.000000 0.979420 -0.201833 -0.000000 0.977762 0.209718 -0.000000 0.918061 0.396440 -0.000000 0.823079 0.567927 -0.000000 0.543089 0.839675 -0.000000 0.696467 0.717589 -0.000000 0.368842 0.929492 -0.000000 0.180419 0.983590 -0.000000 -0.014936 0.999888 0.000000 -0.549837 0.835272 0.000000 -0.294137 0.955763 0.000000 -0.761604 0.648043 0.000000 0.999888 0.014936 -0.000000 0.999888 0.014936 -0.000000 0.999888 0.014936 -0.000000 0.999888 0.014936 -0.000000 0.999888 0.014936 -0.000000 0.999696 0.024663 -0.000000 0.999696 0.024663 -0.000000 0.999696 0.024663 -0.000000 0.999696 0.024663 -0.000000 0.999696 0.024663 -0.000000 0.998052 -0.062386 -0.000000 0.998052 -0.062386 -0.000000 0.998052 -0.062386 -0.000000 0.998052 -0.062386 -0.000000 0.998052 -0.062386 -0.000000 0.984647 -0.174556 -0.000000 0.984647 -0.174556 -0.000000 0.984647 -0.174556 -0.000000 0.984647 -0.174556 -0.000000 0.984647 -0.174556 -0.000000 0.955333 -0.295530 -0.000000 0.955333 -0.295530 -0.000000 0.955333 -0.295530 -0.000000 0.955333 -0.295530 -0.000000 0.955333 -0.295530 -0.000000 0.912519 -0.409034 -0.000000 0.912519 -0.409034 -0.000000 0.912519 -0.409034 -0.000000 0.912519 -0.409034 -0.000000 0.000000 0.000000 -1.000000 -0.000839 0.056164 -0.998421 -0.001118 0.074828 -0.997196 -0.000839 0.056164 -0.998421 0.000000 0.000000 -1.000000 -0.000000 -0.000000 -1.000000 -0.000839 0.056164 -0.998421 -0.001118 0.074828 -0.997196 -0.000839 0.056164 -0.998421 -0.000000 -0.000000 -1.000000 -0.000000 -0.000000 -1.000000 -0.000839 0.056164 -0.998421 -0.001118 0.074828 -0.997196 -0.000839 0.056164 -0.998421 -0.000000 -0.000000 -1.000000 -0.000000 -0.000000 -1.000000 -0.000839 0.056164 -0.998421 -0.001118 0.074828 -0.997196 -0.000839 0.056164 -0.998421 -0.000000 -0.000000 -1.000000 -0.000000 -0.000000 -1.000000 -0.000839 0.056164 -0.998421 -0.001118 0.074828 -0.997196 -0.000839 0.056164 -0.998421 0.000000 0.000000 -1.000000 0.000000 0.000000 1.000000 0.000839 -0.056164 0.998421 0.001118 -0.074828 0.997196 0.000839 -0.056164 0.998421 0.000000 0.000000 1.000000 0.000000 0.000000 1.000000 0.000839 -0.056164 0.998421 0.001118 -0.074828 0.997196 0.000839 -0.056164 0.998421 0.000000 0.000000 1.000000 0.000000 0.000000 1.000000 0.000839 -0.056164 0.998421 0.001118 -0.074828 0.997196 0.000839 -0.056164 0.998421 0.000000 0.000000 1.000000 0.000000 0.000000 1.000000 0.000839 -0.056164 0.998421 0.001118 -0.074828 0.997196 0.000839 -0.056164 0.998421 0.000000 0.000000 1.000000 0.000000 0.000000 1.000000 0.000839 -0.056164 0.998421 0.001118 -0.074828 0.997196 0.000839 -0.056164 0.998421 0.000000 0.000000 1.000000 0.999888 0.014936 -0.000000 0.999888 0.014936 -0.000000 0.999888 0.014936 -0.000000 0.999888 0.014936 -0.000000 0.999888 0.014936 -0.000000 0.999888 0.014936 -0.000000 0.999888 0.014936 -0.000000 0.999888 0.014936 -0.000000 0.999888 0.014936 -0.000000 0.999888 0.014936 -0.000000 0.999888 0.014936 -0.000000 0.999888 0.014936 -0.000000 0.999888 0.014936 -0.000000 0.999888 0.014936 -0.000000 0.999888 0.014936 -0.000000 0.999888 0.014936 -0.000000 0.999888 0.014936 -0.000000 0.999888 0.014936 -0.000000 0.999888 0.014936 -0.000000 0.999888 0.014936 -0.000000 -0.999888 -0.014936 0.000000 -0.999888 -0.014936 0.000000 -0.999888 -0.014936 0.000000 -0.999888 -0.014936 0.000000 -0.999888 -0.014936 0.000000 -0.999888 -0.014936 0.000000 -0.999888 -0.014936 0.000000 -0.999888 -0.014936 0.000000 -0.999888 -0.014936 0.000000 -0.999888 -0.014936 0.000000 -0.999888 -0.014936 0.000000 -0.999888 -0.014936 0.000000 -0.999888 -0.014936 0.000000 -0.999888 -0.014936 0.000000 -0.999888 -0.014936 0.000000 -0.999888 -0.014936 0.000000 -0.999888 -0.014936 0.000000 -0.999888 -0.014936 0.000000 -0.999888 -0.014936 0.000000 -0.999888 -0.014936 0.000000 -0.999888 -0.014936 0.000000 0.000000 0.000000 1.000000 0.000000 0.000000 1.000000 0.000000 0.000000 1.000000 0.000000 0.000000 1.000000 0.000000 0.000000 1.000000 0.000000 0.000000 1.000000 0.000000 0.000000 1.000000 0.000000 0.000000 1.000000 0.000000 0.000000 1.000000 0.000000 0.000000 1.000000 0.000000 0.000000 1.000000 0.000000 0.000000 1.000000 0.000000 0.000000 1.000000 0.000000 0.000000 1.000000 0.000000 0.000000 1.000000 0.000000 0.000000 1.000000 0.000000 0.000000 1.000000 0.000000 0.000000 1.000000 0.000000 0.000000 1.000000 0.000000 0.000000 1.000000 0.000000 0.000000 1.000000 0.000000 0.000000 1.000000 0.000000 0.000000 1.000000 0.000000 0.000000 1.000000 0.000000 0.000000 1.000000 0.000000 0.000000 1.000000 0.000000 0.000000 1.000000 0.000000 0.000000 1.000000 0.000000 0.000000 1.000000 0.000000 0.000000 1.000000 0.000000 0.000000 1.000000 0.000000 0.000000 1.000000 0.000000 0.000000 1.000000 0.000000 0.000000 1.000000 0.000000 0.000000 1.000000 0.000000 0.000000 1.000000 0.000000 0.000000 1.000000 0.000000 0.000000 1.000000 0.000000 0.000000 1.000000 0.000000 0.000000 1.000000 0.000000 0.000000 1.000000 0.000000 0.000000 1.000000 0.000000 0.000000 1.000000 0.000000 0.000000 1.000000 0.000000 0.000000 1.000000 0.000000 0.000000 1.000000 0.000000 0.000000 1.000000 0.000000 0.000000 1.000000 0.000000 0.000000 1.000000 0.000000 0.000000 1.000000 -0.000000 -0.000000 -1.000000 -0.000000 -0.000000 -1.000000 -0.000000 -0.000000 -1.000000 -0.000000 -0.000000 -1.000000 -0.000000 -0.000000 -1.000000 -0.000000 -0.000000 -1.000000 -0.000000 -0.000000 -1.000000 -0.000000 -0.000000 -1.000000 -0.000000 -0.000000 -1.000000 -0.000000 -0.000000 -1.000000 -0.000000 -0.000000 -1.000000 -0.000000 -0.000000 -1.000000 -0.000000 -0.000000 -1.000000 -0.000000 -0.000000 -1.000000 -0.000000 -0.000000 -1.000000 -0.000000 -0.000000 -1.000000 -0.000000 -0.000000 -1.000000 -0.000000 -0.000000 -1.000000 -0.000000 -0.000000 -1.000000 -0.000000 -0.000000 -1.000000 -0.000000 -0.000000 -1.000000 -0.000000 -0.000000 -1.000000 -0.000000 -0.000000 -1.000000 -0.000000 -0.000000 -1.000000 -0.000000 -0.000000 -1.000000 -0.000000 -0.000000 -1.000000 -0.000000 -0.000000 -1.000000 -0.000000 -0.000000 -1.000000 -0.000000 -0.000000 -1.000000 -0.000000 -0.000000 -1.000000 -0.000000 -0.000000 -1.000000 -0.000000 -0.000000 -1.000000 -0.000000 -0.000000 -1.000000 -0.000000 -0.000000 -1.000000 -0.000000 -0.000000 -1.000000 -0.000000 -0.000000 -1.000000 -0.000000 -0.000000 -1.000000 -0.000000 -0.000000 -1.000000 -0.000000 -0.000000 -1.000000 -0.000000 -0.000000 -1.000000 -0.000000 -0.000000 -1.000000 -0.000000 -0.000000 -1.000000 -0.000000 -0.000000 -1.000000 -0.000000 -0.000000 -1.000000 -0.000000 -0.000000 -1.000000 -0.000000 -0.000000 -1.000000 -0.000000 -0.000000 -1.000000 -0.000000 -0.000000 -1.000000 -0.000000 -0.000000 -1.000000 -0.000000 -0.000000 -1.000000 -0.912519 0.409034 0.000000 -0.912519 0.409034 0.000000 -0.947564 0.319568 0.000000 -0.947564 0.319568 0.000000 -0.947564 0.319568 0.000000 -0.947564 0.319568 0.000000 -0.947564 0.319568 0.000000 -0.972911 0.231180 0.000000 -0.972911 0.231180 0.000000 -0.972911 0.231180 0.000000 -0.972911 0.231180 0.000000 -0.972911 0.231180 0.000000 -0.988771 0.149439 0.000000 -0.988771 0.149439 0.000000 -0.988771 0.149439 0.000000 -0.988771 0.149439 0.000000 -0.988771 0.149439 0.000000 -0.996865 0.079126 0.000000 -0.996865 0.079126 0.000000 -0.996865 0.079126 0.000000 -0.996865 0.079126 0.000000 -0.996865 0.079126 0.000000 -0.996865 0.079126 0.000000 -0.996865 0.079126 0.000000 -0.912519 0.409034 0.000000 -0.912519 0.409034 0.000000 0.000000 0.000000 1.000000 0.000000 0.000000 1.000000 0.000000 0.000000 1.000000 0.000000 0.000000 1.000000 0.000000 0.000000 1.000000 0.000000 0.000000 1.000000 0.000000 0.000000 1.000000 0.000000 0.000000 1.000000 0.000000 0.000000 1.000000 0.000000 0.000000 1.000000 0.000000 0.000000 1.000000 0.000000 0.000000 1.000000 0.000000 0.000000 1.000000 0.000000 0.000000 1.000000 0.000000 0.000000 1.000000 0.000000 0.000000 1.000000 0.000000 0.000000 1.000000 0.000000 0.000000 1.000000 0.000000 0.000000 1.000000 0.000000 0.000000 1.000000 0.000000 0.000000 1.000000 0.000000 0.000000 1.000000 0.000000 0.000000 1.000000 0.000000 0.000000 1.000000 0.000000 0.000000 1.000000 0.000000 0.000000 1.000000 0.000000 0.000000 1.000000 0.000000 0.000000 1.000000 0.000000 0.000000 1.000000 0.000000 0.000000 1.000000 -0.000000 -0.000000 -1.000000 -0.000000 -0.000000 -1.000000 -0.000000 -0.000000 -1.000000 -0.000000 -0.000000 -1.000000 -0.000000 -0.000000 -1.000000 -0.000000 -0.000000 -1.000000 -0.000000 -0.000000 -1.000000 -0.000000 -0.000000 -1.000000 -0.000000 -0.000000 -1.000000 -0.000000 -0.000000 -1.000000 -0.000000 -0.000000 -1.000000 -0.000000 -0.000000 -1.000000 -0.000000 -0.000000 -1.000000 -0.000000 -0.000000 -1.000000 -0.000000 -0.000000 -1.000000 -0.000000 -0.000000 -1.000000 -0.000000 -0.000000 -1.000000 -0.000000 -0.000000 -1.000000 -0.000000 -0.000000 -1.000000 -0.000000 -0.000000 -1.000000 -0.000000 -0.000000 -1.000000 -0.000000 -0.000000 -1.000000 -0.000000 -0.000000 -1.000000 -0.000000 -0.000000 -1.000000 -0.000000 -0.000000 -1.000000 -0.000000 -0.000000 -1.000000 -0.000000 -0.000000 -1.000000 -0.000000 -0.000000 -1.000000 -0.000000 -0.000000 -1.000000 -0.000000 -0.000000 -1.000000 -0.014936 0.999888 -0.000000 0.014936 -0.999888 -0.000000 -0.014936 0.999888 -0.000000 -0.014936 0.999888 -0.000000 0.014936 -0.999888 -0.000000 0.267370 0.963594 0.000000 0.528015 0.849235 0.000000 0.745884 0.666076 0.000000 0.903326 0.428955 0.000000 0.987585 0.157083 0.000000 0.991837 -0.127515 -0.000000 0.915735 -0.401782 -0.000000 0.765446 -0.643500 -0.000000 0.553146 -0.833085 -0.000000 0.296032 -0.955178 -0.000000 0.014936 -0.999888 -0.000000 0.296032 -0.955178 -0.000000 0.553146 -0.833085 -0.000000 0.765446 -0.643500 -0.000000 0.915735 -0.401782 -0.000000 0.991837 -0.127515 -0.000000 0.987585 0.157083 0.000000 0.903326 0.428955 0.000000 0.745884 0.666076 0.000000 0.528015 0.849235 0.000000 0.267370 0.963594 0.000000 0.014936 -0.999888 0.000000 0.014936 -0.999888 0.000000 0.717589 -0.696467 0.000000 0.999888 0.014936 0.000000 0.999888 0.014936 0.000000 0.696467 0.717589 0.000000 -0.014936 0.999888 0.000000 -0.014936 0.999888 0.000000 0.014936 -0.999888 0.000000 0.014936 -0.999888 0.000000 -0.014936 0.999888 0.000000 -0.014936 0.999888 0.000000 0.396440 -0.918061 0.000000 0.717589 -0.696467 0.000000 0.929492 -0.368842 0.000000 0.918061 0.396440 0.000000 0.368842 0.929492 0.000000 0.368842 0.929492 0.000000 0.696467 0.717589 0.000000 0.918061 0.396440 0.000000 0.929492 -0.368842 0.000000 0.396440 -0.918061 0.000000 0.396440 -0.918061 0.000000 0.929492 -0.368842 0.000000 0.999888 0.014936 0.000000 0.918061 0.396440 0.000000 0.696467 0.717589 0.000000 0.368842 0.929492 0.000000 -0.010561 0.707028 0.707107 0.010561 -0.707028 0.707107 0.010561 -0.707028 0.707107 -0.010561 0.707028 0.707107 0.645248 -0.289231 0.707107 0.693238 -0.139359 0.707107 0.706892 0.017416 0.707107 0.685534 0.173329 0.707107 0.630222 0.320656 0.707107 0.543695 0.452101 0.707107 0.430239 0.561154 0.707107 0.295474 0.642414 0.707107 0.146074 0.691854 0.707107 -0.010561 0.707028 0.707107 0.231893 0.668001 0.707107 0.446378 0.548404 0.707107 0.607023 0.362660 0.707107 0.694453 0.133175 0.707107 0.698121 -0.112373 0.707107 0.617585 -0.344368 0.707107 0.462559 -0.534826 0.707107 0.251742 -0.660777 0.707107 0.010561 -0.707028 0.707107 0.169337 -0.686531 0.707107 0.319433 -0.630843 0.707107 0.453155 -0.542817 0.707107 0.563648 -0.426967 0.707107 0.010561 -0.707028 -0.707107 0.010561 -0.707028 -0.707107 -0.010561 0.707028 -0.707107 -0.010561 0.707028 -0.707107 0.010561 -0.707028 -0.707107 -0.010561 0.707028 -0.707107 0.146074 0.691854 -0.707107 0.295474 0.642414 -0.707107 0.430239 0.561154 -0.707107 0.543695 0.452101 -0.707107 0.630222 0.320656 -0.707107 0.685534 0.173329 -0.707107 0.706892 0.017416 -0.707107 0.693238 -0.139359 -0.707107 0.251742 -0.660777 -0.707107 0.462559 -0.534826 -0.707107 0.617585 -0.344368 -0.707107 0.698121 -0.112373 -0.707107 0.694453 0.133175 -0.707107 0.607023 0.362660 -0.707107 0.446378 0.548404 -0.707107 0.231893 0.668001 -0.707107 0.645248 -0.289231 -0.707107 0.563648 -0.426967 -0.707107 0.453155 -0.542817 -0.707107 0.319433 -0.630843 -0.707107 0.169337 -0.686531 -0.707107</float_array>
          <technique_common>
            <accessor count="737" offset="0" source="#lib-normal-array-bb62995d-4e48-4643-a997-3ac341f075dc" stride="3">
              <param name="X" type="float" />
              <param name="Y" type="float" />
              <param name="Z" type="float" />
            </accessor>
          </technique_common>
        </source>
        <source id="lib-map1-bb62995d-4e48-4643-a997-3ac341f075dc" name="map1">
          <float_array id="lib-map1-array-bb62995d-4e48-4643-a997-3ac341f075dc" count="1474">0.076884 0.000000 0.068341 0.001820 0.059799 0.001820 0.051256 0.001820 0.068341 0.003664 0.059799 0.003664 0.051256 0.003664 0.068341 0.005515 0.059799 0.005515 0.051256 0.005515 0.076884 0.007366 0.042713 0.007366 0.076884 0.003683 0.071189 0.007366 0.065494 0.007366 0.059799 0.007366 0.054104 0.007366 0.048408 0.007366 0.042713 0.003683 0.042713 0.000000 0.048408 0.000000 0.054104 0.000000 0.059799 0.000000 0.065494 0.000000 0.071189 0.000000 0.506570 0.000000 0.488448 0.000000 0.497509 0.000000 0.506570 0.017863 0.506570 0.035726 0.506570 0.053588 0.506570 0.071451 0.506570 0.089314 0.506570 0.107177 0.506570 0.125040 0.506570 0.142903 0.506570 0.160765 0.497509 0.160765 0.488448 0.160765 0.488448 0.147927 0.488448 0.135088 0.488448 0.122249 0.488448 0.109410 0.488448 0.096571 0.488448 0.083732 0.488448 0.070893 0.488448 0.058054 0.488448 0.046443 0.488448 0.034833 0.488448 0.023222 0.488448 0.011611 0.555257 0.000000 0.573379 0.160765 0.564318 0.000000 0.573379 0.000000 0.573379 0.017863 0.573379 0.035726 0.573379 0.053588 0.573379 0.071451 0.573379 0.089314 0.573379 0.107177 0.573379 0.125040 0.573379 0.142903 0.564318 0.160765 0.555257 0.160765 0.555257 0.149155 0.555257 0.137544 0.555257 0.125933 0.555257 0.114322 0.555257 0.102711 0.555257 0.089872 0.555257 0.077033 0.555257 0.064195 0.555257 0.051356 0.555257 0.038517 0.555257 0.025678 0.555257 0.012839 0.718734 0.893014 0.731882 0.895332 0.743444 0.902007 0.752026 0.912235 0.756592 0.924780 0.756592 0.938131 0.752026 0.950677 0.743444 0.960904 0.731882 0.967579 0.718734 0.969898 0.718734 0.901556 0.707292 0.903832 0.697592 0.910314 0.691111 0.920014 0.688835 0.931456 0.691111 0.942898 0.697592 0.952598 0.707292 0.959079 0.718734 0.961355 0.730176 0.959079 0.739876 0.952598 0.746358 0.942898 0.748634 0.931456 0.746358 0.920014 0.739876 0.910314 0.730176 0.903832 0.705586 0.967579 0.694024 0.960904 0.685442 0.950677 0.680876 0.938131 0.680876 0.924780 0.685442 0.912235 0.694024 0.902007 0.705586 0.895332 0.622067 0.000000 0.668730 0.058334 0.715393 0.000000 0.715393 0.019445 0.715393 0.038889 0.633733 0.000000 0.645399 0.000000 0.657065 0.000000 0.668730 0.000000 0.680396 0.000000 0.692062 0.000000 0.703728 0.000000 0.622067 0.058334 0.622067 0.038889 0.622067 0.019445 0.715393 0.058334 0.703728 0.058334 0.692062 0.058334 0.680396 0.058334 0.657065 0.058334 0.645399 0.058334 0.633733 0.058334 0.633733 0.029167 0.657065 0.029167 0.668730 0.029167 0.680396 0.029167 0.692062 0.029167 0.703728 0.029167 0.042713 0.125484 0.045032 0.112336 0.051707 0.100774 0.061934 0.092192 0.074480 0.087626 0.087831 0.087626 0.100376 0.092192 0.110604 0.100774 0.117279 0.112336 0.119597 0.125484 0.051256 0.125484 0.053532 0.136926 0.060013 0.146626 0.069713 0.153108 0.081155 0.155383 0.092597 0.153108 0.102297 0.146626 0.108779 0.136926 0.111055 0.125484 0.108779 0.114042 0.102297 0.104342 0.092597 0.097861 0.081155 0.095585 0.069713 0.097861 0.060013 0.104342 0.053532 0.114042 0.117279 0.138632 0.110604 0.150194 0.100376 0.158776 0.087831 0.163342 0.074480 0.163342 0.061934 0.158776 0.051707 0.150194 0.045032 0.138632 0.748045 0.059799 0.748045 0.245894 0.782215 0.245894 0.765130 0.245894 0.782215 0.059799 0.782215 0.076716 0.782215 0.093634 0.782215 0.110552 0.782215 0.127470 0.782215 0.144387 0.782215 0.161305 0.782215 0.178223 0.782215 0.195140 0.782215 0.212058 0.782215 0.228976 0.765130 0.059799 0.748045 0.228976 0.748045 0.212058 0.748045 0.195140 0.748045 0.178223 0.748045 0.161305 0.748045 0.144387 0.748045 0.127470 0.748045 0.110552 0.748045 0.093634 0.748045 0.076716 0.120167 0.476949 0.120167 0.704712 0.103082 0.704712 0.085996 0.704712 0.085996 0.685731 0.085996 0.666751 0.085996 0.647771 0.085996 0.628791 0.085996 0.609810 0.085996 0.590830 0.085996 0.571850 0.085996 0.552870 0.085996 0.533889 0.085996 0.514909 0.085996 0.495929 0.085996 0.476949 0.103082 0.476949 0.120167 0.495929 0.120167 0.514909 0.120167 0.533889 0.120167 0.552870 0.120167 0.571850 0.120167 0.590830 0.120167 0.609810 0.120167 0.628791 0.120167 0.647771 0.120167 0.666751 0.120167 0.685731 0.428840 0.820686 0.428840 0.854857 0.465122 0.820686 0.465122 0.829229 0.465122 0.837772 0.465122 0.846314 0.465122 0.854857 0.501403 0.820686 0.501403 0.829229 0.501403 0.837772 0.501403 0.846314 0.501403 0.854857 0.537685 0.820686 0.537685 0.829229 0.537685 0.837772 0.537685 0.846314 0.537685 0.854857 0.573967 0.820686 0.573967 0.829229 0.573967 0.837772 0.573967 0.846314 0.573967 0.854857 0.428840 0.837772 0.076884 0.476949 0.065494 0.476949 0.054104 0.476949 0.042713 0.476949 0.076884 0.527834 0.065494 0.527834 0.054104 0.527834 0.042713 0.527834 0.076884 0.578719 0.065494 0.578719 0.054104 0.578719 0.042713 0.578719 0.076884 0.604162 0.065494 0.604162 0.054104 0.604162 0.042713 0.604162 0.076884 0.629605 0.065494 0.629605 0.054104 0.629605 0.042713 0.629605 0.076884 0.655047 0.065494 0.655047 0.054104 0.655047 0.042713 0.655047 0.076884 0.680490 0.042713 0.680490 0.059799 0.680490 0.622067 0.059799 0.656238 0.162437 0.656238 0.174040 0.656238 0.185643 0.656238 0.197245 0.656238 0.208848 0.622067 0.220451 0.622067 0.208848 0.622067 0.197245 0.622067 0.185643 0.622067 0.174040 0.633457 0.059799 0.644848 0.059799 0.656238 0.059799 0.656238 0.071203 0.656238 0.082607 0.656238 0.094012 0.656238 0.105416 0.656238 0.116820 0.656238 0.128225 0.656238 0.139629 0.656238 0.151033 0.656238 0.220451 0.644848 0.220451 0.633457 0.220451 0.622067 0.162437 0.622067 0.151033 0.622067 0.139629 0.622067 0.128225 0.622067 0.116820 0.622067 0.105416 0.622067 0.094012 0.622067 0.082607 0.622067 0.071203 0.639153 0.070955 0.639153 0.092152 0.639153 0.102193 0.639153 0.112234 0.639153 0.132315 0.639153 0.122275 0.639153 0.142356 0.639153 0.152397 0.639153 0.162437 0.639153 0.191444 0.639153 0.176941 0.639153 0.205947 0.428840 0.856850 0.428840 0.865393 0.428840 0.873935 0.428840 0.882478 0.428840 0.891021 0.504658 0.856850 0.504658 0.865393 0.504658 0.873935 0.504658 0.882478 0.504658 0.891021 0.523613 0.856850 0.523613 0.865393 0.523613 0.873935 0.523613 0.882478 0.523613 0.891021 0.542567 0.856850 0.542567 0.865393 0.542567 0.873935 0.542567 0.882478 0.542567 0.891021 0.561522 0.856850 0.561522 0.865393 0.561522 0.873935 0.561522 0.882478 0.561522 0.891021 0.580476 0.856850 0.580476 0.891021 0.580476 0.868240 0.580476 0.879630 0.042713 0.820686 0.042713 0.863094 0.042713 0.905502 0.042713 0.947910 0.042713 0.990318 0.068341 0.820686 0.068341 0.863094 0.068341 0.905502 0.068341 0.947910 0.068341 0.990318 0.093969 0.820686 0.093969 0.863094 0.093969 0.905502 0.093969 0.947910 0.093969 0.990318 0.119597 0.820686 0.119597 0.863094 0.119597 0.905502 0.119597 0.947910 0.119597 0.990318 0.145225 0.820686 0.145225 0.863094 0.145225 0.905502 0.145225 0.947910 0.145225 0.990318 0.129279 0.476949 0.129279 0.519723 0.129279 0.562497 0.129279 0.605271 0.129279 0.648046 0.154907 0.476949 0.154907 0.519723 0.154907 0.562497 0.154907 0.605271 0.154907 0.648046 0.180535 0.476949 0.180535 0.519723 0.180535 0.562497 0.180535 0.605271 0.180535 0.648046 0.206163 0.476949 0.206163 0.519723 0.206163 0.562497 0.206163 0.605271 0.206163 0.648046 0.231791 0.476949 0.231791 0.519723 0.231791 0.562497 0.231791 0.605271 0.231791 0.648046 0.000000 0.000000 0.041249 0.854267 0.008250 0.000000 0.016499 0.000000 0.024749 0.000000 0.032999 0.000000 0.032999 0.854267 0.024749 0.854267 0.016499 0.854267 0.008250 0.854267 0.008250 0.512560 0.006961 0.469827 0.004125 0.427134 0.001289 0.384440 0.000000 0.341707 0.032999 0.341707 0.034288 0.384440 0.037124 0.427134 0.039960 0.469827 0.041249 0.512560 0.042713 0.777973 0.998535 0.819221 0.998535 0.786223 0.998535 0.791722 0.998535 0.797222 0.998535 0.802722 0.998535 0.808222 0.998535 0.813722 0.042713 0.810972 0.042713 0.799972 0.042713 0.788972 0.383897 0.777973 0.426565 0.779262 0.469194 0.782098 0.511822 0.784934 0.554490 0.786223 0.554490 0.819221 0.511822 0.817932 0.469194 0.815097 0.426565 0.812261 0.383897 0.810972 0.271666 0.554364 0.274088 0.571047 0.281159 0.586379 0.292305 0.599117 0.306624 0.608229 0.322955 0.612978 0.339975 0.612978 0.356306 0.608229 0.370625 0.599117 0.381771 0.586379 0.388841 0.571047 0.391264 0.554364 0.362152 0.619533 0.344074 0.625177 0.325136 0.625996 0.306630 0.621933 0.289816 0.613266 0.275840 0.600584 0.265655 0.584752 0.259955 0.566850 0.259128 0.548097 0.263231 0.529770 0.271984 0.513120 0.284790 0.499280 0.300777 0.489195 0.502318 0.588202 0.466992 0.589338 0.434773 0.593844 0.401285 0.603361 0.323049 0.481605 0.347190 0.477808 0.372683 0.476949 0.399011 0.478168 0.452101 0.483414 0.502318 0.486687 0.844025 0.486687 0.844025 0.512066 0.844025 0.537445 0.844025 0.562823 0.844025 0.588202 0.388841 0.537680 0.381771 0.522349 0.370625 0.509611 0.356306 0.500498 0.339975 0.495750 0.322955 0.495750 0.306624 0.500498 0.292305 0.509611 0.281159 0.522349 0.274088 0.537680 0.271666 0.704876 0.274088 0.721559 0.281159 0.736891 0.292305 0.749629 0.306624 0.758741 0.322955 0.763490 0.339975 0.763490 0.356306 0.758741 0.370625 0.749629 0.381771 0.736891 0.388841 0.721559 0.391264 0.704876 0.362152 0.770045 0.344074 0.775689 0.325136 0.776508 0.306630 0.772445 0.289816 0.763778 0.275840 0.751096 0.265655 0.735264 0.259955 0.717362 0.259128 0.698609 0.263231 0.680282 0.271984 0.663632 0.284790 0.649792 0.300777 0.639707 0.502318 0.738714 0.466992 0.739850 0.434773 0.744356 0.401285 0.753873 0.323049 0.632117 0.347190 0.628321 0.372683 0.627461 0.399011 0.628680 0.452101 0.633926 0.502318 0.637199 0.844025 0.637199 0.844025 0.662578 0.844025 0.687957 0.844025 0.713335 0.844025 0.738714 0.388841 0.688192 0.381771 0.672861 0.370625 0.660123 0.356306 0.651010 0.339975 0.646262 0.322955 0.646262 0.306624 0.651010 0.292305 0.660123 0.281159 0.672861 0.274088 0.688192 0.042713 0.015539 0.042713 0.049709 0.063878 0.015539 0.063878 0.024081 0.063878 0.032624 0.063878 0.041167 0.063878 0.049709 0.085043 0.015539 0.085043 0.024081 0.085043 0.032624 0.085043 0.041167 0.085043 0.049709 0.106208 0.015539 0.106208 0.024081 0.106208 0.032624 0.106208 0.041167 0.106208 0.049709 0.127373 0.015539 0.127373 0.032624 0.127373 0.049709 0.127373 0.021234 0.127373 0.026929 0.127373 0.038319 0.127373 0.044014 0.042713 0.038319 0.042713 0.026929 0.487440 0.362154 0.491459 0.362247 0.495470 0.362527 0.576936 0.383762 0.564724 0.379889 0.551922 0.379129 0.539329 0.381532 0.527734 0.386946 0.517864 0.395032 0.510336 0.405284 0.505623 0.417060 0.504018 0.429623 0.533612 0.475484 0.513182 0.467483 0.494069 0.462598 0.475867 0.460198 0.458175 0.459651 0.384420 0.463358 0.042713 0.463358 0.042713 0.438057 0.042713 0.412756 0.042713 0.387455 0.042713 0.362154 0.515491 0.365080 0.535690 0.369245 0.556146 0.375359 0.505332 0.441006 0.509205 0.451805 0.515440 0.461468 0.523717 0.469498 0.042713 0.247358 0.487440 0.247358 0.491459 0.247452 0.495470 0.247732 0.576936 0.268967 0.564724 0.265093 0.551922 0.264334 0.539329 0.266737 0.527734 0.272151 0.517864 0.280237 0.510336 0.290489 0.505623 0.302265 0.504018 0.314828 0.533612 0.360689 0.513182 0.352688 0.494069 0.347803 0.475867 0.345403 0.458175 0.344856 0.384420 0.348562 0.042713 0.348562 0.042713 0.323261 0.042713 0.297960 0.042713 0.272659 0.515491 0.250285 0.535690 0.254450 0.556146 0.260564 0.505332 0.326211 0.509205 0.337010 0.515440 0.346673 0.523717 0.354703 0.908193 0.059799 0.908193 0.245894 0.874022 0.059799 0.891108 0.059799 0.891108 0.245894 0.908193 0.076716 0.908193 0.093634 0.908193 0.110552 0.908193 0.127470 0.908193 0.144387 0.908193 0.161305 0.908193 0.178223 0.908193 0.195140 0.908193 0.212058 0.908193 0.228976 0.874022 0.245894 0.874022 0.228976 0.874022 0.212058 0.874022 0.195140 0.874022 0.178223 0.874022 0.161305 0.874022 0.144387 0.874022 0.127470 0.874022 0.110552 0.874022 0.093634 0.874022 0.076716 0.488638 0.893014 0.428840 0.893014 0.428840 0.916345 0.488638 0.939677 0.428840 0.939677 0.488638 0.963008 0.488638 0.986340 0.428840 0.986340 0.448773 0.893014 0.468706 0.893014 0.468706 0.986340 0.448773 0.986340 0.488638 0.904679 0.488638 0.916345 0.488638 0.928011 0.488638 0.951343 0.488638 0.974674 0.428840 0.974674 0.428840 0.963008 0.428840 0.951343 0.428840 0.928011 0.428840 0.904679 0.458739 0.904679 0.458739 0.928011 0.458739 0.939677 0.458739 0.951343 0.458739 0.963008 0.458739 0.974674 0.354828 0.000000 0.372950 0.160765 0.363889 0.160765 0.363889 0.000000 0.354828 0.102711 0.354828 0.091299 0.354828 0.079887 0.354828 0.068474 0.354828 0.057062 0.354828 0.045649 0.354828 0.034237 0.354828 0.022825 0.354828 0.011412 0.372950 0.000000 0.372950 0.017863 0.372950 0.035726 0.372950 0.053588 0.372950 0.071451 0.372950 0.089314 0.372950 0.107177 0.372950 0.125040 0.372950 0.142903 0.354828 0.160765 0.354828 0.149155 0.354828 0.137544 0.354828 0.125933 0.354828 0.114322 0.439760 0.000000 0.421638 0.000000 0.439760 0.160765 0.430699 0.160765 0.430699 0.000000 0.421638 0.160765 0.421638 0.149353 0.421638 0.137941 0.421638 0.126528 0.421638 0.115116 0.421638 0.103704 0.421638 0.092291 0.421638 0.080879 0.421638 0.069467 0.439760 0.017863 0.439760 0.035726 0.439760 0.053588 0.439760 0.071451 0.439760 0.089314 0.439760 0.107177 0.439760 0.125040 0.439760 0.142903 0.421638 0.058054 0.421638 0.046443 0.421638 0.034833 0.421638 0.023222 0.421638 0.011611</float_array>
          <technique_common>
            <accessor count="737" offset="0" source="#lib-map1-array-bb62995d-4e48-4643-a997-3ac341f075dc" stride="2">
              <param name="S" type="float" />
              <param name="T" type="float" />
            </accessor>
          </technique_common>
        </source>
        <vertices id="lib-vertices-bb62995d-4e48-4643-a997-3ac341f075dc">
          <input semantic="POSITION" source="#lib-position-bb62995d-4e48-4643-a997-3ac341f075dc" />
        </vertices>
        <triangles count="786" material="material-a0000000-0000-0000-0000-000000000000">
          <input offset="0" semantic="VERTEX" source="#lib-vertices-bb62995d-4e48-4643-a997-3ac341f075dc" />
          <input offset="1" semantic="NORMAL" source="#lib-normal-bb62995d-4e48-4643-a997-3ac341f075dc" />
          <input offset="2" semantic="TEXCOORD" source="#lib-map1-bb62995d-4e48-4643-a997-3ac341f075dc" />
          <p>5 5 5 2 2 2 1 1 1 6 6 6 3 3 3 2 2 2 8 8 8 5 5 5 4 4 4 9 9 9 6 6 6 5 5 5 1 1 1 24 24 24 0 0 0 1 1 1 23 23 23 24 24 24 1 1 1 2 2 2 23 23 23 1 1 1 12 12 12 4 4 4 12 12 12 1 1 1 0 0 0 3 3 3 20 20 20 21 21 21 3 3 3 19 19 19 20 20 20 18 18 18 19 19 19 3 3 3 2 2 2 3 3 3 21 21 21 7 7 7 12 12 12 10 10 10 13 13 13 7 7 7 10 10 10 7 7 7 13 13 13 14 14 14 8 8 8 7 7 7 14 14 14 18 18 18 6 6 6 9 9 9 9 9 9 8 8 8 16 16 16 11 11 11 18 18 18 9 9 9 9 9 9 16 16 16 17 17 17 9 9 9 17 17 17 11 11 11 7 7 7 4 4 4 12 12 12 50 50 50 27 27 27 25 25 25 25 25 25 28 28 28 50 50 50 28 28 28 29 29 29 49 49 49 29 29 29 30 30 30 47 47 47 30 30 30 31 31 31 46 46 46 27 27 27 50 50 50 26 26 26 28 28 28 49 49 49 50 50 50 46 46 46 47 47 47 30 30 30 44 44 44 45 45 45 31 31 31 32 32 32 33 33 33 43 43 43 33 33 33 34 34 34 41 41 41 36 36 36 39 39 39 35 35 35 34 34 34 35 35 35 40 40 40 37 37 37 39 39 39 36 36 36 32 32 32 43 43 43 44 44 44 37 37 37 38 38 38 39 39 39 39 39 39 40 40 40 35 35 35 76 76 76 53 53 53 54 54 54 54 54 54 55 55 55 76 76 76 55 55 55 56 56 56 75 75 75 56 56 56 57 57 57 74 74 74 57 57 57 58 58 58 72 72 72 53 53 53 76 76 76 51 51 51 55 55 55 75 75 75 76 76 76 58 58 58 71 71 71 72 72 72 58 58 58 59 59 59 71 71 71 59 59 59 60 60 60 69 69 69 60 60 60 61 61 61 68 68 68 52 52 52 65 65 65 62 62 62 61 61 61 62 62 62 66 66 66 63 63 63 65 65 65 52 52 52 60 60 60 68 68 68 69 69 69 63 63 63 64 64 64 65 65 65 65 65 65 66 66 66 62 62 62 89 89 89 90 90 90 108 108 108 91 91 91 107 107 107 90 90 90 108 108 108 90 90 90 107 107 107 89 89 89 108 108 108 109 109 109 88 88 88 110 110 110 87 87 87 77 77 77 87 87 87 110 110 110 88 88 88 89 89 89 109 109 109 110 110 110 88 88 88 109 109 109 92 92 92 106 106 106 91 91 91 107 107 107 91 91 91 106 106 106 93 93 93 105 105 105 92 92 92 106 106 106 92 92 92 105 105 105 104 104 104 93 93 93 94 94 94 104 104 104 94 94 94 103 103 103 95 95 95 86 86 86 103 103 103 105 105 105 93 93 93 104 104 104 95 95 95 103 103 103 94 94 94 87 87 87 78 78 78 102 102 102 102 102 102 79 79 79 101 101 101 79 79 79 102 102 102 78 78 78 101 101 101 80 80 80 100 100 100 99 99 99 100 100 100 81 81 81 80 80 80 81 81 81 100 100 100 79 79 79 80 80 80 101 101 101 84 84 84 85 85 85 96 96 96 86 86 86 95 95 95 85 85 85 96 96 96 85 85 85 95 95 95 84 84 84 96 96 96 97 97 97 98 98 98 99 99 99 82 82 82 81 81 81 82 82 82 99 99 99 84 84 84 97 97 97 83 83 83 98 98 98 83 83 83 97 97 97 82 82 82 83 83 83 98 98 98 78 78 78 87 87 87 77 77 77 133 133 133 116 116 116 125 125 125 111 111 111 125 125 125 116 116 116 124 124 124 133 133 133 125 125 125 133 133 133 117 117 117 116 116 116 118 118 118 117 117 117 134 134 134 134 134 134 117 117 117 133 133 133 118 118 118 134 134 134 135 135 135 123 123 123 132 132 132 124 124 124 132 132 132 133 133 133 124 124 124 134 134 134 130 130 130 112 112 112 134 134 134 131 131 131 130 130 130 133 133 133 132 132 132 131 131 131 133 133 133 131 131 131 134 134 134 136 136 136 120 120 120 119 119 119 137 137 137 121 121 121 120 120 120 135 135 135 112 112 112 129 129 129 136 136 136 129 129 129 128 128 128 121 121 121 137 137 137 138 138 138 122 122 122 114 114 114 113 113 113 114 114 114 122 122 122 138 138 138 127 127 127 115 115 115 138 138 138 114 114 114 138 138 138 115 115 115 115 115 115 127 127 127 126 126 126 127 127 127 138 138 138 137 137 137 164 164 164 141 141 141 163 163 163 142 142 142 163 163 163 141 141 141 149 149 149 140 140 140 164 164 164 141 141 141 164 164 164 140 140 140 162 162 162 142 142 142 143 143 143 143 143 143 161 161 161 162 162 162 161 161 161 143 143 143 144 144 144 163 163 163 142 142 142 162 162 162 172 172 172 139 139 139 149 149 149 140 140 140 149 149 149 139 139 139 172 172 172 150 150 150 171 171 171 150 150 150 172 172 172 149 149 149 171 171 171 151 151 151 170 170 170 169 169 169 170 170 170 152 152 152 151 151 151 152 152 152 170 170 170 152 152 152 153 153 153 169 169 169 150 150 150 151 151 151 171 171 171 160 160 160 144 144 144 145 145 145 145 145 145 159 159 159 160 160 160 159 159 159 145 145 145 146 146 146 158 158 158 146 146 146 147 147 147 158 158 158 147 147 147 157 157 157 159 159 159 146 146 146 158 158 158 147 147 147 148 148 148 157 157 157 168 168 168 153 153 153 154 154 154 154 154 154 167 167 167 168 168 168 167 167 167 154 154 154 155 155 155 169 169 169 153 153 153 168 168 168 165 165 165 156 156 156 157 157 157 155 155 155 156 156 156 166 166 166 165 165 165 166 166 166 156 156 156 167 167 167 155 155 155 166 166 166 165 165 165 157 157 157 148 148 148 144 144 144 160 160 160 161 161 161 188 188 188 178 178 178 177 177 177 178 178 178 198 198 198 197 197 197 180 180 180 196 196 196 195 195 195 181 181 181 195 195 195 194 194 194 179 179 179 197 197 197 196 196 196 173 173 173 198 198 198 188 188 188 198 198 198 178 178 178 188 188 188 193 193 193 183 183 183 182 182 182 183 183 183 193 193 193 192 192 192 184 184 184 192 192 192 191 191 191 186 186 186 190 190 190 189 189 189 176 176 176 175 175 175 187 187 187 185 185 185 191 191 191 190 190 190 176 176 176 189 189 189 174 174 174 189 189 189 176 176 176 187 187 187 215 215 215 199 199 199 216 216 216 216 216 216 213 213 213 215 215 215 216 216 216 217 217 217 212 212 212 218 218 218 219 219 219 210 210 210 217 217 217 218 218 218 211 211 211 219 219 219 220 220 220 209 209 209 215 215 215 213 213 213 214 214 214 208 208 208 209 209 209 220 220 220 221 221 221 222 222 222 207 207 207 222 222 222 223 223 223 206 206 206 224 224 224 225 225 225 204 204 204 201 201 201 226 226 226 200 200 200 225 225 225 226 226 226 203 203 203 223 223 223 224 224 224 205 205 205 201 201 201 202 202 202 203 203 203 203 203 203 226 226 226 201 201 201 236 236 236 231 231 231 230 230 230 237 237 237 232 232 232 231 231 231 241 241 241 236 236 236 235 235 235 242 242 242 237 237 237 236 236 236 230 230 230 227 227 227 229 229 229 234 234 234 235 235 235 230 230 230 235 235 235 234 234 234 239 239 239 249 249 249 227 227 227 230 230 230 228 228 228 249 249 249 232 232 232 230 230 230 231 231 231 249 249 249 233 233 233 232 232 232 237 237 237 228 228 228 232 232 232 233 233 233 240 240 240 239 239 239 244 244 244 241 241 241 240 240 240 245 245 245 242 242 242 243 243 243 238 238 238 243 243 243 242 242 242 247 247 247 246 246 246 247 247 247 242 242 242 260 260 260 256 256 256 255 255 255 264 264 264 260 260 260 259 259 259 268 268 268 264 264 264 263 263 263 272 272 272 268 268 268 267 267 267 251 251 251 250 250 250 254 254 254 258 258 258 259 259 259 255 255 255 259 259 259 258 258 258 262 262 262 255 255 255 256 256 256 252 252 252 253 253 253 252 252 252 256 256 256 257 257 257 256 256 256 260 260 260 261 261 261 260 260 260 264 264 264 266 266 266 267 267 267 263 263 263 267 267 267 266 266 266 270 270 270 271 271 271 270 270 270 274 274 274 274 274 274 276 276 276 271 271 271 271 271 271 276 276 276 272 272 272 265 265 265 264 264 264 268 268 268 272 272 272 273 273 273 269 269 269 273 273 273 272 272 272 275 275 275 289 289 289 290 290 290 291 291 291 289 289 289 291 291 291 311 311 311 292 292 292 311 311 311 291 291 291 312 312 312 311 311 311 292 292 292 288 288 288 289 289 289 311 311 311 293 293 293 294 294 294 313 313 313 314 314 314 313 313 313 294 294 294 295 295 295 296 296 296 316 316 316 312 312 312 313 313 313 308 308 308 292 292 292 293 293 293 312 312 312 311 311 311 312 312 312 309 309 309 277 277 277 288 288 288 310 310 310 310 310 310 288 288 288 311 311 311 312 312 312 308 308 308 309 309 309 306 306 306 314 314 314 316 316 316 295 295 295 316 316 316 314 314 314 305 305 305 316 316 316 315 315 315 316 316 316 305 305 305 306 306 306 304 304 304 305 305 305 315 315 315 306 306 306 307 307 307 314 314 314 296 296 296 297 297 297 315 315 315 297 297 297 298 298 298 317 317 317 298 298 298 278 278 278 318 318 318 317 317 317 318 318 318 303 303 303 279 279 279 280 280 280 321 321 321 281 281 281 320 320 320 280 280 280 300 300 300 282 282 282 299 299 299 322 322 322 281 281 281 282 282 282 278 278 278 279 279 279 319 319 319 322 322 322 282 282 282 300 300 300 302 302 302 303 303 303 318 318 318 319 319 319 321 321 321 287 287 287 286 286 286 287 287 287 321 321 321 320 320 320 322 322 322 285 285 285 281 281 281 322 322 322 320 320 320 300 300 300 301 301 301 322 322 322 301 301 301 284 284 284 322 322 322 301 301 301 283 283 283 284 284 284 286 286 286 320 320 320 285 285 285 335 335 335 330 330 330 329 329 329 336 336 336 331 331 331 330 330 330 340 340 340 335 335 335 334 334 334 341 341 341 336 336 336 335 335 335 345 345 345 340 340 340 339 339 339 346 346 346 341 341 341 340 340 340 324 324 324 323 323 323 328 328 328 333 333 333 334 334 334 329 329 329 334 334 334 333 333 333 338 338 338 329 329 329 330 330 330 325 325 325 326 326 326 325 325 325 330 330 330 327 327 327 326 326 326 331 331 331 336 336 336 337 337 337 332 332 332 339 339 339 338 338 338 343 343 343 348 348 348 350 350 350 344 344 344 350 350 350 351 351 351 345 345 345 344 344 344 350 350 350 345 345 345 341 341 341 342 342 342 337 337 337 342 342 342 341 341 341 346 346 346 351 351 351 349 349 349 346 346 346 364 364 364 359 359 359 363 363 363 365 365 365 360 360 360 364 364 364 369 369 369 364 364 364 363 363 363 370 370 370 365 365 365 364 364 364 353 353 353 352 352 352 358 358 358 362 362 362 363 363 363 358 358 358 363 363 363 362 362 362 368 368 368 358 358 358 359 359 359 353 353 353 355 355 355 354 354 354 360 360 360 356 356 356 355 355 355 361 361 361 361 361 361 360 360 360 365 365 365 368 368 368 367 367 367 372 372 372 369 369 369 368 368 368 373 373 373 374 374 374 375 375 375 369 369 369 366 366 366 365 365 365 371 371 371 375 375 375 376 376 376 370 370 370 389 389 389 384 384 384 388 388 388 390 390 390 385 385 385 389 389 389 394 394 394 389 389 389 388 388 388 395 395 395 390 390 390 389 389 389 378 378 378 377 377 377 383 383 383 387 387 387 388 388 388 383 383 383 388 388 388 387 387 387 393 393 393 383 383 383 384 384 384 378 378 378 380 380 380 379 379 379 384 384 384 381 381 381 380 380 380 385 385 385 386 386 386 385 385 385 390 390 390 393 393 393 392 392 392 397 397 397 394 394 394 393 393 393 398 398 398 399 399 399 400 400 400 395 395 395 391 391 391 390 390 390 396 396 396 400 400 400 401 401 401 396 396 396 404 404 404 402 402 402 416 416 416 416 416 416 414 414 414 404 404 404 415 415 415 414 414 414 416 416 416 405 405 405 404 404 404 414 414 414 405 405 405 414 414 414 413 413 413 411 411 411 410 410 410 412 412 412 412 412 412 410 410 410 409 409 409 417 417 417 413 413 413 412 412 412 405 405 405 413 413 413 417 417 417 417 417 417 407 407 407 406 406 406 409 409 409 419 419 419 418 418 418 412 412 412 409 409 409 418 418 418 417 417 417 412 412 412 418 418 418 408 408 408 419 419 419 409 409 409 408 408 408 403 403 403 421 421 421 421 421 421 419 419 419 408 408 408 419 419 419 421 421 421 420 420 420 406 406 406 405 405 405 417 417 417 433 433 433 422 422 422 432 432 432 435 435 435 434 434 434 433 433 433 432 432 432 435 435 435 433 433 433 436 436 436 432 432 432 431 431 431 442 442 442 431 431 431 430 430 430 431 431 431 442 442 442 437 437 437 441 441 441 440 440 440 428 428 428 441 441 441 437 437 437 442 442 442 436 436 436 435 435 435 432 432 432 437 437 437 441 441 441 427 427 427 437 437 437 425 425 425 424 424 424 437 437 437 426 426 426 425 425 425 427 427 427 426 426 426 437 437 437 438 438 438 440 440 440 439 439 439 428 428 428 427 427 427 441 441 441 438 438 438 428 428 428 440 440 440 438 438 438 429 429 429 428 428 428 438 438 438 423 423 423 429 429 429 436 436 436 431 431 431 437 437 437 490 490 490 465 465 465 491 491 491 466 466 466 465 465 465 490 490 490 464 464 464 491 491 491 465 465 465 492 492 492 464 464 464 463 463 463 491 491 491 464 464 464 492 492 492 492 492 492 463 463 463 443 443 443 488 488 488 472 472 472 467 467 467 487 487 487 472 472 472 488 488 488 489 489 489 488 488 488 467 467 467 489 489 489 466 466 466 490 490 490 487 487 487 473 473 473 472 472 472 467 467 467 466 466 466 489 489 489 444 444 444 443 443 443 462 462 462 463 463 463 462 462 462 443 443 443 461 461 461 444 444 444 462 462 462 460 460 460 445 445 445 461 461 461 444 444 444 461 461 461 445 445 445 446 446 446 445 445 445 460 460 460 459 459 459 448 448 448 447 447 447 460 460 460 459 459 459 447 447 447 458 458 458 448 448 448 459 459 459 449 449 449 448 448 448 456 456 456 458 458 458 457 457 457 456 456 456 456 456 456 448 448 448 458 458 458 446 446 446 460 460 460 447 447 447 474 474 474 487 487 487 475 475 475 476 476 476 486 486 486 485 485 485 485 485 485 484 484 484 477 477 477 484 484 484 483 483 483 477 477 477 487 487 487 486 486 486 475 475 475 476 476 476 485 485 485 477 477 477 480 480 480 479 479 479 477 477 477 478 478 478 477 477 477 479 479 479 477 477 477 483 483 483 480 480 480 475 475 475 486 486 486 476 476 476 468 468 468 480 480 480 483 483 483 469 469 469 453 453 453 452 452 452 451 451 451 450 450 450 471 471 471 456 456 456 455 455 455 449 449 449 449 449 449 455 455 455 450 450 450 450 450 450 455 455 455 471 471 471 470 470 470 452 452 452 451 451 451 454 454 454 468 468 468 483 483 483 481 481 481 480 480 480 468 468 468 482 482 482 481 481 481 468 468 468 453 453 453 469 469 469 468 468 468 470 470 470 451 451 451 471 471 471 470 470 470 469 469 469 452 452 452 453 453 453 468 468 468 454 454 454 474 474 474 473 473 473 487 487 487 540 540 540 541 541 541 515 515 515 516 516 516 540 540 540 515 515 515 514 514 514 515 515 515 541 541 541 542 542 542 513 513 513 514 514 514 541 541 541 542 542 542 514 514 514 542 542 542 493 493 493 513 513 513 537 537 537 538 538 538 517 517 517 522 522 522 537 537 537 517 517 517 516 516 516 538 538 538 539 539 539 539 539 539 540 540 540 516 516 516 537 537 537 522 522 522 525 525 525 538 538 538 516 516 516 517 517 517 494 494 494 512 512 512 493 493 493 513 513 513 493 493 493 512 512 512 511 511 511 512 512 512 494 494 494 510 510 510 511 511 511 495 495 495 494 494 494 495 495 495 511 511 511 496 496 496 510 510 510 495 495 495 509 509 509 497 497 497 498 498 498 510 510 510 497 497 497 509 509 509 508 508 508 509 509 509 498 498 498 498 498 498 499 499 499 505 505 505 507 507 507 508 508 508 506 506 506 505 505 505 508 508 508 498 498 498 496 496 496 497 497 497 510 510 510 537 537 537 525 525 525 526 526 526 527 527 527 535 535 535 536 536 536 535 535 535 527 527 527 534 534 534 534 534 534 530 530 530 533 533 533 525 525 525 523 523 523 524 524 524 527 527 527 529 529 529 534 534 534 526 526 526 527 527 527 536 536 536 527 527 527 528 528 528 529 529 529 529 529 529 530 530 530 534 534 534 526 526 526 536 536 536 537 537 537 504 504 504 533 533 533 530 530 530 519 519 519 502 502 502 503 503 503 501 501 501 521 521 521 500 500 500 506 506 506 508 508 508 505 505 505 499 499 499 500 500 500 505 505 505 500 500 500 521 521 521 505 505 505 520 520 520 501 501 501 502 502 502 518 518 518 504 504 504 531 531 531 530 530 530 531 531 531 504 504 504 532 532 532 518 518 518 531 531 531 503 503 503 518 518 518 519 519 519 520 520 520 521 521 521 501 501 501 520 520 520 502 502 502 519 519 519 503 503 503 504 504 504 518 518 518 525 525 525 522 522 522 523 523 523 552 552 552 547 547 547 546 546 546 553 553 553 548 548 548 547 547 547 557 557 557 552 552 552 551 551 551 558 558 558 553 553 553 552 552 552 568 568 568 543 543 543 546 546 546 550 550 550 551 551 551 546 546 546 551 551 551 550 550 550 555 555 555 547 547 547 568 568 568 546 546 546 544 544 544 567 567 567 548 548 548 567 567 567 568 568 568 547 547 547 549 549 549 548 548 548 553 553 553 556 556 556 555 555 555 563 563 563 557 557 557 556 556 556 564 564 564 556 556 556 563 563 563 564 564 564 558 558 558 559 559 559 554 554 554 559 559 559 558 558 558 566 566 566 558 558 558 557 557 557 565 565 565 558 558 558 565 565 565 566 566 566 569 569 569 591 591 591 590 590 590 578 578 578 589 589 589 579 579 579 571 571 571 570 570 570 569 569 569 577 577 577 569 569 569 590 590 590 571 571 571 569 569 569 592 592 592 578 578 578 590 590 590 589 589 589 586 586 586 579 579 579 589 589 589 585 585 585 595 595 595 586 586 586 589 589 589 588 588 588 586 586 586 588 588 588 587 587 587 586 586 586 584 584 584 596 596 596 585 585 585 584 584 584 583 583 583 596 596 596 595 595 595 585 585 585 596 596 596 580 580 580 586 586 586 595 595 595 586 586 586 580 580 580 579 579 579 575 575 575 593 593 593 592 592 592 594 594 594 593 593 593 575 575 575 569 569 569 576 576 576 575 575 575 573 573 573 594 594 594 574 574 574 575 575 575 574 574 574 594 594 594 594 594 594 573 573 573 572 572 572 598 598 598 597 597 597 582 582 582 597 597 597 583 583 583 582 582 582 596 596 596 583 583 583 597 597 597 576 576 576 569 569 569 577 577 577 582 582 582 581 581 581 598 598 598 578 578 578 577 577 577 590 590 590 569 569 569 575 575 575 592 592 592 600 600 600 621 621 621 599 599 599 609 609 609 610 610 610 620 620 620 602 602 602 600 600 600 601 601 601 608 608 608 621 621 621 600 600 600 602 602 602 622 622 622 600 600 600 609 609 609 620 620 620 621 621 621 617 617 617 620 620 620 610 610 610 616 616 616 617 617 617 625 625 625 620 620 620 617 617 617 619 619 619 619 619 619 617 617 617 618 618 618 615 615 615 616 616 616 626 626 626 615 615 615 626 626 626 614 614 614 625 625 625 626 626 626 616 616 616 611 611 611 625 625 625 617 617 617 617 617 617 610 610 610 611 611 611 606 606 606 622 622 622 623 623 623 624 624 624 606 606 606 623 623 623 600 600 600 606 606 606 607 607 607 604 604 604 605 605 605 624 624 624 606 606 606 624 624 624 605 605 605 624 624 624 603 603 603 604 604 604 628 628 628 613 613 613 627 627 627 627 627 627 613 613 613 614 614 614 626 626 626 627 627 627 614 614 614 607 607 607 608 608 608 600 600 600 613 613 613 628 628 628 612 612 612 609 609 609 621 621 621 608 608 608 600 600 600 622 622 622 606 606 606 632 632 632 634 634 634 629 629 629 634 634 634 654 654 654 653 653 653 636 636 636 652 652 652 651 651 651 637 637 637 651 651 651 650 650 650 635 635 635 653 653 653 652 652 652 631 631 631 654 654 654 632 632 632 654 654 654 634 634 634 632 632 632 649 649 649 639 639 639 638 638 638 639 639 639 649 649 649 648 648 648 640 640 640 648 648 648 647 647 647 642 642 642 646 646 646 645 645 645 633 633 633 630 630 630 643 643 643 641 641 641 647 647 647 646 646 646 633 633 633 645 645 645 644 644 644 645 645 645 633 633 633 643 643 643 677 677 677 667 667 667 664 664 664 655 655 655 664 664 664 667 667 667 663 663 663 677 677 677 664 664 664 677 677 677 668 668 668 667 667 667 669 669 669 668 668 668 678 678 678 678 678 678 668 668 668 677 677 677 669 669 669 678 678 678 679 679 679 656 656 656 676 676 676 663 663 663 676 676 676 677 677 677 663 663 663 678 678 678 675 675 675 659 659 659 678 678 678 657 657 657 675 675 675 677 677 677 676 676 676 657 657 657 677 677 677 657 657 657 678 678 678 680 680 680 670 670 670 658 658 658 681 681 681 660 660 660 670 670 670 679 679 679 659 659 659 674 674 674 665 665 665 661 661 661 671 671 671 665 665 665 671 671 671 682 682 682 660 660 660 681 681 681 682 682 682 680 680 680 674 674 674 673 673 673 672 672 672 666 666 666 682 682 682 665 665 665 682 682 682 666 666 666 666 666 666 672 672 672 662 662 662 672 672 672 682 682 682 681 681 681 695 695 695 686 686 686 696 696 696 696 696 696 697 697 697 695 695 695 697 697 697 698 698 698 694 694 694 698 698 698 699 699 699 692 692 692 699 699 699 700 700 700 691 691 691 686 686 686 695 695 695 683 683 683 697 697 697 694 694 694 695 695 695 691 691 691 692 692 692 699 699 699 690 690 690 700 700 700 689 689 689 701 701 701 688 688 688 689 689 689 700 700 700 701 701 701 689 689 689 701 701 701 702 702 702 687 687 687 703 703 703 704 704 704 707 707 707 706 706 706 704 704 704 684 684 684 702 702 702 703 703 703 709 709 709 706 706 706 684 684 684 685 685 685 702 702 702 709 709 709 687 687 687 685 685 685 705 705 705 706 706 706 706 706 706 707 707 707 704 704 704 736 736 736 714 714 714 710 710 710 710 710 710 724 724 724 736 736 736 724 724 724 725 725 725 735 735 735 725 725 725 726 726 726 733 733 733 726 726 726 727 727 727 732 732 732 714 714 714 736 736 736 711 711 711 724 724 724 735 735 735 736 736 736 732 732 732 733 733 733 726 726 726 723 723 723 727 727 727 722 722 722 728 728 728 721 721 721 722 722 722 727 727 727 728 728 728 722 722 722 728 728 728 729 729 729 720 720 720 730 730 730 731 731 731 717 717 717 716 716 716 731 731 731 712 712 712 729 729 729 730 730 730 719 719 719 716 716 716 712 712 712 713 713 713 729 729 729 719 719 719 720 720 720 713 713 713 715 715 715 716 716 716 716 716 716 717 717 717 731 731 731 5 5 5 1 1 1 4 4 4 6 6 6 2 2 2 5 5 5 8 8 8 4 4 4 7 7 7 9 9 9 5 5 5 8 8 8 2 2 2 22 22 22 23 23 23 18 18 18 3 3 3 6 6 6 2 2 2 21 21 21 22 22 22 8 8 8 14 14 14 15 15 15 8 8 8 15 15 15 16 16 16 29 29 29 48 48 48 49 49 49 29 29 29 47 47 47 48 48 48 31 31 31 45 45 45 46 46 46 44 44 44 31 31 31 32 32 32 33 33 33 42 42 42 43 43 43 33 33 33 41 41 41 42 42 42 34 34 34 40 40 40 41 41 41 56 56 56 74 74 74 75 75 75 57 57 57 73 73 73 74 74 74 57 57 57 72 72 72 73 73 73 59 59 59 70 70 70 71 71 71 59 59 59 69 69 69 70 70 70 61 61 61 67 67 67 68 68 68 61 61 61 66 66 66 67 67 67 118 118 118 135 135 135 119 119 119 134 134 134 112 112 112 135 135 135 136 136 136 119 119 119 135 135 135 137 137 137 120 120 120 136 136 136 135 135 135 129 129 129 136 136 136 136 136 136 128 128 128 137 137 137 121 121 121 138 138 138 122 122 122 127 127 127 137 137 137 128 128 128 178 178 178 197 197 197 179 179 179 180 180 180 195 195 195 181 181 181 181 181 181 194 194 194 182 182 182 179 179 179 196 196 196 180 180 180 193 193 193 182 182 182 194 194 194 183 183 183 192 192 192 184 184 184 184 184 184 191 191 191 185 185 185 186 186 186 189 189 189 187 187 187 185 185 185 190 190 190 186 186 186 216 216 216 212 212 212 213 213 213 218 218 218 210 210 210 211 211 211 217 217 217 211 211 211 212 212 212 219 219 219 209 209 209 210 210 210 208 208 208 220 220 220 221 221 221 221 221 221 207 207 207 208 208 208 222 222 222 206 206 206 207 207 207 224 224 224 204 204 204 205 205 205 225 225 225 203 203 203 204 204 204 223 223 223 205 205 205 206 206 206 236 236 236 230 230 230 235 235 235 237 237 237 231 231 231 236 236 236 241 241 241 235 235 235 240 240 240 242 242 242 236 236 236 241 241 241 234 234 234 230 230 230 229 229 229 235 235 235 239 239 239 240 240 240 249 249 249 231 231 231 232 232 232 233 233 233 237 237 237 238 238 238 240 240 240 244 244 244 245 245 245 241 241 241 245 245 245 246 246 246 242 242 242 238 238 238 237 237 237 243 243 243 247 247 247 248 248 248 246 246 246 242 242 242 241 241 241 260 260 260 255 255 255 259 259 259 264 264 264 259 259 259 263 263 263 268 268 268 263 263 263 267 267 267 272 272 272 267 267 267 271 271 271 251 251 251 254 254 254 255 255 255 258 258 258 255 255 255 254 254 254 259 259 259 262 262 262 263 263 263 255 255 255 252 252 252 251 251 251 253 253 253 256 256 256 257 257 257 257 257 257 260 260 260 261 261 261 261 261 261 264 264 264 265 265 265 266 266 266 263 263 263 262 262 262 267 267 267 270 270 270 271 271 271 265 265 265 268 268 268 269 269 269 272 272 272 269 269 269 268 268 268 272 272 272 276 276 276 275 275 275 293 293 293 313 313 313 312 312 312 314 314 314 294 294 294 295 295 295 296 296 296 315 315 315 316 316 316 313 313 313 307 307 307 308 308 308 311 311 311 309 309 309 310 310 310 304 304 304 315 315 315 317 317 317 307 307 307 313 313 313 314 314 314 297 297 297 317 317 317 315 315 315 298 298 298 318 318 318 317 317 317 278 278 278 319 319 319 318 318 318 317 317 317 303 303 303 304 304 304 280 280 280 320 320 320 321 321 321 279 279 279 321 321 321 319 319 319 302 302 302 318 318 318 319 319 319 319 319 319 287 287 287 302 302 302 286 286 286 321 321 321 320 320 320 322 322 322 284 284 284 285 285 285 335 335 335 329 329 329 334 334 334 336 336 336 330 330 330 335 335 335 340 340 340 334 334 334 339 339 339 341 341 341 335 335 335 340 340 340 345 345 345 339 339 339 344 344 344 346 346 346 340 340 340 345 345 345 324 324 324 328 328 328 329 329 329 333 333 333 329 329 329 328 328 328 334 334 334 338 338 338 339 339 339 329 329 329 325 325 325 324 324 324 326 326 326 330 330 330 331 331 331 327 327 327 331 331 331 332 332 332 336 336 336 332 332 332 331 331 331 339 339 339 343 343 343 344 344 344 348 348 348 344 344 344 343 343 343 351 351 351 346 346 346 345 345 345 341 341 341 337 337 337 336 336 336 342 342 342 346 346 346 347 347 347 349 349 349 347 347 347 346 346 346 359 359 359 358 358 358 363 363 363 360 360 360 359 359 359 364 364 364 369 369 369 363 363 363 368 368 368 370 370 370 364 364 364 369 369 369 352 352 352 357 357 357 358 358 358 362 362 362 358 358 358 357 357 357 362 362 362 367 367 367 368 368 368 359 359 359 354 354 354 353 353 353 354 354 354 359 359 359 360 360 360 355 355 355 360 360 360 361 361 361 361 361 361 365 365 365 366 366 366 368 368 368 372 372 372 373 373 373 369 369 369 373 373 373 374 374 374 375 375 375 370 370 370 369 369 369 365 365 365 370 370 370 371 371 371 376 376 376 371 371 371 370 370 370 384 384 384 383 383 383 388 388 388 385 385 385 384 384 384 389 389 389 394 394 394 388 388 388 393 393 393 395 395 395 389 389 389 394 394 394 377 377 377 382 382 382 383 383 383 387 387 387 383 383 383 382 382 382 387 387 387 392 392 392 393 393 393 384 384 384 379 379 379 378 378 378 380 380 380 384 384 384 385 385 385 381 381 381 385 385 385 386 386 386 386 386 386 390 390 390 391 391 391 393 393 393 397 397 397 398 398 398 394 394 394 398 398 398 399 399 399 399 399 399 395 395 395 394 394 394 390 390 390 395 395 395 396 396 396 400 400 400 396 396 396 395 395 395 552 552 552 546 546 546 551 551 551 553 553 553 547 547 547 552 552 552 557 557 557 551 551 551 556 556 556 558 558 558 552 552 552 557 557 557 543 543 543 545 545 545 546 546 546 550 550 550 546 546 546 545 545 545 551 551 551 555 555 555 556 556 556 544 544 544 548 548 548 549 549 549 567 567 567 547 547 547 548 548 548 549 549 549 553 553 553 554 554 554 555 555 555 560 560 560 563 563 563 557 557 557 564 564 564 561 561 561 558 558 558 554 554 554 553 553 553 559 559 559 566 566 566 562 562 562 557 557 557 561 561 561 565 565 565 634 634 634 653 653 653 635 635 635 636 636 636 651 651 651 637 637 637 637 637 637 650 650 650 638 638 638 635 635 635 652 652 652 636 636 636 649 649 649 638 638 638 650 650 650 639 639 639 648 648 648 640 640 640 640 640 640 647 647 647 641 641 641 642 642 642 645 645 645 643 643 643 641 641 641 646 646 646 642 642 642 669 669 669 679 679 679 658 658 658 678 678 678 659 659 659 679 679 679 680 680 680 658 658 658 679 679 679 681 681 681 670 670 670 680 680 680 679 679 679 674 674 674 680 680 680 660 660 660 682 682 682 671 671 671 680 680 680 673 673 673 681 681 681 672 672 672 681 681 681 673 673 673 698 698 698 693 693 693 694 694 694 698 698 698 692 692 692 693 693 693 700 700 700 690 690 690 691 691 691 701 701 701 687 687 687 688 688 688 703 703 703 707 707 707 708 708 708 703 703 703 708 708 708 709 709 709 725 725 725 734 734 734 735 735 735 725 725 725 733 733 733 734 734 734 727 727 727 723 723 723 732 732 732 728 728 728 720 720 720 721 721 721 730 730 730 717 717 717 718 718 718 730 730 730 718 718 718 719 719 719</p>
        </triangles>
      </mesh>
    </geometry>
    <geometry id="mesh-a36f266e-2229-4fd8-ad7a-911a8a15d01f" name="NONE">
      <mesh>
        <source id="lib-position-a36f266e-2229-4fd8-ad7a-911a8a15d01f" name="position">
          <float_array id="lib-position-array-a36f266e-2229-4fd8-ad7a-911a8a15d01f" count="2040" digits="17" magnitude="308">-17.078418731689453 157.26296997070312 88.45919799804688 -17.078418731689453 157.26296997070312 89.45919799804688 -26.304481506347656 150.71470642089844 88.45919799804688 -19.75621795654297 141.4886474609375 88.45919799804688 -19.75621795654297 141.4886474609375 89.45919799804688 -17.078418731689453 157.26296997070312 88.95919799804688 -17.811866760253906 157.3528594970703 88.45919799804688 -18.550477981567383 157.37469482421875 88.45919799804688 -19.287954330444336 157.3282928466797 88.45919799804688 -20.018003463745117 157.2140350341797 88.45919799804688 -20.73439598083496 157.03289794921875 88.45919799804688 -21.431018829345703 156.7864532470703 88.45919799804688 -22.101930618286133 156.4767608642578 88.45919799804688 -22.74140739440918 156.10650634765625 88.45919799804688 -23.343992233276367 155.67881774902344 88.45919799804688 -23.904542922973633 155.1973419189453 88.45919799804688 -24.41827964782715 154.6662139892578 88.45919799804688 -24.88081932067871 154.08995056152344 88.45919799804688 -25.2882137298584 153.4734649658203 88.45919799804688 -25.636987686157227 152.822021484375 88.45919799804688 -25.924165725708008 152.14117431640625 88.45919799804688 -26.14729881286621 151.43673706054688 88.45919799804688 -26.39437484741211 149.98126220703125 88.45919799804688 -26.416210174560547 149.24264526367188 88.45919799804688 -26.369802474975586 148.5051727294922 88.45919799804688 -26.25554656982422 147.77511596679688 88.45919799804688 -26.074417114257812 147.05873107910156 88.45919799804688 -25.827959060668945 146.3621063232422 88.45919799804688 -25.518278121948242 145.69119262695312 88.45919799804688 -25.148014068603516 145.0517120361328 88.45919799804688 -24.720325469970703 144.44912719726562 88.45919799804688 -24.238861083984375 143.88858032226562 88.45919799804688 -23.70772933959961 143.37484741210938 88.45919799804688 -23.1314640045166 142.9123077392578 88.45919799804688 -22.514976501464844 142.50491333007812 88.45919799804688 -21.8635311126709 142.15614318847656 88.45919799804688 -21.18268394470215 141.86895751953125 88.45919799804688 -20.478242874145508 141.6458282470703 88.45919799804688 -19.75621795654297 141.4886474609375 88.95919799804688 -20.478242874145508 141.6458282470703 89.45919799804688 -21.18268394470215 141.86895751953125 89.45919799804688 -21.8635311126709 142.15614318847656 89.45919799804688 -22.514976501464844 142.50491333007812 89.45919799804688 -23.1314640045166 142.9123077392578 89.45919799804688 -23.70772933959961 143.37484741210938 89.45919799804688 -24.238861083984375 143.88858032226562 89.45919799804688 -24.720325469970703 144.44912719726562 89.45919799804688 -25.148014068603516 145.0517120361328 89.45919799804688 -25.518278121948242 145.69119262695312 89.45919799804688 -25.827959060668945 146.3621063232422 89.45919799804688 -26.074417114257812 147.05873107910156 89.45919799804688 -26.25554656982422 147.77511596679688 89.45919799804688 -26.369802474975586 148.5051727294922 89.45919799804688 -26.416210174560547 149.24264526367188 89.45919799804688 -26.39437484741211 149.98126220703125 89.45919799804688 -26.304481506347656 150.71470642089844 89.45919799804688 -26.14729881286621 151.43673706054688 89.45919799804688 -25.924165725708008 152.14117431640625 89.45919799804688 -25.636987686157227 152.822021484375 89.45919799804688 -25.2882137298584 153.4734649658203 89.45919799804688 -24.88081932067871 154.08995056152344 89.45919799804688 -24.41827964782715 154.6662139892578 89.45919799804688 -23.904542922973633 155.1973419189453 89.45919799804688 -23.343992233276367 155.67881774902344 89.45919799804688 -22.74140739440918 156.10650634765625 89.45919799804688 -22.101930618286133 156.4767608642578 89.45919799804688 -21.431018829345703 156.7864532470703 89.45919799804688 -20.73439598083496 157.03289794921875 89.45919799804688 -20.018003463745117 157.2140350341797 89.45919799804688 -19.287954330444336 157.3282928466797 89.45919799804688 -18.550477981567383 157.37469482421875 89.45919799804688 -17.811866760253906 157.3528594970703 89.45919799804688 -17.078418731689453 157.26296997070312 88.45919799804688 -17.811866760253906 157.3528594970703 88.45919799804688 -18.550477981567383 157.37469482421875 88.45919799804688 -19.287954330444336 157.3282928466797 88.45919799804688 -20.018003463745117 157.2140350341797 88.45919799804688 -20.73439598083496 157.03289794921875 88.45919799804688 -21.431018829345703 156.7864532470703 88.45919799804688 -22.101930618286133 156.4767608642578 88.45919799804688 -22.74140739440918 156.10650634765625 88.45919799804688 -23.343992233276367 155.67881774902344 88.45919799804688 -23.904542922973633 155.1973419189453 88.45919799804688 -24.41827964782715 154.6662139892578 88.45919799804688 -24.88081932067871 154.08995056152344 88.45919799804688 -25.2882137298584 153.4734649658203 88.45919799804688 -25.636987686157227 152.822021484375 88.45919799804688 -25.924165725708008 152.14117431640625 88.45919799804688 -26.14729881286621 151.43673706054688 88.45919799804688 -26.304481506347656 150.71470642089844 88.45919799804688 -26.39437484741211 149.98126220703125 88.45919799804688 -26.416210174560547 149.24264526367188 88.45919799804688 -26.369802474975586 148.5051727294922 88.45919799804688 -26.25554656982422 147.77511596679688 88.45919799804688 -26.074417114257812 147.05873107910156 88.45919799804688 -25.827959060668945 146.3621063232422 88.45919799804688 -25.518278121948242 145.69119262695312 88.45919799804688 -25.148014068603516 145.0517120361328 88.45919799804688 -24.720325469970703 144.44912719726562 88.45919799804688 -24.238861083984375 143.88858032226562 88.45919799804688 -23.70772933959961 143.37484741210938 88.45919799804688 -23.1314640045166 142.9123077392578 88.45919799804688 -22.514976501464844 142.50491333007812 88.45919799804688 -21.8635311126709 142.15614318847656 88.45919799804688 -21.18268394470215 141.86895751953125 88.45919799804688 -20.478242874145508 141.6458282470703 88.45919799804688 -19.75621795654297 141.4886474609375 88.45919799804688 -19.588855743408203 142.4745330810547 88.45919799804688 -20.354185104370117 142.64910888671875 88.45919799804688 -21.09515953063965 142.90826416015625 88.45919799804688 -21.802457809448242 143.24874877929688 88.45919799804688 -22.46718406677246 143.66629028320312 88.45919799804688 -23.080984115600586 144.15562438964844 88.45919799804688 -23.636133193969727 144.7106170654297 88.45919799804688 -24.125654220581055 145.32427978515625 88.45919799804688 -24.54338836669922 145.98887634277344 88.45919799804688 -24.884084701538086 146.69607543945312 88.45919799804688 -25.143457412719727 147.43698120117188 88.45919799804688 -25.31824493408203 148.20225524902344 88.45919799804688 -25.406248092651367 148.9822998046875 88.45919799804688 -25.406362533569336 149.76727294921875 88.45919799804688 -25.318586349487305 150.54734802246094 88.45919799804688 -25.14402198791504 151.3126678466797 88.45919799804688 -24.884864807128906 152.05364990234375 88.45919799804688 -24.544376373291016 152.7609405517578 88.45919799804688 -24.126834869384766 153.42567443847656 88.45919799804688 -23.637493133544922 154.0394744873047 88.45919799804688 -23.08250617980957 154.59461975097656 88.45919799804688 -22.468849182128906 155.08413696289062 88.45919799804688 -21.804244995117188 155.5018768310547 88.45919799804688 -21.0970458984375 155.8425750732422 88.45919799804688 -20.35614776611328 156.10194396972656 88.45919799804688 -19.59086799621582 156.2767333984375 88.45919799804688 -18.81083106994629 156.36473083496094 88.45919799804688 -18.02584457397461 156.36485290527344 88.45919799804688 -17.24578094482422 156.27706909179688 88.45919799804688 -16.480451583862305 156.10250854492188 88.45919799804688 -15.739477157592773 155.84335327148438 88.45919799804688 -15.032179832458496 155.50286865234375 88.45919799804688 -14.367451667785645 155.0853271484375 88.45919799804688 -13.753653526306152 154.59597778320312 88.45919799804688 -13.198503494262695 154.04100036621094 88.45919799804688 -12.708983421325684 153.42733764648438 88.45919799804688 -12.291248321533203 152.76272583007812 88.45919799804688 -11.950551986694336 152.05552673339844 88.45919799804688 -11.691180229187012 151.31463623046875 88.45919799804688 -11.516392707824707 150.5493621826172 88.45919799804688 -11.428387641906738 149.76931762695312 88.45919799804688 -11.42827320098877 148.9843292236328 88.45919799804688 -11.516050338745117 148.2042694091797 88.45919799804688 -11.690614700317383 147.43893432617188 88.45919799804688 -11.9497709274292 146.69796752929688 88.45919799804688 -12.290260314941406 145.99066162109375 88.45919799804688 -12.707801818847656 145.32594299316406 88.45919799804688 -13.197142601013184 144.71214294433594 88.45919799804688 -13.752131462097168 144.15699768066406 88.45919799804688 -14.3657865524292 143.66746520996094 88.45919799804688 -15.03039264678955 143.24974060058594 88.45919799804688 -15.737590789794922 142.90904235839844 88.45919799804688 -16.47848892211914 142.64967346191406 88.45919799804688 -17.2437686920166 142.47488403320312 88.45919799804688 -18.023805618286133 142.38687133789062 88.45919799804688 -18.808792114257812 142.3867645263672 88.45919799804688 -19.022769927978516 141.39874267578125 88.45919799804688 -18.28415870666504 141.3769073486328 88.45919799804688 -17.546682357788086 141.42332458496094 88.45919799804688 -16.816633224487305 141.53758239746094 88.45919799804688 -16.10024070739746 141.7187042236328 88.45919799804688 -15.403616905212402 141.9651641845703 88.45919799804688 -14.732705116271973 142.27484130859375 88.45919799804688 -14.093229293823242 142.64511108398438 88.45919799804688 -13.490645408630371 143.0727996826172 88.45919799804688 -12.930092811584473 143.55426025390625 88.45919799804688 -12.416357040405273 144.08538818359375 88.45919799804688 -11.953818321228027 144.6616668701172 88.45919799804688 -11.54642391204834 145.2781524658203 88.45919799804688 -11.197649955749512 145.92959594726562 88.45919799804688 -10.910470962524414 146.61044311523438 88.45919799804688 -10.687337875366211 147.31488037109375 88.45919799804688 -10.530155181884766 148.0369110107422 88.45919799804688 -10.440261840820312 148.77035522460938 88.45919799804688 -10.418426513671875 149.50897216796875 88.45919799804688 -10.464835166931152 150.24644470214844 88.45919799804688 -10.57909107208252 150.9764862060547 88.45919799804688 -10.760220527648926 151.69288635253906 88.45919799804688 -11.00667667388916 152.38951110839844 88.45919799804688 -11.31635856628418 153.0604248046875 88.45919799804688 -11.686623573303223 153.69989013671875 88.45919799804688 -12.114312171936035 154.30247497558594 88.45919799804688 -12.595775604248047 154.863037109375 88.45919799804688 -13.126906394958496 155.37677001953125 88.45919799804688 -13.703173637390137 155.8393096923828 88.45919799804688 -14.319659233093262 156.2467041015625 88.45919799804688 -14.971105575561523 156.59547424316406 88.45919799804688 -15.65195369720459 156.88265991210938 88.45919799804688 -16.356393814086914 157.1057891845703 88.45919799804688 -17.83155059814453 152.82644653320312 89.45919799804688 -17.83155059814453 152.82644653320312 84.45919799804688 -15.563150405883789 151.4015655517578 89.45919799804688 -15.563150405883789 151.4015655517578 84.45919799804688 -14.966684341430664 148.7900390625 89.45919799804688 -14.966684341430664 148.7900390625 84.45919799804688 -19.00308609008789 145.9251708984375 89.45919799804688 -19.00308609008789 145.9251708984375 84.45919799804688 -19.00308609008789 145.9251708984375 86.95919799804688 -17.29896354675293 152.69232177734375 89.45919799804688 -16.793914794921875 152.47654724121094 89.45919799804688 -16.328840255737305 152.18441772460938 89.45919799804688 -15.915189743041992 151.8231201171875 89.45919799804688 -15.281391143798828 150.93014526367188 89.45919799804688 -15.076848030090332 150.42044067382812 89.45919799804688 -14.954558372497559 149.885009765625 89.45919799804688 -14.917532920837402 149.33705139160156 89.45919799804688 -15.100801467895508 148.2574462890625 89.45919799804688 -15.316582679748535 147.7523956298828 89.45919799804688 -15.60871410369873 147.28732299804688 89.45919799804688 -15.970003128051758 146.87367248535156 89.45919799804688 -16.391551971435547 146.52163696289062 89.45919799804688 -16.86298370361328 146.23988342285156 89.45919799804688 -17.3726863861084 146.03533935546875 89.45919799804688 -17.908113479614258 145.9130401611328 89.45919799804688 -18.456077575683594 145.8760223388672 89.45919799804688 -17.83155059814453 152.82644653320312 86.95919799804688 -18.456077575683594 145.8760223388672 84.45919799804688 -17.908113479614258 145.9130401611328 84.45919799804688 -17.3726863861084 146.03533935546875 84.45919799804688 -16.86298370361328 146.23988342285156 84.45919799804688 -16.391551971435547 146.52163696289062 84.45919799804688 -15.970003128051758 146.87367248535156 84.45919799804688 -15.60871410369873 147.28732299804688 84.45919799804688 -15.316582679748535 147.7523956298828 84.45919799804688 -15.100801467895508 148.2574462890625 84.45919799804688 -14.917532920837402 149.33705139160156 84.45919799804688 -14.954558372497559 149.885009765625 84.45919799804688 -15.076848030090332 150.42044067382812 84.45919799804688 -15.281391143798828 150.93014526367188 84.45919799804688 -15.915189743041992 151.8231201171875 84.45919799804688 -16.328840255737305 152.18441772460938 84.45919799804688 -16.793914794921875 152.47654724121094 84.45919799804688 -17.29896354675293 152.69232177734375 84.45919799804688 -17.83155059814453 152.82644653320312 84.45919799804688 -17.29896354675293 152.69232177734375 84.45919799804688 -16.793914794921875 152.47654724121094 84.45919799804688 -16.328840255737305 152.18441772460938 84.45919799804688 -15.915189743041992 151.8231201171875 84.45919799804688 -15.563150405883789 151.4015655517578 84.45919799804688 -15.281391143798828 150.93014526367188 84.45919799804688 -15.076848030090332 150.42044067382812 84.45919799804688 -14.954558372497559 149.885009765625 84.45919799804688 -14.917532920837402 149.33705139160156 84.45919799804688 -14.966684341430664 148.7900390625 84.45919799804688 -15.100801467895508 148.2574462890625 84.45919799804688 -15.316582679748535 147.7523956298828 84.45919799804688 -15.60871410369873 147.28732299804688 84.45919799804688 -15.970003128051758 146.87367248535156 84.45919799804688 -16.391551971435547 146.52163696289062 84.45919799804688 -16.86298370361328 146.23988342285156 84.45919799804688 -17.3726863861084 146.03533935546875 84.45919799804688 -17.908113479614258 145.9130401611328 84.45919799804688 -18.456077575683594 145.8760223388672 84.45919799804688 -19.00308609008789 145.9251708984375 84.45919799804688 -17.24578094482422 156.27706909179688 84.45919799804688 -18.02584457397461 156.36485290527344 84.45919799804688 -18.81083106994629 156.36473083496094 84.45919799804688 -19.59086799621582 156.2767333984375 84.45919799804688 -20.35614776611328 156.10194396972656 84.45919799804688 -21.0970458984375 155.8425750732422 84.45919799804688 -21.804244995117188 155.5018768310547 84.45919799804688 -22.468849182128906 155.08413696289062 84.45919799804688 -23.08250617980957 154.59461975097656 84.45919799804688 -23.637493133544922 154.0394744873047 84.45919799804688 -24.126834869384766 153.42567443847656 84.45919799804688 -24.544376373291016 152.7609405517578 84.45919799804688 -24.884864807128906 152.05364990234375 84.45919799804688 -25.14402198791504 151.3126678466797 84.45919799804688 -25.318586349487305 150.54734802246094 84.45919799804688 -25.406362533569336 149.76727294921875 84.45919799804688 -25.406248092651367 148.9822998046875 84.45919799804688 -25.31824493408203 148.20225524902344 84.45919799804688 -25.143457412719727 147.43698120117188 84.45919799804688 -24.884084701538086 146.69607543945312 84.45919799804688 -24.54338836669922 145.98887634277344 84.45919799804688 -24.125654220581055 145.32427978515625 84.45919799804688 -23.636133193969727 144.7106170654297 84.45919799804688 -23.080984115600586 144.15562438964844 84.45919799804688 -22.46718406677246 143.66629028320312 84.45919799804688 -21.802457809448242 143.24874877929688 84.45919799804688 -21.09515953063965 142.90826416015625 84.45919799804688 -20.354185104370117 142.64910888671875 84.45919799804688 -19.588855743408203 142.4745330810547 84.45919799804688 -18.808792114257812 142.3867645263672 84.45919799804688 -18.023805618286133 142.38687133789062 84.45919799804688 -17.2437686920166 142.47488403320312 84.45919799804688 -16.47848892211914 142.64967346191406 84.45919799804688 -15.737590789794922 142.90904235839844 84.45919799804688 -15.03039264678955 143.24974060058594 84.45919799804688 -14.3657865524292 143.66746520996094 84.45919799804688 -13.752131462097168 144.15699768066406 84.45919799804688 -13.197142601013184 144.71214294433594 84.45919799804688 -12.707801818847656 145.32594299316406 84.45919799804688 -12.290260314941406 145.99066162109375 84.45919799804688 -11.9497709274292 146.69796752929688 84.45919799804688 -11.690614700317383 147.43893432617188 84.45919799804688 -11.516050338745117 148.2042694091797 84.45919799804688 -11.42827320098877 148.9843292236328 84.45919799804688 -11.428387641906738 149.76931762695312 84.45919799804688 -11.516392707824707 150.5493621826172 84.45919799804688 -11.691180229187012 151.31463623046875 84.45919799804688 -11.950551986694336 152.05552673339844 84.45919799804688 -12.291248321533203 152.76272583007812 84.45919799804688 -12.708983421325684 153.42733764648438 84.45919799804688 -13.198503494262695 154.04100036621094 84.45919799804688 -13.753653526306152 154.59597778320312 84.45919799804688 -14.367451667785645 155.0853271484375 84.45919799804688 -15.032179832458496 155.50286865234375 84.45919799804688 -15.739477157592773 155.84335327148438 84.45919799804688 -16.480451583862305 156.10250854492188 84.45919799804688 -19.535673141479492 146.05929565429688 84.45919799804688 -20.040721893310547 146.2750701904297 84.45919799804688 -20.505796432495117 146.56719970703125 84.45919799804688 -20.91944694519043 146.92849731445312 84.45919799804688 -21.271486282348633 147.35003662109375 84.45919799804688 -21.553245544433594 147.82147216796875 84.45919799804688 -21.757789611816406 148.3311767578125 84.45919799804688 -21.88007926940918 148.86660766601562 84.45919799804688 -21.917104721069336 149.41456604003906 84.45919799804688 -21.867952346801758 149.96157836914062 84.45919799804688 -21.733835220336914 150.49415588378906 84.45919799804688 -21.51805305480957 150.99920654296875 84.45919799804688 -21.225921630859375 151.4642791748047 84.45919799804688 -20.864633560180664 151.8779296875 84.45919799804688 -20.443084716796875 152.22998046875 84.45919799804688 -19.97165298461914 152.51173400878906 84.45919799804688 -19.461950302124023 152.71627807617188 84.45919799804688 -18.926523208618164 152.83856201171875 84.45919799804688 -18.378559112548828 152.87559509277344 84.45919799804688 -17.078418731689453 157.26296997070312 89.45919799804688 -17.811866760253906 157.3528594970703 89.45919799804688 -18.550477981567383 157.37469482421875 89.45919799804688 -19.287954330444336 157.3282928466797 89.45919799804688 -20.018003463745117 157.2140350341797 89.45919799804688 -20.73439598083496 157.03289794921875 89.45919799804688 -21.431018829345703 156.7864532470703 89.45919799804688 -22.101930618286133 156.4767608642578 89.45919799804688 -22.74140739440918 156.10650634765625 89.45919799804688 -23.343992233276367 155.67881774902344 89.45919799804688 -23.904542922973633 155.1973419189453 89.45919799804688 -24.41827964782715 154.6662139892578 89.45919799804688 -24.88081932067871 154.08995056152344 89.45919799804688 -25.2882137298584 153.4734649658203 89.45919799804688 -25.636987686157227 152.822021484375 89.45919799804688 -25.924165725708008 152.14117431640625 89.45919799804688 -26.14729881286621 151.43673706054688 89.45919799804688 -26.304481506347656 150.71470642089844 89.45919799804688 -26.39437484741211 149.98126220703125 89.45919799804688 -26.416210174560547 149.24264526367188 89.45919799804688 -26.369802474975586 148.5051727294922 89.45919799804688 -26.25554656982422 147.77511596679688 89.45919799804688 -26.074417114257812 147.05873107910156 89.45919799804688 -25.827959060668945 146.3621063232422 89.45919799804688 -25.518278121948242 145.69119262695312 89.45919799804688 -25.148014068603516 145.0517120361328 89.45919799804688 -24.720325469970703 144.44912719726562 89.45919799804688 -24.238861083984375 143.88858032226562 89.45919799804688 -23.70772933959961 143.37484741210938 89.45919799804688 -23.1314640045166 142.9123077392578 89.45919799804688 -22.514976501464844 142.50491333007812 89.45919799804688 -21.8635311126709 142.15614318847656 89.45919799804688 -21.18268394470215 141.86895751953125 89.45919799804688 -20.478242874145508 141.6458282470703 89.45919799804688 -19.75621795654297 141.4886474609375 89.45919799804688 -17.83155059814453 152.82644653320312 89.45919799804688 -17.29896354675293 152.69232177734375 89.45919799804688 -16.793914794921875 152.47654724121094 89.45919799804688 -16.328840255737305 152.18441772460938 89.45919799804688 -15.915189743041992 151.8231201171875 89.45919799804688 -15.563150405883789 151.4015655517578 89.45919799804688 -15.281391143798828 150.93014526367188 89.45919799804688 -15.076848030090332 150.42044067382812 89.45919799804688 -14.954558372497559 149.885009765625 89.45919799804688 -14.917532920837402 149.33705139160156 89.45919799804688 -14.966684341430664 148.7900390625 89.45919799804688 -15.100801467895508 148.2574462890625 89.45919799804688 -15.316582679748535 147.7523956298828 89.45919799804688 -15.60871410369873 147.28732299804688 89.45919799804688 -15.970003128051758 146.87367248535156 89.45919799804688 -16.391551971435547 146.52163696289062 89.45919799804688 -16.86298370361328 146.23988342285156 89.45919799804688 -17.3726863861084 146.03533935546875 89.45919799804688 -17.908113479614258 145.9130401611328 89.45919799804688 -18.456077575683594 145.8760223388672 89.45919799804688 -19.00308609008789 145.9251708984375 89.45919799804688 -19.535673141479492 146.05929565429688 89.45919799804688 -20.040721893310547 146.2750701904297 89.45919799804688 -20.505796432495117 146.56719970703125 89.45919799804688 -20.91944694519043 146.92849731445312 89.45919799804688 -21.271486282348633 147.35003662109375 89.45919799804688 -21.553245544433594 147.82147216796875 89.45919799804688 -21.757789611816406 148.3311767578125 89.45919799804688 -21.88007926940918 148.86660766601562 89.45919799804688 -21.917104721069336 149.41456604003906 89.45919799804688 -21.867952346801758 149.96157836914062 89.45919799804688 -21.733835220336914 150.49415588378906 89.45919799804688 -21.51805305480957 150.99920654296875 89.45919799804688 -21.225921630859375 151.4642791748047 89.45919799804688 -20.864633560180664 151.8779296875 89.45919799804688 -20.443084716796875 152.22998046875 89.45919799804688 -19.97165298461914 152.51173400878906 89.45919799804688 -19.461950302124023 152.71627807617188 89.45919799804688 -18.926523208618164 152.83856201171875 89.45919799804688 -18.378559112548828 152.87559509277344 89.45919799804688 -19.022769927978516 141.39874267578125 89.45919799804688 -18.28415870666504 141.3769073486328 89.45919799804688 -17.546682357788086 141.42332458496094 89.45919799804688 -16.816633224487305 141.53758239746094 89.45919799804688 -16.10024070739746 141.7187042236328 89.45919799804688 -15.403616905212402 141.9651641845703 89.45919799804688 -14.732705116271973 142.27484130859375 89.45919799804688 -14.093229293823242 142.64511108398438 89.45919799804688 -13.490645408630371 143.0727996826172 89.45919799804688 -12.930092811584473 143.55426025390625 89.45919799804688 -12.416357040405273 144.08538818359375 89.45919799804688 -11.953818321228027 144.6616668701172 89.45919799804688 -11.54642391204834 145.2781524658203 89.45919799804688 -11.197649955749512 145.92959594726562 89.45919799804688 -10.910470962524414 146.61044311523438 89.45919799804688 -10.687337875366211 147.31488037109375 89.45919799804688 -10.530155181884766 148.0369110107422 89.45919799804688 -10.440261840820312 148.77035522460938 89.45919799804688 -10.418426513671875 149.50897216796875 89.45919799804688 -10.464835166931152 150.24644470214844 89.45919799804688 -10.57909107208252 150.9764862060547 89.45919799804688 -10.760220527648926 151.69288635253906 89.45919799804688 -11.00667667388916 152.38951110839844 89.45919799804688 -11.31635856628418 153.0604248046875 89.45919799804688 -11.686623573303223 153.69989013671875 89.45919799804688 -12.114312171936035 154.30247497558594 89.45919799804688 -12.595775604248047 154.863037109375 89.45919799804688 -13.126906394958496 155.37677001953125 89.45919799804688 -13.703173637390137 155.8393096923828 89.45919799804688 -14.319659233093262 156.2467041015625 89.45919799804688 -14.971105575561523 156.59547424316406 89.45919799804688 -15.65195369720459 156.88265991210938 89.45919799804688 -16.356393814086914 157.1057891845703 89.45919799804688 -19.588855743408203 142.4745330810547 84.45919799804688 -24.125654220581055 145.32427978515625 88.45919799804688 -24.125654220581055 145.32427978515625 84.45919799804688 -17.24578094482422 156.27706909179688 84.45919799804688 -19.588855743408203 142.4745330810547 86.45919799804688 -19.588855743408203 142.4745330810547 88.45919799804688 -20.354185104370117 142.64910888671875 88.45919799804688 -21.09515953063965 142.90826416015625 88.45919799804688 -21.802457809448242 143.24874877929688 88.45919799804688 -22.46718406677246 143.66629028320312 88.45919799804688 -23.080984115600586 144.15562438964844 88.45919799804688 -23.636133193969727 144.7106170654297 88.45919799804688 -24.54338836669922 145.98887634277344 88.45919799804688 -24.884084701538086 146.69607543945312 88.45919799804688 -25.143457412719727 147.43698120117188 88.45919799804688 -25.31824493408203 148.20225524902344 88.45919799804688 -25.406248092651367 148.9822998046875 88.45919799804688 -25.406362533569336 149.76727294921875 88.45919799804688 -25.318586349487305 150.54734802246094 88.45919799804688 -25.14402198791504 151.3126678466797 88.45919799804688 -24.884864807128906 152.05364990234375 88.45919799804688 -24.544376373291016 152.7609405517578 88.45919799804688 -24.126834869384766 153.42567443847656 88.45919799804688 -23.637493133544922 154.0394744873047 88.45919799804688 -23.08250617980957 154.59461975097656 88.45919799804688 -22.468849182128906 155.08413696289062 88.45919799804688 -21.804244995117188 155.5018768310547 88.45919799804688 -21.0970458984375 155.8425750732422 88.45919799804688 -20.35614776611328 156.10194396972656 88.45919799804688 -19.59086799621582 156.2767333984375 88.45919799804688 -18.81083106994629 156.36473083496094 88.45919799804688 -18.02584457397461 156.36485290527344 88.45919799804688 -18.02584457397461 156.36485290527344 84.45919799804688 -18.81083106994629 156.36473083496094 84.45919799804688 -19.59086799621582 156.2767333984375 84.45919799804688 -20.35614776611328 156.10194396972656 84.45919799804688 -21.0970458984375 155.8425750732422 84.45919799804688 -21.804244995117188 155.5018768310547 84.45919799804688 -22.468849182128906 155.08413696289062 84.45919799804688 -23.08250617980957 154.59461975097656 84.45919799804688 -23.637493133544922 154.0394744873047 84.45919799804688 -24.126834869384766 153.42567443847656 84.45919799804688 -24.544376373291016 152.7609405517578 84.45919799804688 -24.884864807128906 152.05364990234375 84.45919799804688 -25.14402198791504 151.3126678466797 84.45919799804688 -25.318586349487305 150.54734802246094 84.45919799804688 -25.406362533569336 149.76727294921875 84.45919799804688 -25.406248092651367 148.9822998046875 84.45919799804688 -25.31824493408203 148.20225524902344 84.45919799804688 -25.143457412719727 147.43698120117188 84.45919799804688 -24.884084701538086 146.69607543945312 84.45919799804688 -24.54338836669922 145.98887634277344 84.45919799804688 -23.636133193969727 144.7106170654297 84.45919799804688 -23.080984115600586 144.15562438964844 84.45919799804688 -22.46718406677246 143.66629028320312 84.45919799804688 -21.802457809448242 143.24874877929688 84.45919799804688 -21.09515953063965 142.90826416015625 84.45919799804688 -20.354185104370117 142.64910888671875 84.45919799804688 -17.24578094482422 156.27706909179688 88.45919799804688 -17.24578094482422 156.27706909179688 86.45919799804688 -17.24578094482422 156.27706909179688 84.45919799804688 -11.516050338745117 148.2042694091797 88.45919799804688 -19.588855743408203 142.4745330810547 84.45919799804688 -19.588855743408203 142.4745330810547 88.45919799804688 -19.588855743408203 142.4745330810547 86.45919799804688 -17.24578094482422 156.27706909179688 88.45919799804688 -16.480451583862305 156.10250854492188 88.45919799804688 -15.739477157592773 155.84335327148438 88.45919799804688 -15.032179832458496 155.50286865234375 88.45919799804688 -14.367451667785645 155.0853271484375 88.45919799804688 -13.753653526306152 154.59597778320312 88.45919799804688 -13.198503494262695 154.04100036621094 88.45919799804688 -12.708983421325684 153.42733764648438 88.45919799804688 -12.291248321533203 152.76272583007812 88.45919799804688 -11.950551986694336 152.05552673339844 88.45919799804688 -11.691180229187012 151.31463623046875 88.45919799804688 -11.516392707824707 150.5493621826172 88.45919799804688 -11.428387641906738 149.76931762695312 88.45919799804688 -11.42827320098877 148.9843292236328 88.45919799804688 -11.690614700317383 147.43893432617188 88.45919799804688 -11.9497709274292 146.69796752929688 88.45919799804688 -12.290260314941406 145.99066162109375 88.45919799804688 -12.707801818847656 145.32594299316406 88.45919799804688 -13.197142601013184 144.71214294433594 88.45919799804688 -13.752131462097168 144.15699768066406 88.45919799804688 -14.3657865524292 143.66746520996094 88.45919799804688 -15.03039264678955 143.24974060058594 88.45919799804688 -15.737590789794922 142.90904235839844 88.45919799804688 -16.47848892211914 142.64967346191406 88.45919799804688 -17.2437686920166 142.47488403320312 88.45919799804688 -18.023805618286133 142.38687133789062 88.45919799804688 -18.808792114257812 142.3867645263672 88.45919799804688 -18.808792114257812 142.3867645263672 84.45919799804688 -18.023805618286133 142.38687133789062 84.45919799804688 -17.2437686920166 142.47488403320312 84.45919799804688 -16.47848892211914 142.64967346191406 84.45919799804688 -15.737590789794922 142.90904235839844 84.45919799804688 -15.03039264678955 143.24974060058594 84.45919799804688 -14.3657865524292 143.66746520996094 84.45919799804688 -13.752131462097168 144.15699768066406 84.45919799804688 -13.197142601013184 144.71214294433594 84.45919799804688 -12.707801818847656 145.32594299316406 84.45919799804688 -12.290260314941406 145.99066162109375 84.45919799804688 -11.9497709274292 146.69796752929688 84.45919799804688 -11.690614700317383 147.43893432617188 84.45919799804688 -11.516050338745117 148.2042694091797 84.45919799804688 -11.42827320098877 148.9843292236328 84.45919799804688 -11.428387641906738 149.76931762695312 84.45919799804688 -11.516392707824707 150.5493621826172 84.45919799804688 -11.691180229187012 151.31463623046875 84.45919799804688 -11.950551986694336 152.05552673339844 84.45919799804688 -12.291248321533203 152.76272583007812 84.45919799804688 -12.708983421325684 153.42733764648438 84.45919799804688 -13.198503494262695 154.04100036621094 84.45919799804688 -13.753653526306152 154.59597778320312 84.45919799804688 -14.367451667785645 155.0853271484375 84.45919799804688 -15.032179832458496 155.50286865234375 84.45919799804688 -15.739477157592773 155.84335327148438 84.45919799804688 -16.480451583862305 156.10250854492188 84.45919799804688 -17.24578094482422 156.27706909179688 86.45919799804688 -19.00308609008789 145.9251708984375 89.45919799804688 -19.00308609008789 145.9251708984375 84.45919799804688 -21.867952346801758 149.96157836914062 89.45919799804688 -21.867952346801758 149.96157836914062 84.45919799804688 -17.83155059814453 152.82644653320312 89.45919799804688 -17.83155059814453 152.82644653320312 84.45919799804688 -19.00308609008789 145.9251708984375 86.95919799804688 -17.83155059814453 152.82644653320312 86.95919799804688 -19.535673141479492 146.05929565429688 89.45919799804688 -20.040721893310547 146.2750701904297 89.45919799804688 -20.505796432495117 146.56719970703125 89.45919799804688 -20.91944694519043 146.92849731445312 89.45919799804688 -21.271486282348633 147.35003662109375 89.45919799804688 -21.553245544433594 147.82147216796875 89.45919799804688 -21.757789611816406 148.3311767578125 89.45919799804688 -21.88007926940918 148.86660766601562 89.45919799804688 -21.917104721069336 149.41456604003906 89.45919799804688 -21.733835220336914 150.49415588378906 89.45919799804688 -21.51805305480957 150.99920654296875 89.45919799804688 -21.225921630859375 151.4642791748047 89.45919799804688 -20.864633560180664 151.8779296875 89.45919799804688 -20.443084716796875 152.22998046875 89.45919799804688 -19.97165298461914 152.51173400878906 89.45919799804688 -19.461950302124023 152.71627807617188 89.45919799804688 -18.926523208618164 152.83856201171875 89.45919799804688 -18.378559112548828 152.87559509277344 89.45919799804688 -18.378559112548828 152.87559509277344 84.45919799804688 -18.926523208618164 152.83856201171875 84.45919799804688 -19.461950302124023 152.71627807617188 84.45919799804688 -19.97165298461914 152.51173400878906 84.45919799804688 -20.443084716796875 152.22998046875 84.45919799804688 -20.864633560180664 151.8779296875 84.45919799804688 -21.225921630859375 151.4642791748047 84.45919799804688 -21.51805305480957 150.99920654296875 84.45919799804688 -21.733835220336914 150.49415588378906 84.45919799804688 -21.917104721069336 149.41456604003906 84.45919799804688 -21.88007926940918 148.86660766601562 84.45919799804688 -21.757789611816406 148.3311767578125 84.45919799804688 -21.553245544433594 147.82147216796875 84.45919799804688 -21.271486282348633 147.35003662109375 84.45919799804688 -20.91944694519043 146.92849731445312 84.45919799804688 -20.505796432495117 146.56719970703125 84.45919799804688 -20.040721893310547 146.2750701904297 84.45919799804688 -19.535673141479492 146.05929565429688 84.45919799804688 -19.75621795654297 141.4886474609375 88.45919799804688 -19.75621795654297 141.4886474609375 89.45919799804688 -17.078418731689453 157.26296997070312 88.45919799804688 -17.078418731689453 157.26296997070312 89.45919799804688 -17.078418731689453 157.26296997070312 88.95919799804688 -19.75621795654297 141.4886474609375 88.95919799804688 -19.022769927978516 141.39874267578125 88.45919799804688 -18.28415870666504 141.3769073486328 88.45919799804688 -17.546682357788086 141.42332458496094 88.45919799804688 -16.816633224487305 141.53758239746094 88.45919799804688 -16.10024070739746 141.7187042236328 88.45919799804688 -15.403616905212402 141.9651641845703 88.45919799804688 -14.732705116271973 142.27484130859375 88.45919799804688 -14.093229293823242 142.64511108398438 88.45919799804688 -13.490645408630371 143.0727996826172 88.45919799804688 -12.930092811584473 143.55426025390625 88.45919799804688 -12.416357040405273 144.08538818359375 88.45919799804688 -11.953818321228027 144.6616668701172 88.45919799804688 -11.54642391204834 145.2781524658203 88.45919799804688 -11.197649955749512 145.92959594726562 88.45919799804688 -10.910470962524414 146.61044311523438 88.45919799804688 -10.687337875366211 147.31488037109375 88.45919799804688 -10.530155181884766 148.0369110107422 88.45919799804688 -10.440261840820312 148.77035522460938 88.45919799804688 -10.418426513671875 149.50897216796875 88.45919799804688 -10.464835166931152 150.24644470214844 88.45919799804688 -10.57909107208252 150.9764862060547 88.45919799804688 -10.760220527648926 151.69288635253906 88.45919799804688 -11.00667667388916 152.38951110839844 88.45919799804688 -11.31635856628418 153.0604248046875 88.45919799804688 -11.686623573303223 153.69989013671875 88.45919799804688 -12.114312171936035 154.30247497558594 88.45919799804688 -12.595775604248047 154.863037109375 88.45919799804688 -13.126906394958496 155.37677001953125 88.45919799804688 -13.703173637390137 155.8393096923828 88.45919799804688 -14.319659233093262 156.2467041015625 88.45919799804688 -14.971105575561523 156.59547424316406 88.45919799804688 -15.65195369720459 156.88265991210938 88.45919799804688 -16.356393814086914 157.1057891845703 88.45919799804688 -16.356393814086914 157.1057891845703 89.45919799804688 -15.65195369720459 156.88265991210938 89.45919799804688 -14.971105575561523 156.59547424316406 89.45919799804688 -14.319659233093262 156.2467041015625 89.45919799804688 -13.703173637390137 155.8393096923828 89.45919799804688 -13.126906394958496 155.37677001953125 89.45919799804688 -12.595775604248047 154.863037109375 89.45919799804688 -12.114312171936035 154.30247497558594 89.45919799804688 -11.686623573303223 153.69989013671875 89.45919799804688 -11.31635856628418 153.0604248046875 89.45919799804688 -11.00667667388916 152.38951110839844 89.45919799804688 -10.760220527648926 151.69288635253906 89.45919799804688 -10.57909107208252 150.9764862060547 89.45919799804688 -10.464835166931152 150.24644470214844 89.45919799804688 -10.418426513671875 149.50897216796875 89.45919799804688 -10.440261840820312 148.77035522460938 89.45919799804688 -10.530155181884766 148.0369110107422 89.45919799804688 -10.687337875366211 147.31488037109375 89.45919799804688 -10.910470962524414 146.61044311523438 89.45919799804688 -11.197649955749512 145.92959594726562 89.45919799804688 -11.54642391204834 145.2781524658203 89.45919799804688 -11.953818321228027 144.6616668701172 89.45919799804688 -12.416357040405273 144.08538818359375 89.45919799804688 -12.930092811584473 143.55426025390625 89.45919799804688 -13.490645408630371 143.0727996826172 89.45919799804688 -14.093229293823242 142.64511108398438 89.45919799804688 -14.732705116271973 142.27484130859375 89.45919799804688 -15.403616905212402 141.9651641845703 89.45919799804688 -16.10024070739746 141.7187042236328 89.45919799804688 -16.816633224487305 141.53758239746094 89.45919799804688 -17.546682357788086 141.42332458496094 89.45919799804688 -18.28415870666504 141.3769073486328 89.45919799804688 -19.022769927978516 141.39874267578125 89.45919799804688</float_array>
          <technique_common>
            <accessor count="680" offset="0" source="#lib-position-array-a36f266e-2229-4fd8-ad7a-911a8a15d01f" stride="3">
              <param name="X" type="float" />
              <param name="Y" type="float" />
              <param name="Z" type="float" />
            </accessor>
          </technique_common>
        </source>
        <source id="lib-normal-a36f266e-2229-4fd8-ad7a-911a8a15d01f" name="normal">
          <float_array id="lib-normal-array-a36f266e-2229-4fd8-ad7a-911a8a15d01f" count="2040">0.167362 0.985895 -0.000000 0.167362 0.985895 -0.000000 -0.985895 0.167362 0.000000 -0.167362 -0.985895 0.000000 -0.167362 -0.985895 0.000000 0.167362 0.985895 -0.000000 0.075682 0.997132 -0.000000 -0.016645 0.999861 0.000000 -0.108830 0.994060 0.000000 -0.200086 0.979778 0.000000 -0.289635 0.957137 0.000000 -0.376713 0.926330 0.000000 -0.460577 0.887620 0.000000 -0.540511 0.841337 0.000000 -0.615834 0.787876 0.000000 -0.685903 0.727693 0.000000 -0.750120 0.661301 0.000000 -0.807938 0.589268 0.000000 -0.858862 0.512207 0.000000 -0.902459 0.430777 0.000000 -0.938356 0.345671 0.000000 -0.966247 0.257615 0.000000 -0.997132 0.075682 0.000000 -0.999861 -0.016645 0.000000 -0.994060 -0.108830 0.000000 -0.979778 -0.200086 0.000000 -0.957137 -0.289635 0.000000 -0.926330 -0.376713 0.000000 -0.887620 -0.460577 0.000000 -0.841337 -0.540511 0.000000 -0.787876 -0.615834 0.000000 -0.727693 -0.685903 0.000000 -0.661301 -0.750120 0.000000 -0.589268 -0.807938 0.000000 -0.512207 -0.858862 0.000000 -0.430777 -0.902459 0.000000 -0.345671 -0.938356 0.000000 -0.257615 -0.966247 0.000000 -0.167362 -0.985895 0.000000 -0.257615 -0.966247 0.000000 -0.345671 -0.938356 0.000000 -0.430777 -0.902459 0.000000 -0.512207 -0.858862 0.000000 -0.589268 -0.807938 0.000000 -0.661301 -0.750120 0.000000 -0.727693 -0.685903 0.000000 -0.787876 -0.615834 0.000000 -0.841337 -0.540511 0.000000 -0.887620 -0.460577 0.000000 -0.926330 -0.376713 0.000000 -0.957137 -0.289635 0.000000 -0.979778 -0.200086 0.000000 -0.994060 -0.108830 0.000000 -0.999861 -0.016645 0.000000 -0.997132 0.075682 0.000000 -0.985895 0.167362 0.000000 -0.966247 0.257615 0.000000 -0.938356 0.345671 0.000000 -0.902459 0.430777 0.000000 -0.858862 0.512207 0.000000 -0.807938 0.589268 0.000000 -0.750120 0.661301 0.000000 -0.685903 0.727693 0.000000 -0.615834 0.787876 0.000000 -0.540511 0.841337 0.000000 -0.460577 0.887620 0.000000 -0.376713 0.926330 0.000000 -0.289635 0.957137 0.000000 -0.200086 0.979778 0.000000 -0.108830 0.994060 0.000000 -0.016645 0.999861 0.000000 0.075682 0.997132 -0.000000 0.000000 -0.000000 -1.000000 0.000000 -0.000000 -1.000000 0.000000 -0.000000 -1.000000 0.000000 -0.000000 -1.000000 0.000000 -0.000000 -1.000000 0.000000 -0.000000 -1.000000 0.000000 -0.000000 -1.000000 0.000000 -0.000000 -1.000000 0.000000 -0.000000 -1.000000 0.000000 -0.000000 -1.000000 0.000000 -0.000000 -1.000000 0.000000 -0.000000 -1.000000 0.000000 -0.000000 -1.000000 0.000000 -0.000000 -1.000000 0.000000 -0.000000 -1.000000 0.000000 -0.000000 -1.000000 0.000000 -0.000000 -1.000000 0.000000 -0.000000 -1.000000 0.000000 -0.000000 -1.000000 0.000000 -0.000000 -1.000000 0.000000 -0.000000 -1.000000 0.000000 -0.000000 -1.000000 0.000000 -0.000000 -1.000000 0.000000 -0.000000 -1.000000 0.000000 -0.000000 -1.000000 0.000000 -0.000000 -1.000000 0.000000 -0.000000 -1.000000 0.000000 -0.000000 -1.000000 0.000000 -0.000000 -1.000000 0.000000 -0.000000 -1.000000 0.000000 -0.000000 -1.000000 0.000000 -0.000000 -1.000000 0.000000 -0.000000 -1.000000 0.000000 -0.000000 -1.000000 0.000000 -0.000000 -1.000000 0.000000 -0.000000 -1.000000 0.000000 -0.000000 -1.000000 0.000000 -0.000000 -1.000000 0.000000 -0.000000 -1.000000 0.000000 -0.000000 -1.000000 0.000000 -0.000000 -1.000000 0.000000 -0.000000 -1.000000 0.000000 -0.000000 -1.000000 0.000000 -0.000000 -1.000000 0.000000 -0.000000 -1.000000 0.000000 -0.000000 -1.000000 0.000000 -0.000000 -1.000000 0.000000 -0.000000 -1.000000 0.000000 -0.000000 -1.000000 0.000000 -0.000000 -1.000000 0.000000 -0.000000 -1.000000 0.000000 -0.000000 -1.000000 0.000000 -0.000000 -1.000000 0.000000 -0.000000 -1.000000 0.000000 -0.000000 -1.000000 0.000000 -0.000000 -1.000000 0.000000 -0.000000 -1.000000 0.000000 -0.000000 -1.000000 0.000000 -0.000000 -1.000000 0.000000 -0.000000 -1.000000 0.000000 -0.000000 -1.000000 0.000000 -0.000000 -1.000000 0.000000 -0.000000 -1.000000 0.000000 -0.000000 -1.000000 0.000000 -0.000000 -1.000000 0.000000 -0.000000 -1.000000 0.000000 -0.000000 -1.000000 0.000000 -0.000000 -1.000000 0.000000 -0.000000 -1.000000 0.000000 -0.000000 -1.000000 0.000000 -0.000000 -1.000000 0.000000 -0.000000 -1.000000 0.000000 -0.000000 -1.000000 0.000000 -0.000000 -1.000000 0.000000 -0.000000 -1.000000 0.000000 -0.000000 -1.000000 0.000000 -0.000000 -1.000000 0.000000 -0.000000 -1.000000 0.000000 -0.000000 -1.000000 0.000000 -0.000000 -1.000000 0.000000 -0.000000 -1.000000 0.000000 -0.000000 -1.000000 0.000000 -0.000000 -1.000000 0.000000 -0.000000 -1.000000 0.000000 -0.000000 -1.000000 0.000000 -0.000000 -1.000000 0.000000 -0.000000 -1.000000 0.000000 -0.000000 -1.000000 0.000000 -0.000000 -1.000000 0.000000 -0.000000 -1.000000 0.000000 -0.000000 -1.000000 0.000000 -0.000000 -1.000000 0.000000 -0.000000 -1.000000 0.000000 -0.000000 -1.000000 0.000000 -0.000000 -1.000000 0.000000 -0.000000 -1.000000 0.000000 -0.000000 -1.000000 0.000000 -0.000000 -1.000000 0.000000 -0.000000 -1.000000 0.000000 -0.000000 -1.000000 0.000000 -0.000000 -1.000000 0.000000 -0.000000 -1.000000 0.000000 -0.000000 -1.000000 0.000000 -0.000000 -1.000000 0.000000 -0.000000 -1.000000 0.000000 -0.000000 -1.000000 0.000000 -0.000000 -1.000000 0.000000 -0.000000 -1.000000 0.000000 -0.000000 -1.000000 0.000000 -0.000000 -1.000000 0.000000 -0.000000 -1.000000 0.000000 -0.000000 -1.000000 0.000000 -0.000000 -1.000000 0.000000 -0.000000 -1.000000 0.000000 -0.000000 -1.000000 0.000000 -0.000000 -1.000000 0.000000 -0.000000 -1.000000 0.000000 -0.000000 -1.000000 0.000000 -0.000000 -1.000000 0.000000 -0.000000 -1.000000 0.000000 -0.000000 -1.000000 0.000000 -0.000000 -1.000000 0.000000 -0.000000 -1.000000 0.000000 -0.000000 -1.000000 -0.167362 -0.985895 0.000000 -0.167362 -0.985895 0.000000 -0.815476 -0.578790 0.000000 -0.815476 -0.578790 0.000000 -0.985895 0.167362 0.000000 -0.985895 0.167362 0.000000 0.167362 0.985895 0.000000 0.167362 0.985895 0.000000 0.167362 0.985895 0.000000 -0.319530 -0.947576 0.000000 -0.463830 -0.885924 0.000000 -0.596708 -0.802458 0.000000 -0.714894 -0.699233 0.000000 -0.895979 -0.444096 0.000000 -0.954420 -0.298466 0.000000 -0.989360 -0.145487 0.000000 -0.999939 0.011074 0.000000 -0.947576 0.319530 0.000000 -0.885924 0.463830 0.000000 -0.802458 0.596708 0.000000 -0.699233 0.714894 0.000000 -0.578790 0.815476 0.000000 -0.444096 0.895979 0.000000 -0.298466 0.954420 0.000000 -0.145487 0.989360 0.000000 0.011074 0.999939 0.000000 -0.167362 -0.985895 0.000000 0.011074 0.999939 0.000000 -0.145487 0.989360 0.000000 -0.298466 0.954420 0.000000 -0.444096 0.895979 0.000000 -0.578790 0.815476 0.000000 -0.699233 0.714894 0.000000 -0.802458 0.596708 0.000000 -0.885924 0.463830 0.000000 -0.947576 0.319530 0.000000 -0.999939 0.011074 0.000000 -0.989360 -0.145487 0.000000 -0.954420 -0.298466 0.000000 -0.895979 -0.444096 0.000000 -0.714894 -0.699233 0.000000 -0.596708 -0.802458 0.000000 -0.463830 -0.885924 0.000000 -0.319530 -0.947576 0.000000 0.000000 -0.000000 -1.000000 0.000000 -0.000000 -1.000000 0.000000 -0.000000 -1.000000 0.000000 -0.000000 -1.000000 0.000000 -0.000000 -1.000000 0.000000 -0.000000 -1.000000 0.000000 -0.000000 -1.000000 0.000000 -0.000000 -1.000000 0.000000 -0.000000 -1.000000 0.000000 -0.000000 -1.000000 0.000000 -0.000000 -1.000000 0.000000 -0.000000 -1.000000 0.000000 -0.000000 -1.000000 0.000000 -0.000000 -1.000000 0.000000 -0.000000 -1.000000 0.000000 -0.000000 -1.000000 0.000000 -0.000000 -1.000000 0.000000 -0.000000 -1.000000 0.000000 -0.000000 -1.000000 0.000000 -0.000000 -1.000000 0.000000 -0.000000 -1.000000 0.000000 -0.000000 -1.000000 0.000000 -0.000000 -1.000000 0.000000 -0.000000 -1.000000 0.000000 -0.000000 -1.000000 0.000000 -0.000000 -1.000000 0.000000 -0.000000 -1.000000 0.000000 -0.000000 -1.000000 0.000000 -0.000000 -1.000000 0.000000 -0.000000 -1.000000 0.000000 -0.000000 -1.000000 0.000000 -0.000000 -1.000000 0.000000 -0.000000 -1.000000 0.000000 -0.000000 -1.000000 0.000000 -0.000000 -1.000000 0.000000 -0.000000 -1.000000 0.000000 -0.000000 -1.000000 0.000000 -0.000000 -1.000000 0.000000 -0.000000 -1.000000 0.000000 -0.000000 -1.000000 0.000000 -0.000000 -1.000000 0.000000 -0.000000 -1.000000 0.000000 -0.000000 -1.000000 0.000000 -0.000000 -1.000000 0.000000 -0.000000 -1.000000 0.000000 -0.000000 -1.000000 0.000000 -0.000000 -1.000000 0.000000 -0.000000 -1.000000 0.000000 -0.000000 -1.000000 0.000000 -0.000000 -1.000000 0.000000 -0.000000 -1.000000 0.000000 -0.000000 -1.000000 0.000000 -0.000000 -1.000000 0.000000 -0.000000 -1.000000 0.000000 -0.000000 -1.000000 0.000000 -0.000000 -1.000000 0.000000 -0.000000 -1.000000 0.000000 -0.000000 -1.000000 0.000000 -0.000000 -1.000000 0.000000 -0.000000 -1.000000 0.000000 -0.000000 -1.000000 0.000000 -0.000000 -1.000000 0.000000 -0.000000 -1.000000 0.000000 -0.000000 -1.000000 0.000000 -0.000000 -1.000000 0.000000 -0.000000 -1.000000 0.000000 -0.000000 -1.000000 0.000000 -0.000000 -1.000000 0.000000 -0.000000 -1.000000 0.000000 -0.000000 -1.000000 0.000000 -0.000000 -1.000000 0.000000 -0.000000 -1.000000 0.000000 -0.000000 -1.000000 0.000000 -0.000000 -1.000000 0.000000 -0.000000 -1.000000 0.000000 -0.000000 -1.000000 0.000000 -0.000000 -1.000000 0.000000 -0.000000 -1.000000 0.000000 -0.000000 -1.000000 0.000000 -0.000000 -1.000000 0.000000 -0.000000 -1.000000 0.000000 -0.000000 -1.000000 0.000000 -0.000000 -1.000000 0.000000 -0.000000 -1.000000 0.000000 -0.000000 -1.000000 0.000000 -0.000000 -1.000000 0.000000 -0.000000 -1.000000 0.000000 -0.000000 -1.000000 0.000000 -0.000000 -1.000000 0.000000 -0.000000 -1.000000 0.000000 -0.000000 -1.000000 0.000000 -0.000000 -1.000000 0.000000 -0.000000 -1.000000 0.000000 -0.000000 -1.000000 0.000000 -0.000000 -1.000000 0.000000 -0.000000 -1.000000 -0.000000 0.000000 1.000000 -0.000000 0.000000 1.000000 -0.000000 0.000000 1.000000 -0.000000 0.000000 1.000000 -0.000000 0.000000 1.000000 -0.000000 0.000000 1.000000 -0.000000 0.000000 1.000000 -0.000000 0.000000 1.000000 -0.000000 0.000000 1.000000 -0.000000 0.000000 1.000000 -0.000000 0.000000 1.000000 -0.000000 0.000000 1.000000 -0.000000 0.000000 1.000000 -0.000000 0.000000 1.000000 -0.000000 0.000000 1.000000 -0.000000 0.000000 1.000000 -0.000000 0.000000 1.000000 -0.000000 0.000000 1.000000 -0.000000 0.000000 1.000000 -0.000000 0.000000 1.000000 -0.000000 0.000000 1.000000 -0.000000 0.000000 1.000000 -0.000000 0.000000 1.000000 -0.000000 0.000000 1.000000 -0.000000 0.000000 1.000000 -0.000000 0.000000 1.000000 -0.000000 0.000000 1.000000 -0.000000 0.000000 1.000000 -0.000000 0.000000 1.000000 -0.000000 0.000000 1.000000 -0.000000 0.000000 1.000000 -0.000000 0.000000 1.000000 -0.000000 0.000000 1.000000 -0.000000 0.000000 1.000000 -0.000000 0.000000 1.000000 -0.000000 0.000000 1.000000 -0.000000 0.000000 1.000000 -0.000000 0.000000 1.000000 -0.000000 0.000000 1.000000 -0.000000 0.000000 1.000000 -0.000000 0.000000 1.000000 -0.000000 0.000000 1.000000 -0.000000 0.000000 1.000000 -0.000000 0.000000 1.000000 -0.000000 0.000000 1.000000 -0.000000 0.000000 1.000000 -0.000000 0.000000 1.000000 -0.000000 0.000000 1.000000 -0.000000 0.000000 1.000000 -0.000000 0.000000 1.000000 -0.000000 0.000000 1.000000 -0.000000 0.000000 1.000000 -0.000000 0.000000 1.000000 -0.000000 0.000000 1.000000 -0.000000 0.000000 1.000000 -0.000000 0.000000 1.000000 -0.000000 0.000000 1.000000 -0.000000 0.000000 1.000000 -0.000000 0.000000 1.000000 -0.000000 0.000000 1.000000 -0.000000 0.000000 1.000000 -0.000000 0.000000 1.000000 -0.000000 0.000000 1.000000 -0.000000 0.000000 1.000000 -0.000000 0.000000 1.000000 -0.000000 0.000000 1.000000 -0.000000 0.000000 1.000000 -0.000000 0.000000 1.000000 -0.000000 0.000000 1.000000 -0.000000 0.000000 1.000000 -0.000000 0.000000 1.000000 -0.000000 0.000000 1.000000 -0.000000 0.000000 1.000000 -0.000000 0.000000 1.000000 -0.000000 0.000000 1.000000 -0.000000 0.000000 1.000000 -0.000000 0.000000 1.000000 -0.000000 0.000000 1.000000 -0.000000 0.000000 1.000000 -0.000000 0.000000 1.000000 -0.000000 0.000000 1.000000 -0.000000 0.000000 1.000000 -0.000000 0.000000 1.000000 -0.000000 0.000000 1.000000 -0.000000 0.000000 1.000000 -0.000000 0.000000 1.000000 -0.000000 0.000000 1.000000 -0.000000 0.000000 1.000000 -0.000000 0.000000 1.000000 -0.000000 0.000000 1.000000 -0.000000 0.000000 1.000000 -0.000000 0.000000 1.000000 -0.000000 0.000000 1.000000 -0.000000 0.000000 1.000000 -0.000000 0.000000 1.000000 -0.000000 0.000000 1.000000 -0.000000 0.000000 1.000000 -0.000000 0.000000 1.000000 -0.000000 0.000000 1.000000 -0.000000 0.000000 1.000000 -0.000000 0.000000 1.000000 -0.000000 0.000000 1.000000 -0.000000 0.000000 1.000000 -0.000000 0.000000 1.000000 -0.000000 0.000000 1.000000 -0.000000 0.000000 1.000000 -0.000000 0.000000 1.000000 -0.000000 0.000000 1.000000 -0.167362 -0.985895 -0.000000 -0.815476 -0.578790 -0.000000 -0.815476 -0.578790 -0.000000 0.167362 0.985895 0.000000 -0.167362 -0.985895 -0.000000 -0.167362 -0.985895 -0.000000 -0.276695 -0.960958 -0.000000 -0.382549 -0.923935 -0.000000 -0.483591 -0.875294 -0.000000 -0.578552 -0.815645 -0.000000 -0.666238 -0.745739 -0.000000 -0.745545 -0.666455 -0.000000 -0.875153 -0.483847 -0.000000 -0.923824 -0.382818 -0.000000 -0.960877 -0.276976 -0.000000 -0.985847 -0.167650 -0.000000 -0.998419 -0.056216 -0.000000 -0.998435 0.055925 0.000000 -0.985895 0.167362 0.000000 -0.960958 0.276695 0.000000 -0.923935 0.382549 0.000000 -0.875294 0.483591 0.000000 -0.815645 0.578552 0.000000 -0.745739 0.666238 0.000000 -0.666455 0.745545 0.000000 -0.578790 0.815476 0.000000 -0.483847 0.875153 0.000000 -0.382818 0.923824 0.000000 -0.276976 0.960877 0.000000 -0.167650 0.985847 0.000000 -0.056216 0.998419 0.000000 0.055925 0.998435 0.000000 0.055925 0.998435 0.000000 -0.056216 0.998419 0.000000 -0.167650 0.985847 0.000000 -0.276976 0.960877 0.000000 -0.382818 0.923824 0.000000 -0.483847 0.875153 0.000000 -0.578790 0.815476 0.000000 -0.666455 0.745545 0.000000 -0.745739 0.666238 0.000000 -0.815645 0.578552 0.000000 -0.875294 0.483591 0.000000 -0.923935 0.382549 0.000000 -0.960958 0.276695 0.000000 -0.985895 0.167362 0.000000 -0.998435 0.055925 0.000000 -0.998419 -0.056216 -0.000000 -0.985847 -0.167650 -0.000000 -0.960877 -0.276976 -0.000000 -0.923824 -0.382818 -0.000000 -0.875153 -0.483847 -0.000000 -0.745545 -0.666455 -0.000000 -0.666238 -0.745739 -0.000000 -0.578552 -0.815645 -0.000000 -0.483591 -0.875294 -0.000000 -0.382549 -0.923935 -0.000000 -0.276695 -0.960958 -0.000000 0.167362 0.985895 0.000000 0.167362 0.985895 0.000000 0.167362 0.985895 0.000000 0.985895 -0.167362 0.000000 -0.167362 -0.985895 -0.000000 -0.167362 -0.985895 -0.000000 -0.167362 -0.985895 -0.000000 0.167362 0.985895 0.000000 0.276695 0.960958 0.000000 0.382549 0.923935 0.000000 0.483591 0.875294 0.000000 0.578552 0.815645 0.000000 0.666238 0.745739 0.000000 0.745545 0.666455 0.000000 0.815476 0.578790 0.000000 0.875153 0.483847 0.000000 0.923824 0.382818 0.000000 0.960877 0.276976 0.000000 0.985847 0.167650 0.000000 0.998419 0.056216 0.000000 0.998435 -0.055925 0.000000 0.960958 -0.276695 0.000000 0.923935 -0.382549 0.000000 0.875294 -0.483591 0.000000 0.815645 -0.578552 0.000000 0.745739 -0.666238 0.000000 0.666455 -0.745545 0.000000 0.578790 -0.815476 0.000000 0.483847 -0.875153 0.000000 0.382818 -0.923824 0.000000 0.276976 -0.960877 0.000000 0.167650 -0.985847 0.000000 0.056216 -0.998419 0.000000 -0.055925 -0.998435 -0.000000 -0.055925 -0.998435 -0.000000 0.056216 -0.998419 0.000000 0.167650 -0.985847 0.000000 0.276976 -0.960877 0.000000 0.382818 -0.923824 0.000000 0.483847 -0.875153 0.000000 0.578790 -0.815476 0.000000 0.666455 -0.745545 0.000000 0.745739 -0.666238 0.000000 0.815645 -0.578552 0.000000 0.875294 -0.483591 0.000000 0.923935 -0.382549 0.000000 0.960958 -0.276695 0.000000 0.985895 -0.167362 0.000000 0.998435 -0.055925 0.000000 0.998419 0.056216 0.000000 0.985847 0.167650 0.000000 0.960877 0.276976 0.000000 0.923824 0.382818 0.000000 0.875153 0.483847 0.000000 0.815476 0.578790 0.000000 0.745545 0.666455 0.000000 0.666238 0.745739 0.000000 0.578552 0.815645 0.000000 0.483591 0.875294 0.000000 0.382549 0.923935 0.000000 0.276695 0.960958 0.000000 0.167362 0.985895 0.000000 0.167362 0.985895 -0.000000 0.167362 0.985895 -0.000000 0.985895 -0.167362 -0.000000 0.985895 -0.167362 -0.000000 -0.167362 -0.985895 -0.000000 -0.167362 -0.985895 -0.000000 0.167362 0.985895 -0.000000 -0.167362 -0.985895 -0.000000 0.319530 0.947576 -0.000000 0.463830 0.885924 -0.000000 0.596708 0.802458 -0.000000 0.714894 0.699233 -0.000000 0.815476 0.578790 -0.000000 0.895979 0.444096 -0.000000 0.954420 0.298466 -0.000000 0.989360 0.145487 -0.000000 0.999939 -0.011074 -0.000000 0.947576 -0.319530 -0.000000 0.885924 -0.463830 -0.000000 0.802458 -0.596708 -0.000000 0.699233 -0.714894 -0.000000 0.578790 -0.815476 -0.000000 0.444096 -0.895979 -0.000000 0.298466 -0.954420 -0.000000 0.145487 -0.989360 -0.000000 -0.011074 -0.999939 -0.000000 -0.011074 -0.999939 -0.000000 0.145487 -0.989360 -0.000000 0.298466 -0.954420 -0.000000 0.444096 -0.895979 -0.000000 0.578790 -0.815476 -0.000000 0.699233 -0.714894 -0.000000 0.802458 -0.596708 -0.000000 0.885924 -0.463830 -0.000000 0.947576 -0.319530 -0.000000 0.999939 -0.011074 -0.000000 0.989360 0.145487 -0.000000 0.954420 0.298466 -0.000000 0.895979 0.444096 -0.000000 0.815476 0.578790 -0.000000 0.714894 0.699233 -0.000000 0.596708 0.802458 -0.000000 0.463830 0.885924 -0.000000 0.319530 0.947576 -0.000000 -0.167362 -0.985895 0.000000 -0.167362 -0.985895 0.000000 0.167362 0.985895 -0.000000 0.167362 0.985895 -0.000000 0.167362 0.985895 -0.000000 -0.167362 -0.985895 0.000000 -0.075682 -0.997132 0.000000 0.016645 -0.999861 0.000000 0.108830 -0.994060 0.000000 0.200086 -0.979778 0.000000 0.289635 -0.957137 0.000000 0.376713 -0.926330 0.000000 0.460577 -0.887620 0.000000 0.540511 -0.841337 0.000000 0.615834 -0.787876 0.000000 0.685903 -0.727693 0.000000 0.750120 -0.661301 0.000000 0.807938 -0.589268 0.000000 0.858862 -0.512207 0.000000 0.902459 -0.430777 0.000000 0.938356 -0.345671 0.000000 0.966247 -0.257615 0.000000 0.985895 -0.167362 0.000000 0.997132 -0.075682 0.000000 0.999861 0.016645 -0.000000 0.994060 0.108830 -0.000000 0.979778 0.200086 -0.000000 0.957137 0.289635 -0.000000 0.926330 0.376713 -0.000000 0.887620 0.460577 -0.000000 0.841337 0.540511 -0.000000 0.787876 0.615834 -0.000000 0.727693 0.685903 -0.000000 0.661301 0.750120 -0.000000 0.589268 0.807938 -0.000000 0.512207 0.858862 -0.000000 0.430777 0.902459 -0.000000 0.345671 0.938356 -0.000000 0.257615 0.966247 -0.000000 0.257615 0.966247 -0.000000 0.345671 0.938356 -0.000000 0.430777 0.902459 -0.000000 0.512207 0.858862 -0.000000 0.589268 0.807938 -0.000000 0.661301 0.750120 -0.000000 0.727693 0.685903 -0.000000 0.787876 0.615834 -0.000000 0.841337 0.540511 -0.000000 0.887620 0.460577 -0.000000 0.926330 0.376713 -0.000000 0.957137 0.289635 -0.000000 0.979778 0.200086 -0.000000 0.994060 0.108830 -0.000000 0.999861 0.016645 -0.000000 0.997132 -0.075682 0.000000 0.985895 -0.167362 0.000000 0.966247 -0.257615 0.000000 0.938356 -0.345671 0.000000 0.902459 -0.430777 0.000000 0.858862 -0.512207 0.000000 0.807938 -0.589268 0.000000 0.750120 -0.661301 0.000000 0.685903 -0.727693 0.000000 0.615834 -0.787876 0.000000 0.540511 -0.841337 0.000000 0.460577 -0.887620 0.000000 0.376713 -0.926330 0.000000 0.289635 -0.957137 0.000000 0.200086 -0.979778 0.000000 0.108830 -0.994060 0.000000 0.016645 -0.999861 0.000000 -0.075682 -0.997132 0.000000</float_array>
          <technique_common>
            <accessor count="680" offset="0" source="#lib-normal-array-a36f266e-2229-4fd8-ad7a-911a8a15d01f" stride="3">
              <param name="X" type="float" />
              <param name="Y" type="float" />
              <param name="Z" type="float" />
            </accessor>
          </technique_common>
        </source>
        <source id="lib-map1-a36f266e-2229-4fd8-ad7a-911a8a15d01f" name="map1">
          <float_array id="lib-map1-array-a36f266e-2229-4fd8-ad7a-911a8a15d01f" count="1360">0.998535 0.000000 0.975000 0.000000 0.998535 0.314032 0.998535 0.628065 0.975000 0.628065 0.986768 0.000000 0.998535 0.018472 0.998535 0.036945 0.998535 0.055417 0.998535 0.073890 0.998535 0.092362 0.998535 0.110835 0.998535 0.129307 0.998535 0.147780 0.998535 0.166252 0.998535 0.184725 0.998535 0.203197 0.998535 0.221670 0.998535 0.240142 0.998535 0.258615 0.998535 0.277087 0.998535 0.295560 0.998535 0.332505 0.998535 0.350977 0.998535 0.369450 0.998535 0.387922 0.998535 0.406395 0.998535 0.424867 0.998535 0.443340 0.998535 0.461812 0.998535 0.480285 0.998535 0.498757 0.998535 0.517230 0.998535 0.535702 0.998535 0.554175 0.998535 0.572647 0.998535 0.591120 0.998535 0.609592 0.986768 0.628065 0.975000 0.609592 0.975000 0.591120 0.975000 0.572647 0.975000 0.554175 0.975000 0.535702 0.975000 0.517230 0.975000 0.498757 0.975000 0.480285 0.975000 0.461812 0.975000 0.443340 0.975000 0.424867 0.975000 0.406395 0.975000 0.387922 0.975000 0.369450 0.975000 0.350977 0.975000 0.332505 0.975000 0.314032 0.975000 0.295560 0.975000 0.277087 0.975000 0.258615 0.975000 0.240142 0.975000 0.221670 0.975000 0.203197 0.975000 0.184725 0.975000 0.166252 0.975000 0.147780 0.975000 0.129307 0.975000 0.110835 0.975000 0.092362 0.975000 0.073890 0.975000 0.055417 0.975000 0.036945 0.975000 0.018472 0.000000 0.199268 0.000853 0.180881 0.003405 0.162652 0.007635 0.144735 0.013506 0.127284 0.020967 0.110446 0.029957 0.094367 0.040397 0.079182 0.052198 0.065022 0.065261 0.052007 0.079473 0.040249 0.094714 0.029847 0.110852 0.020891 0.127752 0.013456 0.145267 0.007607 0.163250 0.003393 0.181546 0.000850 0.200000 0.000000 0.218454 0.000850 0.236750 0.003393 0.254733 0.007607 0.272248 0.013456 0.289148 0.020891 0.305286 0.029847 0.320527 0.040249 0.334739 0.052007 0.347802 0.065022 0.359603 0.079182 0.370043 0.094367 0.379033 0.110446 0.386494 0.127284 0.392365 0.144735 0.396595 0.162652 0.399147 0.180881 0.400000 0.199268 0.375000 0.199268 0.373900 0.179746 0.370612 0.160469 0.365180 0.141680 0.357670 0.123616 0.348177 0.106503 0.336821 0.090556 0.323744 0.075977 0.309111 0.062948 0.293106 0.051633 0.275930 0.042175 0.257799 0.034693 0.238941 0.029280 0.219594 0.026005 0.200000 0.024908 0.180406 0.026005 0.161059 0.029280 0.142201 0.034693 0.124070 0.042175 0.106894 0.051633 0.090889 0.062948 0.076256 0.075977 0.063179 0.090556 0.051823 0.106503 0.042330 0.123616 0.034820 0.141680 0.029388 0.160469 0.026100 0.179746 0.025000 0.199268 0.026100 0.218790 0.029388 0.238066 0.034820 0.256855 0.042330 0.274919 0.051823 0.292032 0.063179 0.307979 0.076256 0.322558 0.090889 0.335587 0.106894 0.346902 0.124070 0.356360 0.142201 0.363842 0.161059 0.369255 0.180406 0.372530 0.200000 0.373627 0.219594 0.372530 0.238941 0.369255 0.257799 0.363842 0.275930 0.356360 0.293106 0.346902 0.309111 0.335587 0.323744 0.322558 0.336821 0.307979 0.348177 0.292032 0.357670 0.274919 0.365180 0.256855 0.370612 0.238066 0.373900 0.218790 0.399147 0.217654 0.396595 0.235883 0.392365 0.253800 0.386494 0.271251 0.379033 0.288089 0.370043 0.304168 0.359603 0.319353 0.347802 0.333513 0.334739 0.346528 0.320527 0.358287 0.305286 0.368688 0.289148 0.377645 0.272248 0.385079 0.254733 0.390928 0.236750 0.395142 0.218454 0.397685 0.200000 0.398535 0.181546 0.397685 0.163250 0.395142 0.145267 0.390928 0.127752 0.385079 0.110852 0.377645 0.094714 0.368688 0.079473 0.358287 0.065261 0.346528 0.052198 0.333513 0.040397 0.319353 0.029957 0.304168 0.020967 0.288089 0.013506 0.271251 0.007635 0.253800 0.003405 0.235883 0.000853 0.217654 0.400000 0.400000 0.400000 0.523535 0.468695 0.400000 0.468695 0.523535 0.537389 0.400000 0.537389 0.523535 0.674778 0.400000 0.674778 0.523535 0.674778 0.461768 0.413739 0.400000 0.427478 0.400000 0.441217 0.400000 0.454956 0.400000 0.482433 0.400000 0.496172 0.400000 0.509911 0.400000 0.523650 0.400000 0.551128 0.400000 0.564867 0.400000 0.578606 0.400000 0.592345 0.400000 0.606084 0.400000 0.619823 0.400000 0.633562 0.400000 0.647300 0.400000 0.661039 0.400000 0.400000 0.461768 0.661039 0.523535 0.647300 0.523535 0.633562 0.523535 0.619823 0.523535 0.606084 0.523535 0.592345 0.523535 0.578606 0.523535 0.564867 0.523535 0.551128 0.523535 0.523650 0.523535 0.509911 0.523535 0.496172 0.523535 0.482433 0.523535 0.454956 0.523535 0.441217 0.523535 0.427478 0.523535 0.413739 0.523535 0.487134 0.824268 0.488207 0.837898 0.491398 0.851193 0.496631 0.863826 0.503775 0.875484 0.512655 0.885880 0.523052 0.894760 0.534710 0.901904 0.547342 0.907137 0.560637 0.910329 0.574268 0.911401 0.587898 0.910329 0.601193 0.907137 0.613826 0.901904 0.625484 0.894760 0.635880 0.885880 0.644760 0.875484 0.651904 0.863826 0.657137 0.851193 0.660329 0.837898 0.661401 0.824268 0.400000 0.824268 0.401096 0.804756 0.404369 0.785489 0.409779 0.766711 0.417258 0.748656 0.426711 0.731552 0.438020 0.715614 0.451042 0.701042 0.465614 0.688020 0.481552 0.676711 0.498656 0.667258 0.516711 0.659779 0.535489 0.654369 0.554756 0.651096 0.574268 0.650000 0.593779 0.651096 0.613046 0.654369 0.631824 0.659779 0.649879 0.667258 0.666984 0.676711 0.682922 0.688020 0.697493 0.701042 0.710515 0.715614 0.721824 0.731552 0.731277 0.748656 0.738756 0.766711 0.744166 0.785489 0.747439 0.804756 0.748535 0.824268 0.747439 0.843779 0.744166 0.863046 0.738756 0.881824 0.731277 0.899879 0.721824 0.916984 0.710515 0.932922 0.697493 0.947493 0.682922 0.960515 0.666984 0.971824 0.649879 0.981277 0.631824 0.988756 0.613046 0.994166 0.593779 0.997439 0.574268 0.998535 0.554756 0.997439 0.535489 0.994166 0.516711 0.988756 0.498656 0.981277 0.481552 0.971824 0.465614 0.960515 0.451042 0.947493 0.438020 0.932922 0.426711 0.916984 0.417258 0.899879 0.409779 0.881824 0.404369 0.863046 0.401096 0.843779 0.660329 0.810637 0.657137 0.797342 0.651904 0.784710 0.644760 0.773052 0.635880 0.762655 0.625484 0.753775 0.613826 0.746631 0.601193 0.741398 0.587898 0.738207 0.574268 0.737134 0.560637 0.738207 0.547342 0.741398 0.534710 0.746631 0.523052 0.753775 0.512655 0.762655 0.503775 0.773052 0.496631 0.784710 0.491398 0.797342 0.488207 0.810637 0.199268 0.400000 0.217654 0.400853 0.235883 0.403405 0.253800 0.407635 0.271251 0.413506 0.288089 0.420967 0.304168 0.429957 0.319353 0.440397 0.333513 0.452198 0.346528 0.465261 0.358287 0.479473 0.368688 0.494714 0.377645 0.510852 0.385079 0.527752 0.390928 0.545267 0.395142 0.563250 0.397685 0.581546 0.398535 0.600000 0.397685 0.618454 0.395142 0.636750 0.390928 0.654733 0.385079 0.672248 0.377645 0.689148 0.368688 0.705286 0.358287 0.720527 0.346528 0.734739 0.333513 0.747802 0.319353 0.759603 0.304168 0.770043 0.288089 0.779033 0.271251 0.786494 0.253800 0.792365 0.235883 0.796595 0.217654 0.799147 0.199268 0.800000 0.199268 0.512500 0.185630 0.513577 0.172328 0.516783 0.159689 0.522037 0.148025 0.529211 0.137622 0.538128 0.128738 0.548569 0.121590 0.560276 0.116355 0.572961 0.113161 0.586312 0.112088 0.600000 0.113161 0.613688 0.116355 0.627039 0.121590 0.639724 0.128738 0.651431 0.137622 0.661872 0.148025 0.670789 0.159689 0.677963 0.172328 0.683217 0.185630 0.686423 0.199268 0.687500 0.212905 0.686423 0.226208 0.683217 0.238846 0.677963 0.250510 0.670789 0.260913 0.661872 0.269797 0.651431 0.276945 0.639724 0.282180 0.627039 0.285374 0.613688 0.286447 0.600000 0.285374 0.586312 0.282180 0.572961 0.276945 0.560276 0.269797 0.548569 0.260913 0.538128 0.250510 0.529211 0.238846 0.522037 0.226208 0.516783 0.212905 0.513577 0.180881 0.799147 0.162652 0.796595 0.144735 0.792365 0.127284 0.786494 0.110446 0.779033 0.094367 0.770043 0.079182 0.759603 0.065022 0.747802 0.052007 0.734739 0.040249 0.720527 0.029847 0.705286 0.020891 0.689148 0.013456 0.672248 0.007607 0.654733 0.003393 0.636750 0.000850 0.618454 0.000000 0.600000 0.000850 0.581546 0.003393 0.563250 0.007607 0.545267 0.013456 0.527752 0.020891 0.510852 0.029847 0.494714 0.040249 0.479473 0.052007 0.465261 0.065022 0.452198 0.079182 0.440397 0.094367 0.429957 0.110446 0.420967 0.127284 0.413506 0.144735 0.407635 0.162652 0.403405 0.180881 0.400853 0.850000 0.000000 0.948535 0.137389 0.850000 0.137389 0.850000 0.549557 0.899268 0.000000 0.948535 0.000000 0.948535 0.019627 0.948535 0.039254 0.948535 0.058881 0.948535 0.078508 0.948535 0.098135 0.948535 0.117762 0.948535 0.157016 0.948535 0.176643 0.948535 0.196270 0.948535 0.215897 0.948535 0.235524 0.948535 0.255151 0.948535 0.274778 0.948535 0.294405 0.948535 0.314032 0.948535 0.333659 0.948535 0.353286 0.948535 0.372913 0.948535 0.392540 0.948535 0.412167 0.948535 0.431794 0.948535 0.451421 0.948535 0.471048 0.948535 0.490675 0.948535 0.510302 0.948535 0.529930 0.850000 0.529930 0.850000 0.510302 0.850000 0.490675 0.850000 0.471048 0.850000 0.451421 0.850000 0.431794 0.850000 0.412167 0.850000 0.392540 0.850000 0.372913 0.850000 0.353286 0.850000 0.333659 0.850000 0.314032 0.850000 0.294405 0.850000 0.274778 0.850000 0.255151 0.850000 0.235524 0.850000 0.215897 0.850000 0.196270 0.850000 0.176643 0.850000 0.157016 0.850000 0.117762 0.850000 0.098135 0.850000 0.078508 0.850000 0.058881 0.850000 0.039254 0.850000 0.019627 0.948535 0.549557 0.899268 0.549557 0.750000 0.000000 0.848535 0.274778 0.750000 0.549557 0.848535 0.549557 0.799268 0.549557 0.848535 0.000000 0.848535 0.019627 0.848535 0.039254 0.848535 0.058881 0.848535 0.078508 0.848535 0.098135 0.848535 0.117762 0.848535 0.137389 0.848535 0.157016 0.848535 0.176643 0.848535 0.196270 0.848535 0.215897 0.848535 0.235524 0.848535 0.255151 0.848535 0.294405 0.848535 0.314032 0.848535 0.333659 0.848535 0.353286 0.848535 0.372913 0.848535 0.392540 0.848535 0.412167 0.848535 0.431794 0.848535 0.451421 0.848535 0.471048 0.848535 0.490675 0.848535 0.510302 0.848535 0.529930 0.750000 0.529930 0.750000 0.510302 0.750000 0.490675 0.750000 0.471048 0.750000 0.451421 0.750000 0.431794 0.750000 0.412167 0.750000 0.392540 0.750000 0.372913 0.750000 0.353286 0.750000 0.333659 0.750000 0.314032 0.750000 0.294405 0.750000 0.274778 0.750000 0.255151 0.750000 0.235524 0.750000 0.215897 0.750000 0.196270 0.750000 0.176643 0.750000 0.157016 0.750000 0.137389 0.750000 0.117762 0.750000 0.098135 0.750000 0.078508 0.750000 0.058881 0.750000 0.039254 0.750000 0.019627 0.799268 0.000000 0.400000 0.525000 0.400000 0.648535 0.537389 0.525000 0.537389 0.648535 0.674778 0.525000 0.674778 0.648535 0.400000 0.586768 0.674778 0.586768 0.413739 0.525000 0.427478 0.525000 0.441217 0.525000 0.454956 0.525000 0.468695 0.525000 0.482433 0.525000 0.496172 0.525000 0.509911 0.525000 0.523650 0.525000 0.551128 0.525000 0.564867 0.525000 0.578606 0.525000 0.592345 0.525000 0.606084 0.525000 0.619823 0.525000 0.633562 0.525000 0.647300 0.525000 0.661039 0.525000 0.661039 0.648535 0.647300 0.648535 0.633562 0.648535 0.619823 0.648535 0.606084 0.648535 0.592345 0.648535 0.578606 0.648535 0.564867 0.648535 0.551128 0.648535 0.523650 0.648535 0.509911 0.648535 0.496172 0.648535 0.482433 0.648535 0.468695 0.648535 0.454956 0.648535 0.441217 0.648535 0.427478 0.648535 0.413739 0.648535 0.973535 0.000000 0.950000 0.000000 0.973535 0.628065 0.950000 0.628065 0.961768 0.628065 0.961768 0.000000 0.973535 0.018472 0.973535 0.036945 0.973535 0.055417 0.973535 0.073890 0.973535 0.092362 0.973535 0.110835 0.973535 0.129307 0.973535 0.147780 0.973535 0.166252 0.973535 0.184725 0.973535 0.203197 0.973535 0.221670 0.973535 0.240142 0.973535 0.258615 0.973535 0.277087 0.973535 0.295560 0.973535 0.314032 0.973535 0.332505 0.973535 0.350977 0.973535 0.369450 0.973535 0.387922 0.973535 0.406395 0.973535 0.424867 0.973535 0.443340 0.973535 0.461812 0.973535 0.480285 0.973535 0.498757 0.973535 0.517230 0.973535 0.535702 0.973535 0.554175 0.973535 0.572647 0.973535 0.591120 0.973535 0.609592 0.950000 0.609592 0.950000 0.591120 0.950000 0.572647 0.950000 0.554175 0.950000 0.535702 0.950000 0.517230 0.950000 0.498757 0.950000 0.480285 0.950000 0.461812 0.950000 0.443340 0.950000 0.424867 0.950000 0.406395 0.950000 0.387922 0.950000 0.369450 0.950000 0.350977 0.950000 0.332505 0.950000 0.314032 0.950000 0.295560 0.950000 0.277087 0.950000 0.258615 0.950000 0.240142 0.950000 0.221670 0.950000 0.203197 0.950000 0.184725 0.950000 0.166252 0.950000 0.147780 0.950000 0.129307 0.950000 0.110835 0.950000 0.092362 0.950000 0.073890 0.950000 0.055417 0.950000 0.036945 0.950000 0.018472</float_array>
          <technique_common>
            <accessor count="680" offset="0" source="#lib-map1-array-a36f266e-2229-4fd8-ad7a-911a8a15d01f" stride="2">
              <param name="S" type="float" />
              <param name="T" type="float" />
            </accessor>
          </technique_common>
        </source>
        <vertices id="lib-vertices-a36f266e-2229-4fd8-ad7a-911a8a15d01f">
          <input semantic="POSITION" source="#lib-position-a36f266e-2229-4fd8-ad7a-911a8a15d01f" />
        </vertices>
        <triangles count="668" material="material-a0000000-0000-0000-0000-000000000000">
          <input offset="0" semantic="VERTEX" source="#lib-vertices-a36f266e-2229-4fd8-ad7a-911a8a15d01f" />
          <input offset="1" semantic="NORMAL" source="#lib-normal-a36f266e-2229-4fd8-ad7a-911a8a15d01f" />
          <input offset="2" semantic="TEXCOORD" source="#lib-map1-a36f266e-2229-4fd8-ad7a-911a8a15d01f" />
          <p>5 5 5 0 0 0 6 6 6 8 8 8 69 69 69 70 70 70 7 7 7 70 70 70 71 71 71 9 9 9 10 10 10 67 67 67 11 11 11 12 12 12 65 65 65 12 12 12 13 13 13 64 64 64 10 10 10 11 11 11 66 66 66 8 8 8 9 9 9 68 68 68 14 14 14 15 15 15 62 62 62 16 16 16 17 17 17 60 60 60 15 15 15 16 16 16 61 61 61 18 18 18 19 19 19 58 58 58 20 20 20 21 21 21 56 56 56 56 56 56 21 21 21 2 2 2 19 19 19 20 20 20 57 57 57 17 17 17 18 18 18 59 59 59 13 13 13 14 14 14 63 63 63 71 71 71 1 1 1 5 5 5 6 6 6 71 71 71 5 5 5 22 22 22 23 23 23 53 53 53 25 25 25 51 51 51 52 52 52 23 23 23 24 24 24 52 52 52 27 27 27 49 49 49 50 50 50 29 29 29 47 47 47 48 48 48 29 29 29 30 30 30 46 46 46 28 28 28 48 48 48 49 49 49 26 26 26 50 50 50 51 51 51 31 31 31 32 32 32 44 44 44 33 33 33 34 34 34 42 42 42 32 32 32 33 33 33 43 43 43 36 36 36 40 40 40 41 41 41 38 38 38 37 37 37 3 3 3 36 36 36 37 37 37 39 39 39 34 34 34 35 35 35 41 41 41 30 30 30 31 31 31 45 45 45 39 39 39 37 37 37 38 38 38 54 54 54 55 55 55 2 2 2 38 38 38 4 4 4 39 39 39 78 78 78 77 77 77 130 130 130 79 79 79 78 78 78 130 130 130 128 128 128 80 80 80 129 129 129 129 129 129 79 79 79 130 130 130 128 128 128 81 81 81 80 80 80 80 80 80 79 79 79 129 129 129 131 131 131 130 130 130 77 77 77 75 75 75 74 74 74 133 133 133 74 74 74 73 73 73 134 134 134 132 132 132 76 76 76 75 75 75 76 76 76 132 132 132 131 131 131 74 74 74 134 134 134 133 133 133 75 75 75 133 133 133 132 132 132 131 131 131 77 77 77 76 76 76 135 135 135 134 134 134 73 73 73 86 86 86 85 85 85 124 124 124 84 84 84 125 125 125 85 85 85 86 86 86 123 123 123 87 87 87 121 121 121 89 89 89 88 88 88 88 88 88 122 122 122 121 121 121 121 121 121 90 90 90 89 89 89 87 87 87 122 122 122 88 88 88 123 123 123 122 122 122 87 87 87 126 126 126 82 82 82 127 127 127 127 127 127 81 81 81 128 128 128 126 126 126 83 83 83 82 82 82 82 82 82 81 81 81 127 127 127 124 124 124 85 85 85 125 125 125 84 84 84 83 83 83 126 126 126 125 125 125 84 84 84 126 126 126 124 124 124 123 123 123 86 86 86 194 194 194 136 136 136 195 195 195 72 72 72 195 195 195 135 135 135 136 136 136 194 194 194 137 137 137 138 138 138 137 137 137 193 193 193 137 137 137 194 194 194 193 193 193 135 135 135 195 195 195 136 136 136 135 135 135 73 73 73 72 72 72 139 139 139 192 192 192 191 191 191 193 193 193 192 192 192 138 138 138 191 191 191 190 190 190 140 140 140 138 138 138 192 192 192 139 139 139 190 190 190 189 189 189 140 140 140 189 189 189 188 188 188 141 141 141 141 141 141 140 140 140 189 189 189 139 139 139 191 191 191 140 140 140 188 188 188 187 187 187 142 142 142 187 187 187 186 186 186 143 143 143 143 143 143 142 142 142 187 187 187 141 141 141 188 188 188 142 142 142 186 186 186 144 144 144 143 143 143 145 145 145 144 144 144 184 184 184 185 185 185 144 144 144 186 186 186 146 146 146 145 145 145 183 183 183 183 183 183 145 145 145 184 184 184 146 146 146 183 183 183 182 182 182 144 144 144 185 185 185 184 184 184 181 181 181 148 148 148 147 147 147 148 148 148 181 181 181 180 180 180 149 149 149 148 148 148 180 180 180 182 182 182 181 181 181 147 147 147 147 147 147 146 146 146 182 182 182 120 120 120 91 91 91 90 90 90 119 119 119 91 91 91 120 120 120 118 118 118 92 92 92 119 119 119 94 94 94 93 93 93 117 117 117 118 118 118 93 93 93 92 92 92 91 91 91 119 119 119 92 92 92 118 118 118 117 117 117 93 93 93 116 116 116 95 95 95 94 94 94 116 116 116 94 94 94 117 117 117 116 116 116 96 96 96 95 95 95 115 115 115 97 97 97 96 96 96 97 97 97 115 115 115 114 114 114 114 114 114 98 98 98 97 97 97 116 116 116 115 115 115 96 96 96 99 99 99 113 113 113 112 112 112 114 114 114 113 113 113 98 98 98 112 112 112 111 111 111 101 101 101 98 98 98 113 113 113 99 99 99 112 112 112 101 101 101 100 100 100 101 101 101 111 111 111 102 102 102 100 100 100 99 99 99 112 112 112 110 110 110 102 102 102 111 111 111 103 103 103 110 110 110 109 109 109 105 105 105 108 108 108 107 107 107 108 108 108 104 104 104 109 109 109 108 108 108 105 105 105 104 104 104 105 105 105 107 107 107 106 106 106 104 104 104 103 103 103 109 109 109 103 103 103 102 102 102 110 110 110 163 163 163 106 106 106 107 107 107 153 153 153 152 152 152 175 175 175 152 152 152 151 151 151 176 176 176 172 172 172 155 155 155 154 154 154 154 154 154 173 173 173 172 172 172 172 172 172 171 171 171 155 155 155 174 174 174 154 154 154 153 153 153 174 174 174 173 173 173 154 154 154 178 178 178 150 150 150 149 149 149 149 149 149 179 179 179 178 178 178 178 178 178 177 177 177 150 150 150 180 180 180 179 179 179 149 149 149 177 177 177 176 176 176 151 151 151 177 177 177 151 151 151 150 150 150 176 176 176 175 175 175 152 152 152 175 175 175 174 174 174 153 153 153 164 164 164 162 162 162 161 161 161 166 166 166 160 160 160 159 159 159 160 160 160 165 165 165 161 161 161 161 161 161 165 165 165 164 164 164 165 165 165 160 160 160 166 166 166 164 164 164 163 163 163 162 162 162 163 163 163 107 107 107 162 162 162 167 167 167 166 166 166 159 159 159 170 170 170 157 157 157 156 156 156 156 156 156 171 171 171 170 170 170 170 170 170 169 169 169 157 157 157 155 155 155 171 171 171 156 156 156 168 168 168 167 167 167 158 158 158 159 159 159 158 158 158 167 167 167 158 158 158 169 169 169 168 168 168 157 157 157 169 169 169 158 158 158 90 90 90 121 121 121 120 120 120 222 222 222 205 205 205 196 196 196 206 206 206 238 238 238 237 237 237 207 207 207 237 237 237 236 236 236 205 205 205 239 239 239 238 238 238 198 198 198 199 199 199 235 235 235 209 209 209 235 235 235 234 234 234 211 211 211 233 233 233 232 232 232 212 212 212 232 232 232 201 201 201 210 210 210 234 234 234 233 233 233 208 208 208 236 236 236 199 199 199 239 239 239 222 222 222 197 197 197 205 205 205 222 222 222 239 239 239 213 213 213 231 231 231 230 230 230 215 215 215 229 229 229 228 228 228 216 216 216 228 228 228 227 227 227 214 214 214 230 230 230 229 229 229 218 218 218 226 226 226 225 225 225 219 219 219 225 225 225 224 224 224 204 204 204 202 202 202 221 221 221 220 220 220 224 224 224 223 223 223 217 217 217 227 227 227 226 226 226 221 221 221 223 223 223 204 204 204 231 231 231 213 213 213 200 200 200 204 204 204 223 223 223 203 203 203 265 265 265 334 334 334 333 333 333 333 333 333 266 266 266 265 265 265 267 267 267 331 331 331 268 268 268 266 266 266 332 332 332 267 267 267 331 331 331 269 269 269 268 268 268 263 263 263 262 262 262 335 335 335 264 264 264 263 263 263 334 334 334 262 262 262 240 240 240 335 335 335 263 263 263 335 335 335 334 334 334 334 334 334 265 265 265 264 264 264 261 261 261 240 240 240 262 262 262 330 330 330 270 270 270 269 269 269 271 271 271 328 328 328 272 272 272 272 272 272 328 328 328 273 273 273 326 326 326 274 274 274 327 327 327 273 273 273 327 327 327 274 274 274 273 273 273 328 328 328 327 327 327 332 332 332 266 266 266 333 333 333 331 331 331 267 267 267 332 332 332 329 329 329 270 270 270 330 330 330 271 271 271 329 329 329 328 328 328 331 331 331 330 330 330 269 269 269 271 271 271 270 270 270 329 329 329 315 315 315 241 241 241 316 316 316 240 240 240 261 261 261 316 316 316 314 314 314 242 242 242 315 315 315 241 241 241 315 315 315 242 242 242 243 243 243 314 314 314 313 313 313 316 316 316 241 241 241 240 240 240 312 312 312 243 243 243 313 313 313 311 311 311 244 244 244 312 312 312 310 310 310 245 245 245 311 311 311 309 309 309 245 245 245 310 310 310 309 309 309 308 308 308 246 246 246 314 314 314 243 243 243 242 242 242 245 245 245 309 309 309 246 246 246 244 244 244 311 311 311 245 245 245 307 307 307 248 248 248 247 247 247 308 308 308 307 307 307 247 247 247 246 246 246 308 308 308 247 247 247 306 306 306 305 305 305 248 248 248 248 248 248 307 307 307 306 306 306 250 250 250 249 249 249 304 304 304 305 305 305 304 304 304 249 249 249 303 303 303 250 250 250 304 304 304 248 248 248 305 305 305 249 249 249 243 243 243 312 312 312 244 244 244 275 275 275 274 274 274 326 326 326 325 325 325 276 276 276 326 326 326 275 275 275 326 326 326 276 276 276 277 277 277 276 276 276 325 325 325 278 278 278 277 277 277 324 324 324 325 325 325 324 324 324 277 277 277 279 279 279 278 278 278 323 323 323 278 278 278 324 324 324 323 323 323 323 323 323 322 322 322 280 280 280 321 321 321 320 320 320 283 283 283 320 320 320 319 319 319 284 284 284 281 281 281 322 322 322 321 321 321 280 280 280 279 279 279 323 323 323 321 321 321 282 282 282 281 281 281 283 283 283 282 282 282 321 321 321 319 319 319 285 285 285 284 284 284 283 283 283 320 320 320 284 284 284 285 285 285 319 319 319 286 286 286 287 287 287 318 318 318 317 317 317 288 288 288 317 317 317 260 260 260 317 317 317 288 288 288 287 287 287 286 286 286 318 318 318 287 287 287 318 318 318 286 286 286 319 319 319 289 289 289 288 288 288 260 260 260 280 280 280 322 322 322 281 281 281 298 298 298 253 253 253 299 299 299 299 299 299 253 253 253 252 252 252 256 256 256 255 255 255 295 295 295 255 255 255 254 254 254 297 297 297 254 254 254 253 253 253 298 298 298 303 303 303 302 302 302 250 250 250 302 302 302 251 251 251 250 250 250 301 301 301 251 251 251 302 302 302 251 251 251 301 301 301 252 252 252 301 301 301 300 300 300 252 252 252 300 300 300 299 299 299 252 252 252 294 294 294 257 257 257 256 256 256 291 291 291 258 258 258 292 292 292 259 259 259 258 258 258 291 291 291 257 257 257 293 293 293 292 292 292 291 291 291 290 290 290 259 259 259 290 290 290 260 260 260 259 259 259 290 290 290 289 289 289 260 260 260 254 254 254 298 298 298 297 297 297 255 255 255 297 297 297 296 296 296 255 255 255 296 296 296 295 295 295 294 294 294 256 256 256 295 295 295 257 257 257 294 294 294 293 293 293 257 257 257 292 292 292 258 258 258 407 407 407 342 342 342 343 343 343 407 407 407 343 343 343 344 344 344 345 345 345 346 346 346 405 405 405 345 345 345 406 406 406 344 344 344 346 346 346 347 347 347 405 405 405 337 337 337 410 410 410 371 371 371 337 337 337 338 338 338 410 410 410 341 341 341 408 408 408 340 340 340 410 410 410 338 338 338 339 339 339 339 339 339 340 340 340 409 409 409 342 342 342 408 408 408 341 341 341 336 336 336 337 337 337 371 371 371 404 404 404 347 347 347 348 348 348 350 350 350 403 403 403 349 349 349 351 351 351 402 402 402 350 350 350 401 401 401 402 402 402 352 352 352 402 402 402 403 403 403 350 350 350 352 352 352 402 402 402 351 351 351 404 404 404 349 349 349 403 403 403 409 409 409 410 410 410 339 339 339 408 408 408 409 409 409 340 340 340 404 404 404 405 405 405 347 347 347 406 406 406 407 407 407 344 344 344 405 405 405 406 406 406 345 345 345 408 408 408 342 342 342 407 407 407 348 348 348 349 349 349 404 404 404 441 441 441 442 442 442 372 372 372 373 373 373 440 440 440 441 441 441 438 438 438 439 439 439 374 374 374 374 374 374 439 439 439 440 440 440 442 442 442 443 443 443 372 372 372 436 436 436 437 437 437 375 375 375 438 438 438 375 375 375 437 437 437 377 377 377 434 434 434 435 435 435 433 433 433 378 378 378 432 432 432 377 377 377 433 433 433 434 434 434 376 376 376 435 435 435 436 436 436 443 443 443 336 336 336 371 371 371 374 374 374 375 375 375 438 438 438 373 373 373 374 374 374 440 440 440 376 376 376 377 377 377 435 435 435 432 432 432 378 378 378 431 431 431 377 377 377 378 378 378 433 433 433 375 375 375 376 376 376 436 436 436 429 429 429 430 430 430 380 380 380 431 431 431 379 379 379 430 430 430 429 429 429 380 380 380 428 428 428 428 428 428 381 381 381 427 427 427 380 380 380 381 381 381 428 428 428 379 379 379 380 380 380 430 430 430 379 379 379 431 431 431 378 378 378 372 372 372 373 373 373 441 441 441 443 443 443 371 371 371 372 372 372 352 352 352 353 353 353 401 401 401 400 400 400 401 401 401 354 354 354 353 353 353 354 354 354 401 401 401 355 355 355 400 400 400 354 354 354 399 399 399 400 400 400 356 356 356 355 355 355 356 356 356 400 400 400 357 357 357 399 399 399 356 356 356 357 357 357 398 398 398 399 399 399 398 398 398 359 359 359 397 397 397 396 396 396 362 362 362 395 395 395 394 394 394 366 366 366 393 393 393 364 364 364 394 394 394 395 395 395 361 361 361 396 396 396 397 397 397 357 357 357 358 358 358 398 398 398 397 397 397 359 359 359 360 360 360 361 361 361 397 397 397 360 360 360 395 395 395 362 362 362 363 363 363 364 364 364 395 395 395 363 363 363 362 362 362 396 396 396 361 361 361 394 394 394 364 364 364 365 365 365 393 393 393 366 366 366 367 367 367 366 366 366 394 394 394 365 365 365 392 392 392 393 393 393 367 367 367 368 368 368 369 369 369 392 392 392 392 392 392 369 369 369 391 391 391 367 367 367 368 368 368 392 392 392 370 370 370 391 391 391 369 369 369 358 358 358 359 359 359 398 398 398 385 385 385 421 421 421 384 384 384 422 422 422 423 423 423 384 384 384 388 388 388 416 416 416 387 387 387 387 387 387 418 418 418 386 386 386 386 386 386 419 419 419 385 385 385 426 426 426 381 381 381 382 382 382 425 425 425 426 426 426 382 382 382 427 427 427 381 381 381 426 426 426 424 424 424 383 383 383 423 423 423 384 384 384 423 423 423 383 383 383 424 424 424 425 425 425 382 382 382 383 383 383 424 424 424 382 382 382 414 414 414 388 388 388 389 389 389 415 415 415 388 388 388 414 414 414 391 391 391 411 411 411 390 390 390 388 388 388 415 415 415 416 416 416 412 412 412 413 413 413 390 390 390 414 414 414 389 389 389 413 413 413 411 411 411 412 412 412 390 390 390 411 411 411 391 391 391 370 370 370 385 385 385 420 420 420 421 421 421 421 421 421 422 422 422 384 384 384 420 420 420 385 385 385 419 419 419 419 419 419 386 386 386 418 418 418 417 417 417 418 418 418 387 387 387 416 416 416 417 417 417 387 387 387 389 389 389 390 390 390 413 413 413 448 448 448 449 449 449 450 450 450 501 501 501 448 448 448 450 450 450 452 452 452 499 499 499 500 500 500 451 451 451 500 500 500 501 501 501 452 452 452 453 453 453 498 498 498 453 453 453 454 454 454 497 497 497 455 455 455 496 496 496 497 497 497 456 456 456 495 495 495 446 446 446 445 445 445 446 446 446 496 496 496 458 458 458 493 493 493 494 494 494 459 459 459 460 460 460 491 491 491 458 458 458 459 459 459 492 492 492 457 457 457 494 494 494 495 495 495 461 461 461 490 490 490 491 491 491 448 448 448 501 501 501 444 444 444 489 489 489 490 490 490 461 461 461 488 488 488 489 489 489 462 462 462 463 463 463 464 464 464 487 487 487 465 465 465 466 466 466 485 485 485 467 467 467 468 468 468 483 483 483 466 466 466 467 467 467 484 484 484 464 464 464 465 465 465 486 486 486 469 469 469 470 470 470 481 481 481 471 471 471 472 472 472 479 479 479 470 470 470 471 471 471 480 480 480 473 473 473 474 474 474 477 477 477 503 503 503 475 475 475 502 502 502 474 474 474 475 475 475 476 476 476 472 472 472 473 473 473 478 478 478 468 468 468 469 469 469 482 482 482 503 503 503 447 447 447 476 476 476 503 503 503 476 476 476 475 475 475 563 563 563 509 509 509 510 510 510 562 562 562 563 563 563 510 510 510 511 511 511 512 512 512 560 560 560 510 510 510 511 511 511 561 561 561 512 512 512 513 513 513 559 559 559 513 513 513 514 514 514 558 558 558 514 514 514 515 515 515 557 557 557 516 516 516 517 517 517 555 555 555 515 515 515 516 516 516 556 556 556 518 518 518 519 519 519 553 553 553 520 520 520 521 521 521 551 551 551 519 519 519 520 520 520 552 552 552 517 517 517 518 518 518 554 554 554 521 521 521 522 522 522 550 550 550 563 563 563 562 562 562 504 504 504 549 549 549 550 550 550 522 522 522 505 505 505 523 523 523 548 548 548 523 523 523 524 524 524 547 547 547 525 525 525 526 526 526 545 545 545 527 527 527 528 528 528 543 543 543 526 526 526 527 527 527 544 544 544 524 524 524 525 525 525 546 546 546 529 529 529 530 530 530 541 541 541 531 531 531 532 532 532 539 539 539 530 530 530 531 531 531 540 540 540 533 533 533 534 534 534 537 537 537 508 508 508 535 535 535 507 507 507 534 534 534 535 535 535 536 536 536 532 532 532 533 533 533 538 538 538 528 528 528 529 529 529 542 542 542 508 508 508 506 506 506 536 536 536 508 508 508 536 536 536 535 535 535 570 570 570 572 572 572 564 564 564 573 573 573 606 606 606 605 605 605 574 574 574 605 605 605 604 604 604 572 572 572 607 607 607 606 606 606 576 576 576 603 603 603 602 602 602 577 577 577 602 602 602 601 601 601 579 579 579 600 600 600 599 599 599 580 580 580 599 599 599 567 567 567 579 579 579 578 578 578 601 601 601 575 575 575 604 604 604 603 603 603 607 607 607 570 570 570 565 565 565 572 572 572 570 570 570 607 607 607 581 581 581 598 598 598 597 597 597 583 583 583 596 596 596 595 595 595 584 584 584 595 595 595 594 594 594 582 582 582 597 597 597 596 596 596 586 586 586 593 593 593 592 592 592 587 587 587 592 592 592 591 591 591 571 571 571 568 568 568 589 589 589 588 588 588 591 591 591 590 590 590 585 585 585 594 594 594 593 593 593 589 589 589 590 590 590 571 571 571 598 598 598 581 581 581 566 566 566 571 571 571 590 590 590 569 569 569 613 613 613 608 608 608 614 614 614 615 615 615 616 616 616 677 677 677 614 614 614 615 615 615 678 678 678 617 617 617 618 618 618 675 675 675 619 619 619 620 620 620 673 673 673 620 620 620 621 621 621 672 672 672 618 618 618 619 619 619 674 674 674 616 616 616 617 617 617 676 676 676 622 622 622 623 623 623 670 670 670 624 624 624 625 625 625 668 668 668 623 623 623 624 624 624 669 669 669 626 626 626 627 627 627 666 666 666 628 628 628 629 629 629 664 664 664 629 629 629 630 630 630 663 663 663 627 627 627 628 628 628 665 665 665 625 625 625 626 626 626 667 667 667 621 621 621 622 622 622 671 671 671 679 679 679 609 609 609 613 613 613 614 614 614 679 679 679 613 613 613 631 631 631 632 632 632 661 661 661 633 633 633 634 634 634 659 659 659 632 632 632 633 633 633 660 660 660 635 635 635 636 636 636 657 657 657 637 637 637 638 638 638 655 655 655 638 638 638 639 639 639 654 654 654 636 636 636 637 637 637 656 656 656 635 635 635 658 658 658 659 659 659 641 641 641 652 652 652 653 653 653 642 642 642 643 643 643 650 650 650 641 641 641 642 642 642 651 651 651 645 645 645 648 648 648 649 649 649 612 612 612 646 646 646 610 610 610 646 646 646 647 647 647 648 648 648 643 643 643 644 644 644 649 649 649 640 640 640 653 653 653 654 654 654 647 647 647 646 646 646 612 612 612 662 662 662 663 663 663 630 630 630 8 8 8 70 70 70 7 7 7 7 7 7 71 71 71 6 6 6 9 9 9 67 67 67 68 68 68 11 11 11 65 65 65 66 66 66 12 12 12 64 64 64 65 65 65 10 10 10 66 66 66 67 67 67 8 8 8 68 68 68 69 69 69 14 14 14 62 62 62 63 63 63 16 16 16 60 60 60 61 61 61 15 15 15 61 61 61 62 62 62 18 18 18 58 58 58 59 59 59 20 20 20 56 56 56 57 57 57 56 56 56 2 2 2 55 55 55 19 19 19 57 57 57 58 58 58 17 17 17 59 59 59 60 60 60 13 13 13 63 63 63 64 64 64 22 22 22 53 53 53 54 54 54 25 25 25 52 52 52 24 24 24 23 23 23 52 52 52 53 53 53 27 27 27 50 50 50 26 26 26 29 29 29 48 48 48 28 28 28 29 29 29 46 46 46 47 47 47 28 28 28 49 49 49 27 27 27 26 26 26 51 51 51 25 25 25 31 31 31 44 44 44 45 45 45 33 33 33 42 42 42 43 43 43 32 32 32 43 43 43 44 44 44 36 36 36 41 41 41 35 35 35 36 36 36 39 39 39 40 40 40 34 34 34 41 41 41 42 42 42 30 30 30 45 45 45 46 46 46 54 54 54 2 2 2 22 22 22 206 206 206 237 237 237 207 207 207 207 207 207 236 236 236 208 208 208 205 205 205 238 238 238 206 206 206 198 198 198 235 235 235 209 209 209 209 209 209 234 234 234 210 210 210 211 211 211 232 232 232 212 212 212 212 212 212 201 201 201 200 200 200 210 210 210 233 233 233 211 211 211 208 208 208 199 199 199 198 198 198 213 213 213 230 230 230 214 214 214 215 215 215 228 228 228 216 216 216 216 216 216 227 227 227 217 217 217 214 214 214 229 229 229 215 215 215 218 218 218 225 225 225 219 219 219 219 219 219 224 224 224 220 220 220 220 220 220 223 223 223 221 221 221 217 217 217 226 226 226 218 218 218 231 231 231 200 200 200 201 201 201 452 452 452 500 500 500 451 451 451 451 451 451 501 501 501 450 450 450 452 452 452 498 498 498 499 499 499 453 453 453 497 497 497 498 498 498 455 455 455 497 497 497 454 454 454 456 456 456 446 446 446 445 445 445 445 445 445 496 496 496 455 455 455 458 458 458 494 494 494 457 457 457 459 459 459 491 491 491 492 492 492 458 458 458 492 492 492 493 493 493 457 457 457 495 495 495 456 456 456 461 461 461 491 491 491 460 460 460 489 489 489 461 461 461 462 462 462 488 488 488 462 462 462 463 463 463 463 463 463 487 487 487 488 488 488 465 465 465 485 485 485 486 486 486 467 467 467 483 483 483 484 484 484 466 466 466 484 484 484 485 485 485 464 464 464 486 486 486 487 487 487 469 469 469 481 481 481 482 482 482 471 471 471 479 479 479 480 480 480 470 470 470 480 480 480 481 481 481 473 473 473 477 477 477 478 478 478 474 474 474 476 476 476 477 477 477 472 472 472 478 478 478 479 479 479 468 468 468 482 482 482 483 483 483 511 511 511 560 560 560 561 561 561 510 510 510 561 561 561 562 562 562 512 512 512 559 559 559 560 560 560 513 513 513 558 558 558 559 559 559 514 514 514 557 557 557 558 558 558 516 516 516 555 555 555 556 556 556 515 515 515 556 556 556 557 557 557 518 518 518 553 553 553 554 554 554 520 520 520 551 551 551 552 552 552 519 519 519 552 552 552 553 553 553 517 517 517 554 554 554 555 555 555 521 521 521 550 550 550 551 551 551 549 549 549 522 522 522 505 505 505 505 505 505 548 548 548 549 549 549 523 523 523 547 547 547 548 548 548 525 525 525 545 545 545 546 546 546 527 527 527 543 543 543 544 544 544 526 526 526 544 544 544 545 545 545 524 524 524 546 546 546 547 547 547 529 529 529 541 541 541 542 542 542 531 531 531 539 539 539 540 540 540 530 530 530 540 540 540 541 541 541 533 533 533 537 537 537 538 538 538 534 534 534 536 536 536 537 537 537 532 532 532 538 538 538 539 539 539 528 528 528 542 542 542 543 543 543 573 573 573 605 605 605 574 574 574 574 574 574 604 604 604 575 575 575 572 572 572 606 606 606 573 573 573 576 576 576 602 602 602 577 577 577 577 577 577 601 601 601 578 578 578 579 579 579 599 599 599 580 580 580 580 580 580 567 567 567 566 566 566 579 579 579 601 601 601 600 600 600 575 575 575 603 603 603 576 576 576 581 581 581 597 597 597 582 582 582 583 583 583 595 595 595 584 584 584 584 584 584 594 594 594 585 585 585 582 582 582 596 596 596 583 583 583 586 586 586 592 592 592 587 587 587 587 587 587 591 591 591 588 588 588 588 588 588 590 590 590 589 589 589 585 585 585 593 593 593 586 586 586 598 598 598 566 566 566 567 567 567 615 615 615 677 677 677 678 678 678 614 614 614 678 678 678 679 679 679 617 617 617 675 675 675 676 676 676 619 619 619 673 673 673 674 674 674 620 620 620 672 672 672 673 673 673 618 618 618 674 674 674 675 675 675 616 616 616 676 676 676 677 677 677 622 622 622 670 670 670 671 671 671 624 624 624 668 668 668 669 669 669 623 623 623 669 669 669 670 670 670 626 626 626 666 666 666 667 667 667 628 628 628 664 664 664 665 665 665 629 629 629 663 663 663 664 664 664 627 627 627 665 665 665 666 666 666 625 625 625 667 667 667 668 668 668 621 621 621 671 671 671 672 672 672 631 631 631 661 661 661 662 662 662 633 633 633 659 659 659 660 660 660 632 632 632 660 660 660 661 661 661 635 635 635 657 657 657 658 658 658 637 637 637 655 655 655 656 656 656 638 638 638 654 654 654 655 655 655 636 636 636 656 656 656 657 657 657 635 635 635 659 659 659 634 634 634 641 641 641 653 653 653 640 640 640 642 642 642 650 650 650 651 651 651 641 641 641 651 651 651 652 652 652 645 645 645 649 649 649 644 644 644 646 646 646 648 648 648 645 645 645 643 643 643 649 649 649 650 650 650 640 640 640 654 654 654 639 639 639 647 647 647 612 612 612 611 611 611 662 662 662 630 630 630 631 631 631</p>
        </triangles>
      </mesh>
    </geometry>
  </library_geometries>
  <library_visual_scenes>
    <visual_scene id="VisualSceneNode">
      <node id="View-Perspective" name="View-Perspective">
        <matrix>0.866032 -0.249996 0.433002 92.745217 0.499989 0.433018 -0.750004 24.297779 -0.000000 0.866024 0.500003 216.672678 0.000000 0.000000 0.000000 1.000000</matrix>
        <instance_camera url="#Camera-Perspective" />
      </node>
      <node id="View-Top" name="View-Top">
        <matrix>1.000000 0.000000 -0.000000 -19.153656 -0.000000 1.000000 -0.000000 218.117998 0.000000 0.000000 1.000000 91.990449 0.000000 0.000000 0.000000 1.000000</matrix>
        <instance_camera url="#Camera-Top" />
      </node>
      <node id="View-Front" name="View-Front">
        <matrix>1.000000 0.000000 -0.000000 -19.153656 0.000000 0.000000 -1.000000 120.810940 0.000000 1.000000 -0.000000 87.459199 0.000000 0.000000 0.000000 1.000000</matrix>
        <instance_camera url="#Camera-Front" />
      </node>
      <node id="View-Right" name="View-Right">
        <matrix>0.000000 0.000000 1.000000 -6.852527 1.000000 0.000000 -0.000000 218.117998 -0.000000 1.000000 -0.000000 87.459199 0.000000 0.000000 0.000000 1.000000</matrix>
        <instance_camera url="#Camera-Right" />
      </node>
      <node id="afd10534-c04b-492b-be3a-e1b92fe8936b" name="NONE">
        <instance_geometry url="#mesh-bb62995d-4e48-4643-a997-3ac341f075dc">
          <bind_material>
            <technique_common>
              <instance_material symbol="material-a0000000-0000-0000-0000-000000000000" target="#a0000000-0000-0000-0000-000000000000" />
            </technique_common>
          </bind_material>
        </instance_geometry>
      </node>
      <node id="a45ad288-6106-4e6d-89c0-25a9bc44fe64" name="NONE">
        <instance_geometry url="#mesh-a36f266e-2229-4fd8-ad7a-911a8a15d01f">
          <bind_material>
            <technique_common>
              <instance_material symbol="material-a0000000-0000-0000-0000-000000000000" target="#a0000000-0000-0000-0000-000000000000" />
            </technique_common>
          </bind_material>
        </instance_geometry>
      </node>
    </visual_scene>
  </library_visual_scenes>
  <scene>
    <instance_visual_scene url="#VisualSceneNode" />
  </scene>
</COLLADA>