<?xml version="1.0" encoding="UTF-8"?>
<COLLADA xmlns="http://www.collada.org/2005/11/COLLADASchema" version="1.4.1">
  <asset>
    <contributor>
      <authoring_tool>Rhinoceros 8.12.24282.7001</authoring_tool>
      <comments>Output from Rhinoceros COLLADA Exporter</comments>
    </contributor>
    <created>2025-09-11T08:50:47Z</created>
    <modified>2025-09-11T08:50:47Z</modified>
    <unit meter="0.001" name="Millimeters" />
    <up_axis>Z_UP</up_axis>
  </asset>
  <library_cameras>
    <camera id="Camera-Perspective" name="Camera-Perspective">
      <optics>
        <technique_common>
          <perspective>
            <xfov>50.868463</xfov>
            <aspect_ratio>1.981530</aspect_ratio>
            <znear>98.776202</znear>
            <zfar>140.002886</zfar>
          </perspective>
        </technique_common>
      </optics>
    </camera>
    <camera id="Camera-Top" name="Camera-Top">
      <optics>
        <technique_common>
          <orthographic>
            <xmag>1.0</xmag>
            <aspect_ratio>1.981530</aspect_ratio>
            <znear>0.981158</znear>
            <zfar>13.081250</zfar>
          </orthographic>
        </technique_common>
      </optics>
    </camera>
    <camera id="Camera-Front" name="Camera-Front">
      <optics>
        <technique_common>
          <orthographic>
            <xmag>1.0</xmag>
            <aspect_ratio>1.986772</aspect_ratio>
            <znear>1.125407</znear>
            <zfar>21.436477</zfar>
          </orthographic>
        </technique_common>
      </optics>
    </camera>
    <camera id="Camera-Right" name="Camera-Right">
      <optics>
        <technique_common>
          <orthographic>
            <xmag>1.0</xmag>
            <aspect_ratio>1.986772</aspect_ratio>
            <znear>3.589868</znear>
            <zfar>53.112842</zfar>
          </orthographic>
        </technique_common>
      </optics>
    </camera>
  </library_cameras>
  <library_materials>
    <material id="a0000000-0000-0000-0000-000000000000">
      <instance_effect url="#fx-a0000000-0000-0000-0000-000000000000" />
    </material>
  </library_materials>
  <library_effects>
    <effect id="fx-a0000000-0000-0000-0000-000000000000">
      <profile_COMMON>
        <technique sid="common">
          <phong>
            <emission>
              <color>0.000000 0.000000 0.000000 1.000000</color>
            </emission>
            <ambient>
              <color>0.000000 0.000000 0.000000 1.000000</color>
            </ambient>
            <diffuse>
              <color>0.980392 0.980392 0.980392 1.000000</color>
            </diffuse>
            <specular>
              <color>1.000000 1.000000 1.000000 1.000000</color>
            </specular>
            <reflective>
              <color>1.000000 1.000000 1.000000 1.000000</color>
            </reflective>
            <reflectivity>
              <float>1.000000</float>
            </reflectivity>
            <transparent>
              <color>1.000000 1.000000 1.000000 1.000000</color>
            </transparent>
            <transparency>
              <float>1.000000</float>
            </transparency>
            <index_of_refraction>
              <float>0.000000</float>
            </index_of_refraction>
          </phong>
        </technique>
      </profile_COMMON>
      <extra>
        <technique profile="Rhino">
          <appearance_hash>2282175632</appearance_hash>
        </technique>
      </extra>
    </effect>
  </library_effects>
  <library_geometries>
    <geometry id="mesh-a3590810-5ba7-4394-a44a-166a8067bd18" name="NONE">
      <mesh>
        <source id="lib-position-a3590810-5ba7-4394-a44a-166a8067bd18" name="position">
          <float_array id="lib-position-array-a3590810-5ba7-4394-a44a-166a8067bd18" count="4461" digits="17" magnitude="308">5.576018333435059 148.43650817871094 78.45919799804688 5.587851047515869 149.93646240234375 83.45919799804688 5.587851047515869 149.93646240234375 78.45919799804688 5.576018333435059 148.43650817871094 83.45919799804688 5.587851047515869 149.93646240234375 83.45919799804688 5.587851047515869 149.93646240234375 78.45919799804688 6.139210224151611 149.93211364746094 78.45919799804688 7.150742530822754 149.92413330078125 77.45919799804688 6.644682884216309 149.92813110351562 77.95890045166016 8.169072151184082 149.9160919189453 77.45919799804688 8.169072151184082 149.9160919189453 83.45919799804688 8.169072151184082 149.9160919189453 81.45919799804688 8.169072151184082 149.9160919189453 79.45919799804688 5.576018333435059 148.43650817871094 83.45919799804688 5.576018333435059 148.43650817871094 78.45919799804688 7.138910293579102 148.42417907714844 77.45919799804688 6.127377510070801 148.43215942382812 78.45919799804688 6.632851600646973 148.4281768798828 77.95890045166016 8.15723991394043 148.41615295410156 83.45919799804688 8.15723991394043 148.41615295410156 77.45919799804688 8.15723991394043 148.41615295410156 79.45919799804688 8.15723991394043 148.41615295410156 81.45919799804688 6.367791652679443 150.8897705078125 78.45919799804688 6.139210224151611 149.93211364746094 78.45919799804688 7.150742530822754 149.92413330078125 77.45919799804688 6.644682884216309 149.92813110351562 77.95890045166016 16.024585723876953 149.8541259765625 77.45919799804688 15.79322338104248 150.72454833984375 77.45919799804688 15.39316177368164 151.53146362304688 77.45919799804688 14.840425491333008 152.24253845214844 77.45919799804688 14.157155990600586 152.82931518554688 77.45919799804688 13.370722770690918 153.2682647705078 77.45919799804688 12.512628555297852 153.5418243408203 77.45919799804688 11.6172456741333 153.63900756835938 77.45919799804688 10.720441818237305 153.5559539794922 77.45919799804688 9.858138084411621 153.2959747314453 77.45919799804688 9.064878463745117 152.86949157714844 77.45919799804688 8.3724365234375 152.29356384277344 77.45919799804688 7.808550834655762 151.59129333496094 77.45919799804688 7.395808219909668 150.79078674316406 77.45919799804688 6.763453483581543 151.7913360595703 78.45919799804688 7.313517093658447 152.60789489746094 78.45919799804688 8.00035572052002 153.31332397460938 78.45919799804688 8.801959991455078 153.8849639892578 78.45919799804688 9.692643165588379 154.30455017089844 78.45919799804688 10.643861770629883 154.55859375 78.45919799804688 11.625134468078613 154.63897705078125 78.45919799804688 12.605016708374023 154.54312133789062 78.45919799804688 13.552109718322754 154.2740936279297 78.45919799804688 14.43606185913086 153.8405303955078 78.45919799804688 15.228547096252441 153.2563018798828 78.45919799804688 15.90417194366455 152.54013061523438 78.45919799804688 16.4412841796875 151.71498107910156 78.45919799804688 16.822673797607422 150.8072967529297 78.45919799804688 17.03611946105957 149.8461456298828 78.45919799804688 16.5306453704834 149.8501434326172 77.95890045166016 8.169072151184082 149.9160919189453 77.45919799804688 7.150742530822754 149.92413330078125 77.45919799804688 7.395808219909668 150.79078674316406 77.45919799804688 7.808550834655762 151.59129333496094 77.45919799804688 8.3724365234375 152.29356384277344 77.45919799804688 9.064878463745117 152.86949157714844 77.45919799804688 9.858138084411621 153.2959747314453 77.45919799804688 10.720441818237305 153.5559539794922 77.45919799804688 11.6172456741333 153.63900756835938 77.45919799804688 12.512628555297852 153.5418243408203 77.45919799804688 13.370722770690918 153.2682647705078 77.45919799804688 14.157155990600586 152.82931518554688 77.45919799804688 14.840425491333008 152.24253845214844 77.45919799804688 15.39316177368164 151.53146362304688 77.45919799804688 15.79322338104248 150.72454833984375 77.45919799804688 16.024585723876953 149.8541259765625 77.45919799804688 13.587602615356445 149.87335205078125 77.45919799804688 13.600399017333984 151.49559020996094 77.45919799804688 13.792035102844238 151.53213500976562 77.45919799804688 13.955097198486328 151.6392364501953 77.45919799804688 14.064759254455566 151.8005828857422 77.45919799804688 14.104328155517578 151.9916229248047 77.45919799804688 13.176688194274902 152.25462341308594 77.45919799804688 12.432876586914062 152.53408813476562 77.45919799804688 11.645197868347168 152.63858032226562 77.45919799804688 10.854249954223633 152.56271362304688 77.45919799804688 10.10079574584961 152.31039428710938 77.45919799804688 9.423669815063477 151.89463806152344 77.45919799804688 8.857769012451172 151.3368682861328 77.45919799804688 8.432259559631348 150.6658172607422 77.45919799804688 14.039962768554688 152.24099731445312 77.45919799804688 13.860016822814941 152.42526245117188 77.45919799804688 13.612235069274902 152.49551391601562 77.45919799804688 13.362359046936035 152.43310546875 77.45919799804688 13.600399017333984 151.49559020996094 77.45919799804688 13.600399017333984 151.49559020996094 80.45919799804688 13.600399017333984 151.49559020996094 83.45919799804688 13.792035102844238 151.53213500976562 78.95919799804688 13.792035102844238 151.53213500976562 80.45919799804688 13.792035102844238 151.53213500976562 81.95919799804688 13.792035102844238 151.53213500976562 83.45919799804688 13.955097198486328 151.6392364501953 78.95919799804688 13.955097198486328 151.6392364501953 80.45919799804688 13.955097198486328 151.6392364501953 81.95919799804688 13.955097198486328 151.6392364501953 83.45919799804688 14.064759254455566 151.8005828857422 78.95919799804688 14.064759254455566 151.8005828857422 80.45919799804688 14.064759254455566 151.8005828857422 81.95919799804688 14.064759254455566 151.8005828857422 83.45919799804688 14.104328155517578 151.9916229248047 83.45919799804688 14.104328155517578 151.9916229248047 77.45919799804688 14.104328155517578 151.9916229248047 78.45919799804688 14.104328155517578 151.9916229248047 79.45919799804688 14.104328155517578 151.9916229248047 80.45919799804688 14.104328155517578 151.9916229248047 81.45919799804688 14.104328155517578 151.9916229248047 82.45919799804688 13.792035102844238 151.53213500976562 77.45919799804688 13.955097198486328 151.6392364501953 77.45919799804688 14.064759254455566 151.8005828857422 77.45919799804688 13.600399017333984 151.49559020996094 82.45919799804688 13.600399017333984 151.49559020996094 81.45919799804688 13.600399017333984 151.49559020996094 79.45919799804688 13.600399017333984 151.49559020996094 78.45919799804688 13.127338409423828 145.9989013671875 77.45919799804688 13.206175804138184 145.8969268798828 79.45919799804688 13.206175804138184 145.8969268798828 81.45919799804688 13.30846118927002 145.81849670410156 79.45919799804688 13.30846118927002 145.81849670410156 81.45919799804688 13.555084228515625 145.75120544433594 79.45919799804688 13.555084228515625 145.75120544433594 81.45919799804688 13.746720314025879 145.78775024414062 79.45919799804688 13.746720314025879 145.78775024414062 81.45919799804688 13.909781455993652 145.8948516845703 79.45919799804688 13.909781455993652 145.8948516845703 81.45919799804688 14.019444465637207 146.0561981201172 79.45919799804688 14.019444465637207 146.0561981201172 81.45919799804688 14.059012413024902 146.2472381591797 77.45919799804688 14.059012413024902 146.2472381591797 79.45919799804688 14.059012413024902 146.2472381591797 81.45919799804688 14.059012413024902 146.2472381591797 83.45919799804688 14.059012413024902 146.2472381591797 78.45919799804688 14.059012413024902 146.2472381591797 80.45919799804688 14.059012413024902 146.2472381591797 82.45919799804688 13.310171127319336 145.81752014160156 77.45919799804688 13.55903148651123 145.75119018554688 77.45919799804688 13.807890892028809 145.81752014160156 77.45919799804688 13.990720748901367 145.99891662597656 77.45919799804688 13.127338409423828 145.9989013671875 83.45919799804688 13.127338409423828 145.9989013671875 81.95919799804688 13.127338409423828 145.9989013671875 80.45919799804688 13.127338409423828 145.9989013671875 78.95919799804688 13.990720748901367 145.99891662597656 83.45919799804688 13.807890892028809 145.81752014160156 83.45919799804688 13.55903148651123 145.75119018554688 83.45919799804688 13.310171127319336 145.81752014160156 83.45919799804688 16.54437255859375 148.3499755859375 79.70919799804688 16.54437255859375 148.3499755859375 82.20919799804688 16.491092681884766 141.59605407714844 82.20919799804688 16.508853912353516 143.8473663330078 82.20919799804688 16.526613235473633 146.0986785888672 82.20919799804688 16.526613235473633 146.0986785888672 79.70919799804688 16.508853912353516 143.8473663330078 79.70919799804688 16.491092681884766 141.59605407714844 79.70919799804688 16.0660343170166 148.353759765625 82.11405181884766 15.660516738891602 148.35694885253906 81.84308624267578 15.389559745788574 148.3590850830078 81.43755340576172 15.294411659240723 148.35984802246094 80.95919799804688 15.389559745788574 148.3590850830078 80.48084259033203 15.660516738891602 148.35694885253906 80.0753173828125 16.0660343170166 148.353759765625 79.80435180664062 16.045326232910156 141.32400512695312 79.79056549072266 16.01666259765625 141.30770874023438 79.80179595947266 15.988368034362793 141.29176330566406 79.81369018554688 15.932939529418945 141.2609100341797 79.83940887451172 15.827101707458496 141.20339965820312 79.89818572998047 15.638080596923828 141.10508728027344 80.04186248779297 15.59166145324707 141.0818328857422 80.08692932128906 15.547628402709961 141.06008911132812 80.13434600830078 15.467188835144043 141.02113342285156 80.23570251464844 15.339753150939941 140.9613800048828 80.46070098876953 15.261492729187012 140.92576599121094 80.70738983154297 15.23569107055664 140.91427612304688 80.96519470214844 15.263711929321289 140.92677307128906 81.22184753417969 15.343594551086426 140.96315002441406 81.4664077758789 15.472087860107422 141.02345275878906 81.68936920166016 15.64326286315918 141.1077117919922 81.88128662109375 15.687403678894043 141.13018798828125 81.919677734375 15.733579635620117 141.154052734375 81.95618438720703 15.831744194030762 141.2058868408203 82.02307891845703 16.04888916015625 141.3260498046875 82.1291732788086 16.07346534729004 141.34014892578125 82.13809204101562 16.098487854003906 141.35462951660156 82.14657592773438 16.149845123291016 141.3846893310547 82.16219329833984 16.257612228393555 141.44923400878906 82.18742370605469 15.820564270019531 144.63267517089844 79.91986083984375 16.191492080688477 144.62974548339844 79.75179290771484 15.475700378417969 144.63539123535156 80.26473999023438 15.631149291992188 144.63417053222656 80.0753173828125 15.360191345214844 144.6363067626953 80.48084259033203 15.265044212341309 144.63705444335938 80.95919799804688 15.360191345214844 144.6363067626953 81.43755340576172 15.631149291992188 144.63417053222656 81.84308624267578 15.475700378417969 144.63539123535156 81.6536636352539 15.820564270019531 144.63267517089844 81.99853515625 16.036664962768555 144.63096618652344 82.11405181884766 16.191492080688477 144.62974548339844 82.1666030883789 -15.417411804199219 149.35214233398438 88.45919799804688 -14.917427062988281 149.3481903076172 87.95919799804688 -21.417224884033203 149.39947509765625 88.45919799804688 -15.16741943359375 149.3501739501953 88.20919799804688 -15.467096328735352 148.83157348632812 88.45919799804688 -15.606422424316406 148.32754516601562 88.45919799804688 -15.831155776977539 147.85536193847656 88.45919799804688 -16.13446807861328 147.42938232421875 88.45919799804688 -16.507144927978516 147.06253051757812 88.45919799804688 -16.9378604888916 146.76597595214844 88.45919799804688 -17.413528442382812 146.54872131347656 88.45919799804688 -17.919694900512695 146.4173583984375 88.45919799804688 -18.440982818603516 146.3759002685547 88.45919799804688 -18.961551666259766 146.4255828857422 88.45919799804688 -19.465585708618164 146.56491088867188 88.45919799804688 -19.937767028808594 146.78964233398438 88.45919799804688 -20.363750457763672 147.09295654296875 88.45919799804688 -20.730592727661133 147.46563720703125 88.45919799804688 -21.02714729309082 147.89634704589844 88.45919799804688 -21.244401931762695 148.37200927734375 88.45919799804688 -21.37575912475586 148.87818908691406 88.45919799804688 -21.667217254638672 149.4014434814453 88.20919799804688 -21.91720962524414 149.40341186523438 87.95919799804688 -21.882232666015625 148.8814697265625 87.95919799804688 -21.76985740661621 148.37057495117188 87.95919799804688 -21.582590103149414 147.88214111328125 87.95919799804688 -21.324617385864258 147.42706298828125 87.95919799804688 -21.001699447631836 147.01551818847656 87.95919799804688 -20.621049880981445 146.6566925048828 87.95919799804688 -20.191173553466797 146.35861206054688 87.95919799804688 -19.7216739654541 146.1279296875 87.95919799804688 -19.223033905029297 145.9698028564453 87.95919799804688 -18.706398010253906 145.8877716064453 87.95919799804688 -18.183303833007812 145.88363647460938 87.95919799804688 -17.665435791015625 145.95751953125 87.95919799804688 -17.164365768432617 146.10775756835938 87.95919799804688 -16.6912841796875 146.3310089111328 87.95919799804688 -16.256757736206055 146.6222686767578 87.95919799804688 -15.870495796203613 146.97503662109375 87.95919799804688 -15.541125297546387 147.38143920898438 87.95919799804688 -15.276004791259766 147.83238220214844 87.95919799804688 -15.081055641174316 148.31781005859375 87.95919799804688 -14.960633277893066 148.82687377929688 87.95919799804688 -13.917458534240723 149.34030151367188 84.45919799804688 -23.917146682739258 149.419189453125 83.45919799804688 -12.917489051818848 149.33241271972656 83.45919799804688 -13.417473793029785 149.33636474609375 83.95919799804688 -14.023171424865723 148.405517578125 84.45919799804688 -14.320929527282715 147.51312255859375 84.45919799804688 -14.797719955444336 146.70213317871094 84.45919799804688 -15.432703971862793 146.0080108642578 84.45919799804688 -16.198129653930664 145.4610595703125 84.45919799804688 -17.060544967651367 145.08522033691406 84.45919799804688 -17.982257843017578 144.89688110351562 84.45919799804688 -18.922985076904297 144.90431213378906 84.45919799804688 -19.841611862182617 145.10714721679688 84.45919799804688 -20.69799041748047 145.49656677246094 84.45919799804688 -21.454692840576172 146.05551147460938 84.45919799804688 -22.07864761352539 146.7595672607422 84.45919799804688 -22.542583465576172 147.57797241210938 84.45919799804688 -22.82622528076172 148.47496032714844 84.45919799804688 -22.917179107666016 149.4113006591797 84.45919799804688 -23.41716194152832 149.41525268554688 83.95919799804688 -23.83147430419922 148.40786743164062 83.45919799804688 -23.56142807006836 147.4294891357422 83.45919799804688 -23.116207122802734 146.5174102783203 83.45919799804688 -22.510969161987305 145.70265197753906 83.45919799804688 -21.766328811645508 145.01300048828125 83.45919799804688 -20.90764045715332 144.47189331054688 83.45919799804688 -19.964147567749023 144.09780883789062 83.45919799804688 -18.967979431152344 143.9034423828125 83.45919799804688 -17.953060150146484 143.8954315185547 83.45919799804688 -16.953948974609375 144.0740509033203 83.45919799804688 -16.004671096801758 144.4332275390625 83.45919799804688 -15.137554168701172 144.96070861816406 83.45919799804688 -14.382124900817871 145.63853454589844 83.45919799804688 -13.76410961151123 146.44363403320312 83.45919799804688 -13.304553985595703 147.3485870361328 83.45919799804688 -13.0191068649292 148.32257080078125 83.45919799804688 -17.167356491088867 149.36595153808594 78.45919799804688 -17.167356491088867 149.36595153808594 88.45919799804688 -17.5264892578125 150.252685546875 88.45919799804688 -18.40745735168457 150.62576293945312 88.45919799804688 -19.667280197143555 149.3856658935547 88.45919799804688 -19.667280197143555 149.3856658935547 78.45919799804688 -19.667280197143555 149.3856658935547 81.79253387451172 -19.667280197143555 149.3856658935547 85.12586212158203 -17.258731842041016 149.84503173828125 78.45919799804688 -17.5264892578125 150.252685546875 78.45919799804688 -17.929868698120117 150.52684020996094 78.45919799804688 -18.40745735168457 150.62576293945312 78.45919799804688 -18.886547088623047 150.53439331054688 78.45919799804688 -19.29420280456543 150.26663208007812 78.45919799804688 -19.568359375 149.86325073242188 78.45919799804688 -17.167356491088867 149.36595153808594 85.12586212158203 -17.167356491088867 149.36595153808594 81.79253387451172 -19.568359375 149.86325073242188 88.45919799804688 -19.29420280456543 150.26663208007812 88.45919799804688 -18.886547088623047 150.53439331054688 88.45919799804688 -17.929868698120117 150.52684020996094 88.45919799804688 -17.258731842041016 149.84503173828125 88.45919799804688 -17.258731842041016 149.84503173828125 83.45919799804688 -17.5264892578125 150.252685546875 83.45919799804688 -17.714677810668945 150.40963745117188 83.45919799804688 -18.40745735168457 150.62576293945312 83.45919799804688 -17.929868698120117 150.52684020996094 83.45919799804688 -18.886547088623047 150.53439331054688 83.45919799804688 -19.103561401367188 150.42059326171875 83.45919799804688 -19.29420280456543 150.26663208007812 83.45919799804688 -19.45114517211914 150.0784454345703 83.45919799804688 -19.622135162353516 149.70884704589844 83.45919799804688 -19.568359375 149.86325073242188 83.45919799804688 -21.417224884033203 149.39947509765625 88.45919799804688 -21.37575912475586 148.87818908691406 88.45919799804688 -21.244401931762695 148.37200927734375 88.45919799804688 -21.02714729309082 147.89634704589844 88.45919799804688 -20.730592727661133 147.46563720703125 88.45919799804688 -20.363750457763672 147.09295654296875 88.45919799804688 -19.937767028808594 146.78964233398438 88.45919799804688 -19.465585708618164 146.56491088867188 88.45919799804688 -18.961551666259766 146.4255828857422 88.45919799804688 -18.440982818603516 146.3759002685547 88.45919799804688 -17.919694900512695 146.4173583984375 88.45919799804688 -17.413528442382812 146.54872131347656 88.45919799804688 -16.9378604888916 146.76597595214844 88.45919799804688 -16.507144927978516 147.06253051757812 88.45919799804688 -16.13446807861328 147.42938232421875 88.45919799804688 -15.831155776977539 147.85536193847656 88.45919799804688 -15.606422424316406 148.32754516601562 88.45919799804688 -15.467096328735352 148.83157348632812 88.45919799804688 -15.417411804199219 149.35214233398438 88.45919799804688 -19.667280197143555 149.3856658935547 88.45919799804688 -19.568359375 149.86325073242188 88.45919799804688 -19.29420280456543 150.26663208007812 88.45919799804688 -18.886547088623047 150.53439331054688 88.45919799804688 -18.40745735168457 150.62576293945312 88.45919799804688 -17.929868698120117 150.52684020996094 88.45919799804688 -17.5264892578125 150.252685546875 88.45919799804688 -17.258731842041016 149.84503173828125 88.45919799804688 -17.167356491088867 149.36595153808594 88.45919799804688 -17.266279220581055 148.8883514404297 88.45919799804688 -17.540435791015625 148.4849853515625 88.45919799804688 -17.948089599609375 148.21722412109375 88.45919799804688 -18.42717933654785 148.12583923339844 88.45919799804688 -18.904767990112305 148.22476196289062 88.45919799804688 -19.308147430419922 148.49891662597656 88.45919799804688 -19.575904846191406 148.9065704345703 88.45919799804688 -15.458877563476562 149.87342834472656 88.45919799804688 -15.59023380279541 150.3795928955078 88.45919799804688 -15.807490348815918 150.8552703857422 88.45919799804688 -16.10404396057129 151.28598022460938 88.45919799804688 -16.47088623046875 151.65866088867188 88.45919799804688 -16.896869659423828 151.96197509765625 88.45919799804688 -17.369050979614258 152.18670654296875 88.45919799804688 -17.873085021972656 152.32603454589844 88.45919799804688 -18.393653869628906 152.37571716308594 88.45919799804688 -18.914941787719727 152.33424377441406 88.45919799804688 -19.42110824584961 152.20289611816406 88.45919799804688 -19.89677619934082 151.9856414794922 88.45919799804688 -20.327491760253906 151.6890869140625 88.45919799804688 -20.70016860961914 151.32223510742188 88.45919799804688 -21.003480911254883 150.89625549316406 88.45919799804688 -21.228214263916016 150.424072265625 88.45919799804688 -21.36754035949707 149.9200439453125 88.45919799804688 -14.917427062988281 149.3481903076172 84.45919799804688 -21.91720962524414 149.40341186523438 87.95919799804688 -14.917427062988281 149.3481903076172 87.95919799804688 -14.960633277893066 148.82687377929688 87.95919799804688 -15.081055641174316 148.31781005859375 87.95919799804688 -15.276004791259766 147.83238220214844 87.95919799804688 -15.541125297546387 147.38143920898438 87.95919799804688 -15.870495796203613 146.97503662109375 87.95919799804688 -16.256757736206055 146.6222686767578 87.95919799804688 -16.6912841796875 146.3310089111328 87.95919799804688 -17.164365768432617 146.10775756835938 87.95919799804688 -17.665435791015625 145.95751953125 87.95919799804688 -18.183303833007812 145.88363647460938 87.95919799804688 -18.706398010253906 145.8877716064453 87.95919799804688 -19.223033905029297 145.9698028564453 87.95919799804688 -19.7216739654541 146.1279296875 87.95919799804688 -20.191173553466797 146.35861206054688 87.95919799804688 -20.621049880981445 146.6566925048828 87.95919799804688 -21.001699447631836 147.01551818847656 87.95919799804688 -21.324617385864258 147.42706298828125 87.95919799804688 -21.582590103149414 147.88214111328125 87.95919799804688 -21.76985740661621 148.37057495117188 87.95919799804688 -21.882232666015625 148.8814697265625 87.95919799804688 -14.917427062988281 149.3481903076172 86.20919799804688 -21.91720962524414 149.40341186523438 86.20919799804688 -21.91720962524414 149.40341186523438 84.45919799804688 -21.835603713989258 148.62393188476562 84.45919799804688 -21.582590103149414 147.88214111328125 84.45919799804688 -21.17085838317871 147.21524047851562 84.45919799804688 -20.621049880981445 146.6566925048828 84.45919799804688 -19.960739135742188 146.2344970703125 84.45919799804688 -19.223033905029297 145.9698028564453 84.45919799804688 -18.444927215576172 145.87591552734375 84.45919799804688 -17.665435791015625 145.95751953125 84.45919799804688 -16.923646926879883 146.21054077148438 84.45919799804688 -16.256757736206055 146.6222686767578 84.45919799804688 -15.69820785522461 147.1720733642578 84.45919799804688 -15.276004791259766 147.83238220214844 84.45919799804688 -15.011320114135742 148.57008361816406 84.45919799804688 -13.917458534240723 149.34030151367188 84.45919799804688 -14.023171424865723 148.405517578125 84.45919799804688 -14.320929527282715 147.51312255859375 84.45919799804688 -14.797719955444336 146.70213317871094 84.45919799804688 -15.432703971862793 146.0080108642578 84.45919799804688 -16.198129653930664 145.4610595703125 84.45919799804688 -17.060544967651367 145.08522033691406 84.45919799804688 -17.982257843017578 144.89688110351562 84.45919799804688 -18.922985076904297 144.90431213378906 84.45919799804688 -19.841611862182617 145.10714721679688 84.45919799804688 -20.69799041748047 145.49656677246094 84.45919799804688 -21.454692840576172 146.05551147460938 84.45919799804688 -22.07864761352539 146.7595672607422 84.45919799804688 -22.542583465576172 147.57797241210938 84.45919799804688 -22.82622528076172 148.47496032714844 84.45919799804688 -22.917179107666016 149.4113006591797 84.45919799804688 -21.91720962524414 149.40341186523438 84.45919799804688 -21.835603713989258 148.62393188476562 84.45919799804688 -21.582590103149414 147.88214111328125 84.45919799804688 -21.17085838317871 147.21524047851562 84.45919799804688 -20.621049880981445 146.6566925048828 84.45919799804688 -19.960739135742188 146.2344970703125 84.45919799804688 -19.223033905029297 145.9698028564453 84.45919799804688 -18.444927215576172 145.87591552734375 84.45919799804688 -17.665435791015625 145.95751953125 84.45919799804688 -16.923646926879883 146.21054077148438 84.45919799804688 -16.256757736206055 146.6222686767578 84.45919799804688 -15.69820785522461 147.1720733642578 84.45919799804688 -15.276004791259766 147.83238220214844 84.45919799804688 -15.011320114135742 148.57008361816406 84.45919799804688 -14.917427062988281 149.3481903076172 84.45919799804688 -14.999032974243164 150.127685546875 84.45919799804688 -15.252046585083008 150.86947631835938 84.45919799804688 -15.663779258728027 151.53636169433594 84.45919799804688 -16.213586807250977 152.09490966796875 84.45919799804688 -16.873897552490234 152.51712036132812 84.45919799804688 -17.611602783203125 152.78179931640625 84.45919799804688 -18.38970947265625 152.87570190429688 84.45919799804688 -19.169200897216797 152.79409790039062 84.45919799804688 -19.91098976135254 152.54107666015625 84.45919799804688 -20.577878952026367 152.1293487548828 84.45919799804688 -21.136428833007812 151.5795440673828 84.45919799804688 -21.558631896972656 150.91921997070312 84.45919799804688 -21.82331657409668 150.1815185546875 84.45919799804688 -22.811464309692383 150.34609985351562 84.45919799804688 -22.51370620727539 151.23849487304688 84.45919799804688 -22.036916732788086 152.04946899414062 84.45919799804688 -21.401931762695312 152.7436065673828 84.45919799804688 -20.636507034301758 153.29054260253906 84.45919799804688 -19.774091720581055 153.66639709472656 84.45919799804688 -18.852378845214844 153.85472106933594 84.45919799804688 -17.911651611328125 153.84730529785156 84.45919799804688 -16.993024826049805 153.6444549560547 84.45919799804688 -16.136646270751953 153.2550506591797 84.45919799804688 -15.379944801330566 152.69610595703125 84.45919799804688 -14.755990028381348 151.99203491210938 84.45919799804688 -14.29205322265625 151.1736297607422 84.45919799804688 -14.008410453796387 150.2766571044922 84.45919799804688 13.824185371398926 157.85531616210938 78.45919799804688 13.815025329589844 156.69415283203125 78.45919799804688 13.805865287780762 155.5330047607422 78.45919799804688 13.824185371398926 157.85531616210938 83.45919799804688 13.443697929382324 157.94410705566406 82.9526596069336 13.127813339233398 158.00527954101562 82.32452392578125 13.064093589782715 158.01622009277344 82.14846801757812 13.035058975219727 158.0210418701172 82.0577163696289 13.01127815246582 158.02490234375 81.97675323486328 12.935417175292969 158.0368194580078 81.65301513671875 12.870747566223145 158.04637145996094 80.95848083496094 12.88784408569336 158.04393005371094 80.60132598876953 12.936546325683594 158.03668212890625 80.25940704345703 13.013113975524902 158.02462768554688 79.93514251708984 13.036169052124023 158.0208740234375 79.85706329345703 13.06200885772705 158.0166015625 79.77619171142578 13.12568473815918 158.0056915283203 79.5993423461914 13.44214153289795 157.9444580078125 78.96823120117188 13.79670524597168 154.37184143066406 83.45919799804688 13.805865287780762 155.5330047607422 83.45919799804688 13.815025329589844 156.69415283203125 83.45919799804688 13.79670524597168 154.37184143066406 78.45919799804688 13.339784622192383 154.3754425048828 79.09188079833984 13.023712158203125 154.37794494628906 79.80545043945312 12.862176895141602 154.37921142578125 80.56897735595703 12.862176895141602 154.37921142578125 81.34941864013672 13.023712158203125 154.37794494628906 82.11295318603516 13.339784622192383 154.3754425048828 82.8265151977539 13.404010772705078 156.20855712890625 79.00777435302734 12.918511390686035 156.21238708496094 80.27886962890625 12.856284141540527 156.21287536621094 80.95919799804688 13.103129386901855 156.21092224121094 82.29727935791016 12.918511390686035 156.21238708496094 81.63953399658203 13.404010772705078 156.20855712890625 82.9106216430664 18.93303108215332 154.33132934570312 78.45919799804688 13.79670524597168 154.37184143066406 83.45919799804688 13.339784622192383 154.3754425048828 82.8265151977539 13.023712158203125 154.37794494628906 82.11295318603516 12.862176895141602 154.37921142578125 81.34941864013672 12.862176895141602 154.37921142578125 80.56897735595703 13.023712158203125 154.37794494628906 79.80545043945312 13.339784622192383 154.3754425048828 79.09188079833984 13.79670524597168 154.37184143066406 78.45919799804688 18.93303108215332 154.33132934570312 83.45919799804688 18.93303108215332 154.33132934570312 79.29253387451172 18.93303108215332 154.33132934570312 80.12586212158203 18.93303108215332 154.33132934570312 80.95919799804688 18.93303108215332 154.33132934570312 81.79253387451172 18.93303108215332 154.33132934570312 82.62586212158203 16.591703414916992 154.34979248046875 79.25920104980469 16.066390991210938 154.35394287109375 79.34239959716797 15.592499732971191 154.35768127441406 79.58386993408203 15.21641731262207 154.3606414794922 79.9599609375 14.974957466125488 154.362548828125 80.43386840820312 14.891756057739258 154.3632049560547 80.95919799804688 14.974957466125488 154.362548828125 81.48452758789062 15.21641731262207 154.3606414794922 81.95843505859375 15.592499732971191 154.35768127441406 82.33452606201172 16.066390991210938 154.35394287109375 82.57599639892578 16.591703414916992 154.34979248046875 82.6592025756836 17.117015838623047 154.3456573486328 82.57599639892578 17.59090805053711 154.3419189453125 82.33452606201172 17.966989517211914 154.3389434814453 81.95843505859375 18.20844841003418 154.3370361328125 81.48452758789062 18.291650772094727 154.3363800048828 80.95919799804688 18.20844841003418 154.3370361328125 80.43386840820312 17.966989517211914 154.3389434814453 79.9599609375 17.59090805053711 154.3419189453125 79.58386993408203 17.117015838623047 154.3456573486328 79.34239959716797 16.55620574951172 149.8499298095703 79.25920104980469 16.591703414916992 154.34979248046875 79.25920104980469 16.591703414916992 154.34979248046875 82.6592025756836 16.55620574951172 149.8499298095703 82.6592025756836 16.57395362854004 152.09986877441406 82.6592025756836 16.030893325805664 149.8540802001953 79.34239959716797 15.557002067565918 149.85781860351562 79.58386993408203 15.180919647216797 149.86077880859375 79.9599609375 14.939459800720215 149.86268615722656 80.43386840820312 14.856258392333984 149.86334228515625 80.95919799804688 14.939459800720215 149.86268615722656 81.48452758789062 15.180919647216797 149.86077880859375 81.95843505859375 15.557002067565918 149.85781860351562 82.33452606201172 16.030893325805664 149.8540802001953 82.57599639892578 16.57395362854004 152.09986877441406 79.25920104980469 16.066390991210938 154.35394287109375 82.57599639892578 15.592499732971191 154.35768127441406 82.33452606201172 15.21641731262207 154.3606414794922 81.95843505859375 14.974957466125488 154.362548828125 81.48452758789062 14.891756057739258 154.3632049560547 80.95919799804688 14.974957466125488 154.362548828125 80.43386840820312 15.21641731262207 154.3606414794922 79.9599609375 15.592499732971191 154.35768127441406 79.58386993408203 16.066390991210938 154.35394287109375 79.34239959716797 13.587602615356445 149.87335205078125 77.45919799804688 16.024585723876953 149.8541259765625 77.45919799804688 16.55620574951172 149.8499298095703 82.6592025756836 16.030893325805664 149.8540802001953 82.57599639892578 15.557002067565918 149.85781860351562 82.33452606201172 15.180919647216797 149.86077880859375 81.95843505859375 14.939459800720215 149.86268615722656 81.48452758789062 14.856258392333984 149.86334228515625 80.95919799804688 14.939459800720215 149.86268615722656 80.43386840820312 15.180919647216797 149.86077880859375 79.9599609375 15.557002067565918 149.85781860351562 79.58386993408203 16.030893325805664 149.8540802001953 79.34239959716797 16.55620574951172 149.8499298095703 79.25920104980469 20.556081771850586 149.81837463378906 83.45919799804688 20.556081771850586 149.81837463378906 82.62586212158203 20.556081771850586 149.81837463378906 81.79253387451172 20.556081771850586 149.81837463378906 80.95919799804688 20.556081771850586 149.81837463378906 80.12586212158203 20.556081771850586 149.81837463378906 79.29253387451172 13.587602615356445 149.87335205078125 83.45919799804688 17.03611946105957 149.8461456298828 78.45919799804688 16.5306453704834 149.8501434326172 77.95890045166016 20.556081771850586 149.81837463378906 78.45919799804688 17.081518173217773 149.84579467773438 79.34239959716797 17.555408477783203 149.84205627441406 79.58386993408203 17.93149185180664 149.83908081054688 79.9599609375 18.172950744628906 149.83718872070312 80.43386840820312 18.256153106689453 149.83653259277344 80.95919799804688 18.172950744628906 149.83718872070312 81.48452758789062 17.93149185180664 149.83908081054688 81.95843505859375 17.555408477783203 149.84205627441406 82.33452606201172 17.081518173217773 149.84579467773438 82.57599639892578 13.575769424438477 148.37339782714844 77.45919799804688 16.54437255859375 148.3499755859375 79.70919799804688 16.0660343170166 148.353759765625 79.80435180664062 15.660516738891602 148.35694885253906 80.0753173828125 15.389559745788574 148.3590850830078 80.48084259033203 15.294411659240723 148.35984802246094 80.95919799804688 15.389559745788574 148.3590850830078 81.43755340576172 15.660516738891602 148.35694885253906 81.84308624267578 16.0660343170166 148.353759765625 82.11405181884766 16.54437255859375 148.3499755859375 82.20919799804688 20.544248580932617 148.3184356689453 78.45919799804688 20.544248580932617 148.3184356689453 80.95919799804688 17.0242862701416 148.34619140625 78.45919799804688 16.012754440307617 148.3541717529297 77.45919799804688 16.518814086914062 148.35018920898438 77.95890045166016 13.575769424438477 148.37339782714844 83.45919799804688 20.544248580932617 148.3184356689453 83.45919799804688 17.02271270751953 148.34620666503906 82.11405181884766 17.4282283782959 148.343017578125 81.84308624267578 17.699186325073242 148.3408660888672 81.43755340576172 17.794334411621094 148.34011840820312 80.95919799804688 17.699186325073242 148.3408660888672 80.48084259033203 17.4282283782959 148.343017578125 80.0753173828125 17.02271270751953 148.34620666503906 79.80435180664062 13.575769424438477 148.37339782714844 83.45919799804688 13.562972068786621 146.7511749267578 77.45919799804688 13.575769424438477 148.37339782714844 77.45919799804688 13.562972068786621 146.7511749267578 83.45919799804688 13.562972068786621 146.7511749267578 82.45919799804688 13.562972068786621 146.7511749267578 81.45919799804688 13.562972068786621 146.7511749267578 80.45919799804688 13.562972068786621 146.7511749267578 79.45919799804688 13.562972068786621 146.7511749267578 78.45919799804688 8.169072151184082 149.9160919189453 77.45919799804688 8.169072151184082 149.9160919189453 79.45919799804688 8.169072151184082 149.9160919189453 81.45919799804688 8.169072151184082 149.9160919189453 83.45919799804688 8.432259559631348 150.6658172607422 83.45919799804688 8.857769012451172 151.3368682861328 83.45919799804688 9.423669815063477 151.89463806152344 83.45919799804688 10.10079574584961 152.31039428710938 83.45919799804688 10.854249954223633 152.56271362304688 83.45919799804688 11.645197868347168 152.63858032226562 83.45919799804688 12.432876586914062 152.53408813476562 83.45919799804688 13.176688194274902 152.25462341308594 77.45919799804688 12.432876586914062 152.53408813476562 77.45919799804688 11.645197868347168 152.63858032226562 77.45919799804688 10.854249954223633 152.56271362304688 77.45919799804688 10.10079574584961 152.31039428710938 77.45919799804688 9.423669815063477 151.89463806152344 77.45919799804688 8.857769012451172 151.3368682861328 77.45919799804688 8.432259559631348 150.6658172607422 77.45919799804688 13.176688194274902 152.25462341308594 83.45919799804688 13.176688194274902 152.25462341308594 81.45919799804688 13.176688194274902 152.25462341308594 79.45919799804688 8.348845481872559 150.4801788330078 80.45919799804688 8.978106498718262 151.47817993164062 80.45919799804688 9.409588813781738 151.883544921875 80.45919799804688 9.903221130371094 152.2104034423828 80.45919799804688 10.444881439208984 152.44937133789062 80.45919799804688 11.01906967163086 152.5936279296875 80.45919799804688 11.609357833862305 152.6390380859375 80.45919799804688 12.415481567382812 152.5384063720703 80.45919799804688 10.601935386657715 140.19264221191406 83.45919799804688 -18.464649200439453 143.37599182128906 83.45919799804688 -18.464649200439453 143.37599182128906 80.95919799804688 -18.464649200439453 143.37599182128906 78.45919799804688 10.601935386657715 140.19264221191406 78.45919799804688 10.601935386657715 140.19264221191406 80.95919799804688 -18.36998748779297 155.37562561035156 83.45919799804688 10.743200302124023 158.10000610351562 83.45919799804688 10.743200302124023 158.10000610351562 82.62586212158203 10.743200302124023 158.10000610351562 81.79253387451172 10.743200302124023 158.10000610351562 80.95919799804688 10.743200302124023 158.10000610351562 80.12586212158203 10.743200302124023 158.10000610351562 79.29253387451172 10.743200302124023 158.10000610351562 78.45919799804688 -18.36998748779297 155.37562561035156 78.45919799804688 -18.36998748779297 155.37562561035156 80.95919799804688 20.544248580932617 148.3184356689453 83.45919799804688 20.544248580932617 148.3184356689453 78.45919799804688 20.544248580932617 148.3184356689453 80.95919799804688 10.601935386657715 140.19264221191406 83.45919799804688 10.601935386657715 140.19264221191406 80.95919799804688 16.491092681884766 141.59605407714844 79.70919799804688 16.045326232910156 141.32400512695312 79.79056549072266 16.01666259765625 141.30770874023438 79.80179595947266 15.988368034362793 141.29176330566406 79.81369018554688 15.932939529418945 141.2609100341797 79.83940887451172 15.827101707458496 141.20339965820312 79.89818572998047 15.638080596923828 141.10508728027344 80.04186248779297 15.59166145324707 141.0818328857422 80.08692932128906 15.547628402709961 141.06008911132812 80.13434600830078 15.467188835144043 141.02113342285156 80.23570251464844 15.339753150939941 140.9613800048828 80.46070098876953 15.261492729187012 140.92576599121094 80.70738983154297 15.23569107055664 140.91427612304688 80.96519470214844 15.263711929321289 140.92677307128906 81.22184753417969 15.343594551086426 140.96315002441406 81.4664077758789 15.472087860107422 141.02345275878906 81.68936920166016 15.64326286315918 141.1077117919922 81.88128662109375 15.687403678894043 141.13018798828125 81.919677734375 15.733579635620117 141.154052734375 81.95618438720703 15.831744194030762 141.2058868408203 82.02307891845703 16.04888916015625 141.3260498046875 82.1291732788086 16.07346534729004 141.34014892578125 82.13809204101562 16.098487854003906 141.35462951660156 82.14657592773438 16.149845123291016 141.3846893310547 82.16219329833984 16.257612228393555 141.44923400878906 82.18742370605469 16.491092681884766 141.59605407714844 82.20919799804688 20.33283805847168 147.0371551513672 83.45919799804688 19.93923568725586 145.7996368408203 83.45919799804688 19.37163543701172 144.6316375732422 83.45919799804688 18.64185333251953 143.5574951171875 83.45919799804688 17.765085220336914 142.5995635986328 83.45919799804688 16.759584426879883 141.77777099609375 83.45919799804688 15.646283149719238 141.10923767089844 83.45919799804688 14.44836139678955 140.60787963867188 83.45919799804688 13.190757751464844 140.28414916992188 83.45919799804688 11.899656295776367 140.144775390625 83.45919799804688 10.601935386657715 140.19264221191406 78.45919799804688 11.899656295776367 140.144775390625 78.45919799804688 13.190757751464844 140.28414916992188 78.45919799804688 14.44836139678955 140.60787963867188 78.45919799804688 15.646283149719238 141.10923767089844 78.45919799804688 16.759584426879883 141.77777099609375 78.45919799804688 17.765085220336914 142.5995635986328 78.45919799804688 18.64185333251953 143.5574951171875 78.45919799804688 19.37163543701172 144.6316375732422 78.45919799804688 19.93923568725586 145.7996368408203 78.45919799804688 20.33283805847168 147.0371551513672 78.45919799804688 16.666303634643555 141.71395874023438 82.19699096679688 16.942419052124023 141.91053771972656 82.12583923339844 16.959238052368164 141.92303466796875 82.11927032470703 16.975751876831055 141.9353485107422 82.112548828125 17.00786590576172 141.9594268798828 82.09867858886719 17.068464279174805 142.00540161132812 82.06954956054688 17.175460815429688 142.0885772705078 82.00775909423828 17.337026596069336 142.2198486328125 81.88399505615234 17.34337615966797 142.22512817382812 81.87821960449219 17.349668502807617 142.23037719726562 81.8724136352539 17.362071990966797 142.24073791503906 81.8607406616211 17.386180877685547 142.260986328125 81.83711242675781 17.431610107421875 142.2994842529297 81.78889465332031 17.511577606201172 142.36859130859375 81.68966674804688 17.6308650970459 142.47520446777344 81.48765563964844 17.63827896118164 142.48193359375 81.47157287597656 17.645450592041016 142.48846435546875 81.45542907714844 17.659055709838867 142.5008544921875 81.4229507446289 17.683340072631836 142.5230712890625 81.35734558105469 17.72026824951172 142.55722045898438 81.2243423461914 17.74892807006836 142.58432006835938 80.95746612548828 17.71952247619629 142.556640625 80.69103240966797 17.629940032958984 142.474365234375 80.42877960205078 17.623929977416992 142.4689178466797 80.41622924804688 17.617733001708984 142.4633026123047 80.40365600585938 17.604772567749023 142.45156860351562 80.3784408569336 17.576513290405273 142.42613220214844 80.32784271240234 17.510169982910156 142.3673553466797 80.22679901123047 17.335060119628906 142.2182159423828 80.03263092041016 17.331207275390625 142.2150115966797 80.02918243408203 17.32729148864746 142.21176147460938 80.02570343017578 17.319265365600586 142.20509338378906 80.01866149902344 17.30243492126465 142.19114685058594 80.00428771972656 17.265533447265625 142.1607666015625 79.9744873046875 17.17793083190918 142.09011840820312 79.91223907470703 16.941564559936523 141.90919494628906 79.792236328125 16.90433120727539 141.88177490234375 79.7786865234375 16.86806869506836 141.85540771484375 79.7667465209961 16.798749923706055 141.80580139160156 79.74723052978516 16.67450523376465 141.7191619873047 79.72257995605469 5.587851047515869 149.93646240234375 83.45919799804688 5.576018333435059 148.43650817871094 83.45919799804688 8.169072151184082 149.9160919189453 83.45919799804688 8.15723991394043 148.41615295410156 83.45919799804688 13.600399017333984 151.49559020996094 83.45919799804688 13.792035102844238 151.53213500976562 83.45919799804688 13.955097198486328 151.6392364501953 83.45919799804688 14.064759254455566 151.8005828857422 83.45919799804688 14.104328155517578 151.9916229248047 83.45919799804688 13.127338409423828 145.9989013671875 83.45919799804688 13.310171127319336 145.81752014160156 83.45919799804688 13.55903148651123 145.75119018554688 83.45919799804688 13.807890892028809 145.81752014160156 83.45919799804688 13.990720748901367 145.99891662597656 83.45919799804688 14.059012413024902 146.2472381591797 83.45919799804688 -23.917146682739258 149.419189453125 83.45919799804688 -23.83147430419922 148.40786743164062 83.45919799804688 -23.56142807006836 147.4294891357422 83.45919799804688 -23.116207122802734 146.5174102783203 83.45919799804688 -22.510969161987305 145.70265197753906 83.45919799804688 -21.766328811645508 145.01300048828125 83.45919799804688 -20.90764045715332 144.47189331054688 83.45919799804688 -19.964147567749023 144.09780883789062 83.45919799804688 -18.967979431152344 143.9034423828125 83.45919799804688 -17.953060150146484 143.8954315185547 83.45919799804688 -16.953948974609375 144.0740509033203 83.45919799804688 -16.004671096801758 144.4332275390625 83.45919799804688 -15.137554168701172 144.96070861816406 83.45919799804688 -14.382124900817871 145.63853454589844 83.45919799804688 -13.76410961151123 146.44363403320312 83.45919799804688 -13.304553985595703 147.3485870361328 83.45919799804688 -13.0191068649292 148.32257080078125 83.45919799804688 -12.917489051818848 149.33241271972656 83.45919799804688 13.824185371398926 157.85531616210938 83.45919799804688 13.815025329589844 156.69415283203125 83.45919799804688 13.805865287780762 155.5330047607422 83.45919799804688 13.79670524597168 154.37184143066406 83.45919799804688 18.93303108215332 154.33132934570312 83.45919799804688 20.556081771850586 149.81837463378906 83.45919799804688 13.587602615356445 149.87335205078125 83.45919799804688 13.575769424438477 148.37339782714844 83.45919799804688 20.544248580932617 148.3184356689453 83.45919799804688 13.562972068786621 146.7511749267578 83.45919799804688 13.176688194274902 152.25462341308594 83.45919799804688 12.432876586914062 152.53408813476562 83.45919799804688 11.645197868347168 152.63858032226562 83.45919799804688 10.854249954223633 152.56271362304688 83.45919799804688 10.10079574584961 152.31039428710938 83.45919799804688 9.423669815063477 151.89463806152344 83.45919799804688 8.857769012451172 151.3368682861328 83.45919799804688 8.432259559631348 150.6658172607422 83.45919799804688 10.601935386657715 140.19264221191406 83.45919799804688 -18.464649200439453 143.37599182128906 83.45919799804688 -18.36998748779297 155.37562561035156 83.45919799804688 10.743200302124023 158.10000610351562 83.45919799804688 20.33283805847168 147.0371551513672 83.45919799804688 19.93923568725586 145.7996368408203 83.45919799804688 19.37163543701172 144.6316375732422 83.45919799804688 18.64185333251953 143.5574951171875 83.45919799804688 17.765085220336914 142.5995635986328 83.45919799804688 16.759584426879883 141.77777099609375 83.45919799804688 15.646283149719238 141.10923767089844 83.45919799804688 14.44836139678955 140.60787963867188 83.45919799804688 13.190757751464844 140.28414916992188 83.45919799804688 11.899656295776367 140.144775390625 83.45919799804688 -19.505786895751953 143.47535705566406 83.45919799804688 -20.513851165771484 143.75401306152344 83.45919799804688 -21.458213806152344 144.20347595214844 83.45919799804688 -22.3101806640625 144.8101043701172 83.45919799804688 -23.043865203857422 145.55545043945312 83.45919799804688 -23.636974334716797 146.41688537597656 83.45919799804688 -24.071487426757812 147.36822509765625 83.45919799804688 -24.334199905395508 148.38055419921875 83.45919799804688 -24.417131423950195 149.4231414794922 83.45919799804688 -24.31776237487793 150.4642791748047 83.45919799804688 -24.03911018371582 151.4723358154297 83.45919799804688 -23.589643478393555 152.4167022705078 83.45919799804688 -22.98301887512207 153.26866149902344 83.45919799804688 -22.237667083740234 154.00234985351562 83.45919799804688 -21.376235961914062 154.595458984375 83.45919799804688 -20.42490005493164 155.02996826171875 83.45919799804688 -19.41256332397461 155.29269409179688 83.45919799804688 11.518502235412598 158.13893127441406 83.45919799804688 12.29427433013916 158.11090087890625 83.45919799804688 13.064746856689453 158.01612854003906 83.45919799804688 19.369489669799805 153.65037536621094 83.45919799804688 19.74304962158203 152.9329833984375 83.45919799804688 20.050697326660156 152.18495178222656 83.45919799804688 20.28994369506836 151.41232299804688 83.45919799804688 20.458860397338867 150.621337890625 83.45919799804688 8.40856647491455 147.66236877441406 83.45919799804688 8.82343578338623 146.9846954345703 83.45919799804688 9.38046646118164 146.41806030273438 83.45919799804688 10.050950050354004 145.99166870117188 83.45919799804688 10.800329208374023 145.7274932861328 83.45919799804688 11.589982032775879 145.63916015625 83.45919799804688 12.379210472106934 145.73121643066406 83.45919799804688 -13.003162384033203 150.34375 83.45919799804688 -13.273207664489746 151.32211303710938 83.45919799804688 -13.718429565429688 152.2342071533203 83.45919799804688 -14.3236665725708 153.0489501953125 83.45919799804688 -15.068307876586914 153.73861694335938 83.45919799804688 -15.926996231079102 154.2797088623047 83.45919799804688 -16.8704891204834 154.65380859375 83.45919799804688 -17.866657257080078 154.84817504882812 83.45919799804688 -18.881576538085938 154.85617065429688 83.45919799804688 -19.880687713623047 154.67755126953125 83.45919799804688 -20.829965591430664 154.31838989257812 83.45919799804688 -21.69708251953125 153.79090881347656 83.45919799804688 -22.452512741088867 153.1130828857422 83.45919799804688 -23.070528030395508 152.3079833984375 83.45919799804688 -23.53008270263672 151.4030303955078 83.45919799804688 -23.81553077697754 150.42904663085938 83.45919799804688 14.022462844848633 146.43887329101562 83.45919799804688 13.915359497070312 146.60194396972656 83.45919799804688 13.754008293151855 146.71160888671875 83.45919799804688 14.039962768554688 152.24099731445312 83.45919799804688 13.860016822814941 152.42526245117188 83.45919799804688 13.612235069274902 152.49551391601562 83.45919799804688 13.362359046936035 152.43310546875 83.45919799804688 5.587851047515869 149.93646240234375 78.45919799804688 5.576018333435059 148.43650817871094 78.45919799804688 6.139210224151611 149.93211364746094 78.45919799804688 6.127377510070801 148.43215942382812 78.45919799804688 17.03611946105957 149.8461456298828 78.45919799804688 16.822673797607422 150.8072967529297 78.45919799804688 16.4412841796875 151.71498107910156 78.45919799804688 15.90417194366455 152.54013061523438 78.45919799804688 15.228547096252441 153.2563018798828 78.45919799804688 14.43606185913086 153.8405303955078 78.45919799804688 13.552109718322754 154.2740936279297 78.45919799804688 12.605016708374023 154.54312133789062 78.45919799804688 11.625134468078613 154.63897705078125 78.45919799804688 10.643861770629883 154.55859375 78.45919799804688 9.692643165588379 154.30455017089844 78.45919799804688 8.801959991455078 153.8849639892578 78.45919799804688 8.00035572052002 153.31332397460938 78.45919799804688 7.313517093658447 152.60789489746094 78.45919799804688 6.763453483581543 151.7913360595703 78.45919799804688 6.367791652679443 150.8897705078125 78.45919799804688 -17.167356491088867 149.36595153808594 78.45919799804688 -17.258731842041016 149.84503173828125 78.45919799804688 -17.5264892578125 150.252685546875 78.45919799804688 -17.929868698120117 150.52684020996094 78.45919799804688 -18.40745735168457 150.62576293945312 78.45919799804688 -18.886547088623047 150.53439331054688 78.45919799804688 -19.29420280456543 150.26663208007812 78.45919799804688 -19.568359375 149.86325073242188 78.45919799804688 -19.667280197143555 149.3856658935547 78.45919799804688 13.824185371398926 157.85531616210938 78.45919799804688 13.815025329589844 156.69415283203125 78.45919799804688 13.805865287780762 155.5330047607422 78.45919799804688 13.79670524597168 154.37184143066406 78.45919799804688 18.93303108215332 154.33132934570312 78.45919799804688 20.556081771850586 149.81837463378906 78.45919799804688 17.0242862701416 148.34619140625 78.45919799804688 10.601935386657715 140.19264221191406 78.45919799804688 -18.464649200439453 143.37599182128906 78.45919799804688 -18.36998748779297 155.37562561035156 78.45919799804688 10.743200302124023 158.10000610351562 78.45919799804688 20.544248580932617 148.3184356689453 78.45919799804688 20.33283805847168 147.0371551513672 78.45919799804688 19.93923568725586 145.7996368408203 78.45919799804688 19.37163543701172 144.6316375732422 78.45919799804688 18.64185333251953 143.5574951171875 78.45919799804688 17.765085220336914 142.5995635986328 78.45919799804688 16.759584426879883 141.77777099609375 78.45919799804688 15.646283149719238 141.10923767089844 78.45919799804688 14.44836139678955 140.60787963867188 78.45919799804688 13.190757751464844 140.28414916992188 78.45919799804688 11.899656295776367 140.144775390625 78.45919799804688 -19.505786895751953 143.47535705566406 78.45919799804688 -20.513851165771484 143.75401306152344 78.45919799804688 -21.458213806152344 144.20347595214844 78.45919799804688 -22.3101806640625 144.8101043701172 78.45919799804688 -23.043865203857422 145.55545043945312 78.45919799804688 -23.636974334716797 146.41688537597656 78.45919799804688 -24.071487426757812 147.36822509765625 78.45919799804688 -24.334199905395508 148.38055419921875 78.45919799804688 -24.417131423950195 149.4231414794922 78.45919799804688 -24.31776237487793 150.4642791748047 78.45919799804688 -24.03911018371582 151.4723358154297 78.45919799804688 -23.589643478393555 152.4167022705078 78.45919799804688 -22.98301887512207 153.26866149902344 78.45919799804688 -22.237667083740234 154.00234985351562 78.45919799804688 -21.376235961914062 154.595458984375 78.45919799804688 -20.42490005493164 155.02996826171875 78.45919799804688 -19.41256332397461 155.29269409179688 78.45919799804688 11.518502235412598 158.13893127441406 78.45919799804688 12.29427433013916 158.11090087890625 78.45919799804688 13.064746856689453 158.01612854003906 78.45919799804688 19.369489669799805 153.65037536621094 78.45919799804688 19.74304962158203 152.9329833984375 78.45919799804688 20.050697326660156 152.18495178222656 78.45919799804688 20.28994369506836 151.41232299804688 78.45919799804688 20.458860397338867 150.621337890625 78.45919799804688 6.340822219848633 147.47100830078125 78.45919799804688 6.7222113609313965 146.56332397460938 78.45919799804688 7.259324550628662 145.73817443847656 78.45919799804688 7.934948921203613 145.0220184326172 78.45919799804688 8.727435111999512 144.4377899169922 78.45919799804688 9.611387252807617 144.00421142578125 78.45919799804688 10.558479309082031 143.7351837158203 78.45919799804688 11.538361549377441 143.6393280029297 78.45919799804688 12.519635200500488 143.71971130371094 78.45919799804688 13.470853805541992 143.9737548828125 78.45919799804688 14.361536026000977 144.39334106445312 78.45919799804688 15.163140296936035 144.96499633789062 78.45919799804688 15.849979400634766 145.67041015625 78.45919799804688 16.400043487548828 146.4869842529297 78.45919799804688 16.795705795288086 147.38853454589844 78.45919799804688 -19.575904846191406 148.9065704345703 78.45919799804688 -19.308147430419922 148.49891662597656 78.45919799804688 -18.904767990112305 148.22476196289062 78.45919799804688 -18.42717933654785 148.12583923339844 78.45919799804688 -17.948089599609375 148.21722412109375 78.45919799804688 -17.540435791015625 148.4849853515625 78.45919799804688 -17.266279220581055 148.8883514404297 78.45919799804688 -18.36998748779297 155.37562561035156 83.45919799804688 -18.464649200439453 143.37599182128906 78.45919799804688 -18.464649200439453 143.37599182128906 80.95919799804688 -18.36998748779297 155.37562561035156 80.95919799804688 -18.464649200439453 143.37599182128906 83.45919799804688 -19.505786895751953 143.47535705566406 83.45919799804688 -20.513851165771484 143.75401306152344 83.45919799804688 -21.458213806152344 144.20347595214844 83.45919799804688 -22.3101806640625 144.8101043701172 83.45919799804688 -23.043865203857422 145.55545043945312 83.45919799804688 -23.636974334716797 146.41688537597656 83.45919799804688 -24.071487426757812 147.36822509765625 83.45919799804688 -24.334199905395508 148.38055419921875 83.45919799804688 -24.417131423950195 149.4231414794922 83.45919799804688 -24.31776237487793 150.4642791748047 83.45919799804688 -24.03911018371582 151.4723358154297 83.45919799804688 -23.589643478393555 152.4167022705078 83.45919799804688 -22.98301887512207 153.26866149902344 83.45919799804688 -22.237667083740234 154.00234985351562 83.45919799804688 -21.376235961914062 154.595458984375 83.45919799804688 -20.42490005493164 155.02996826171875 83.45919799804688 -19.41256332397461 155.29269409179688 83.45919799804688 -18.36998748779297 155.37562561035156 78.45919799804688 -19.41256332397461 155.29269409179688 78.45919799804688 -20.42490005493164 155.02996826171875 78.45919799804688 -21.376235961914062 154.595458984375 78.45919799804688 -22.237667083740234 154.00234985351562 78.45919799804688 -22.98301887512207 153.26866149902344 78.45919799804688 -23.589643478393555 152.4167022705078 78.45919799804688 -24.03911018371582 151.4723358154297 78.45919799804688 -24.31776237487793 150.4642791748047 78.45919799804688 -24.417131423950195 149.4231414794922 78.45919799804688 -24.334199905395508 148.38055419921875 78.45919799804688 -24.071487426757812 147.36822509765625 78.45919799804688 -23.636974334716797 146.41688537597656 78.45919799804688 -23.043865203857422 145.55545043945312 78.45919799804688 -22.3101806640625 144.8101043701172 78.45919799804688 -21.458213806152344 144.20347595214844 78.45919799804688 -20.513851165771484 143.75401306152344 78.45919799804688 -19.505786895751953 143.47535705566406 78.45919799804688 13.600399017333984 151.49559020996094 83.45919799804688 13.587602615356445 149.87335205078125 77.45919799804688 13.600399017333984 151.49559020996094 77.45919799804688 13.600399017333984 151.49559020996094 78.45919799804688 13.600399017333984 151.49559020996094 79.45919799804688 13.600399017333984 151.49559020996094 80.45919799804688 13.600399017333984 151.49559020996094 81.45919799804688 13.600399017333984 151.49559020996094 82.45919799804688 13.587602615356445 149.87335205078125 83.45919799804688 11.531063079833984 158.13900756835938 82.20919799804688 11.531063079833984 158.13900756835938 80.95919799804688 11.531063079833984 158.13900756835938 79.70919799804688 12.332419395446777 158.1077880859375 82.20919799804688 12.332419395446777 158.1077880859375 80.95919799804688 12.332419395446777 158.1077880859375 79.70919799804688 13.824185371398926 157.85531616210938 83.45919799804688 13.443697929382324 157.94410705566406 82.9526596069336 13.127813339233398 158.00527954101562 82.32452392578125 13.064093589782715 158.01622009277344 82.14846801757812 13.035058975219727 158.0210418701172 82.0577163696289 13.01127815246582 158.02490234375 81.97675323486328 12.935417175292969 158.0368194580078 81.65301513671875 12.870747566223145 158.04637145996094 80.95848083496094 12.88784408569336 158.04393005371094 80.60132598876953 12.936546325683594 158.03668212890625 80.25940704345703 13.013113975524902 158.02462768554688 79.93514251708984 13.036169052124023 158.0208740234375 79.85706329345703 13.06200885772705 158.0166015625 79.77619171142578 13.12568473815918 158.0056915283203 79.5993423461914 13.44214153289795 157.9444580078125 78.96823120117188 10.743200302124023 158.10000610351562 78.45919799804688 10.743200302124023 158.10000610351562 79.29253387451172 10.743200302124023 158.10000610351562 80.12586212158203 10.743200302124023 158.10000610351562 80.95919799804688 10.743200302124023 158.10000610351562 81.79253387451172 10.743200302124023 158.10000610351562 82.62586212158203 13.824185371398926 157.85531616210938 78.45919799804688 13.064746856689453 158.01612854003906 78.45919799804688 12.29427433013916 158.11090087890625 78.45919799804688 11.518502235412598 158.13893127441406 78.45919799804688 10.743200302124023 158.10000610351562 83.45919799804688 11.518502235412598 158.13893127441406 83.45919799804688 12.29427433013916 158.11090087890625 83.45919799804688 13.064746856689453 158.01612854003906 83.45919799804688 18.93303108215332 154.33132934570312 83.45919799804688 19.564332962036133 153.29588317871094 82.20919799804688 19.564332962036133 153.29588317871094 80.95919799804688 19.564332962036133 153.29588317871094 79.70919799804688 20.050697326660156 152.18495178222656 83.45919799804688 20.050697326660156 152.18495178222656 82.20919799804688 20.050697326660156 152.18495178222656 80.95919799804688 20.050697326660156 152.18495178222656 79.70919799804688 20.38329315185547 151.01873779296875 82.20919799804688 20.38329315185547 151.01873779296875 80.95919799804688 20.38329315185547 151.01873779296875 79.70919799804688 20.556081771850586 149.81837463378906 83.45919799804688 20.556081771850586 149.81837463378906 78.45919799804688 18.93303108215332 154.33132934570312 78.45919799804688 18.93303108215332 154.33132934570312 79.29253387451172 18.93303108215332 154.33132934570312 80.12586212158203 18.93303108215332 154.33132934570312 80.95919799804688 18.93303108215332 154.33132934570312 81.79253387451172 18.93303108215332 154.33132934570312 82.62586212158203 20.556081771850586 149.81837463378906 82.62586212158203 20.556081771850586 149.81837463378906 81.79253387451172 20.556081771850586 149.81837463378906 80.95919799804688 20.556081771850586 149.81837463378906 80.12586212158203 20.556081771850586 149.81837463378906 79.29253387451172 19.369489669799805 153.65037536621094 83.45919799804688 19.74304962158203 152.9329833984375 83.45919799804688 20.28994369506836 151.41232299804688 83.45919799804688 20.458860397338867 150.621337890625 83.45919799804688 20.458860397338867 150.621337890625 78.45919799804688 20.28994369506836 151.41232299804688 78.45919799804688 20.050697326660156 152.18495178222656 78.45919799804688 19.74304962158203 152.9329833984375 78.45919799804688 19.369489669799805 153.65037536621094 78.45919799804688 6.127377510070801 148.43215942382812 78.45919799804688 6.632851600646973 148.4281768798828 77.95890045166016 16.012754440307617 148.3541717529297 77.45919799804688 16.518814086914062 148.35018920898438 77.95890045166016 17.0242862701416 148.34619140625 78.45919799804688 16.795705795288086 147.38853454589844 78.45919799804688 16.400043487548828 146.4869842529297 78.45919799804688 15.849979400634766 145.67041015625 78.45919799804688 15.163140296936035 144.96499633789062 78.45919799804688 14.361536026000977 144.39334106445312 78.45919799804688 13.470853805541992 143.9737548828125 78.45919799804688 12.519635200500488 143.71971130371094 78.45919799804688 11.538361549377441 143.6393280029297 78.45919799804688 10.558479309082031 143.7351837158203 78.45919799804688 9.611387252807617 144.00421142578125 78.45919799804688 8.727435111999512 144.4377899169922 78.45919799804688 7.934948921203613 145.0220184326172 78.45919799804688 7.259324550628662 145.73817443847656 78.45919799804688 6.7222113609313965 146.56332397460938 78.45919799804688 6.340822219848633 147.47100830078125 78.45919799804688 7.138910293579102 148.42417907714844 77.45919799804688 7.370272636413574 147.5537567138672 77.45919799804688 7.770334720611572 146.74684143066406 77.45919799804688 8.323071479797363 146.0357666015625 77.45919799804688 9.006340980529785 145.44898986816406 77.45919799804688 9.792773246765137 145.01004028320312 77.45919799804688 10.650867462158203 144.7364959716797 77.45919799804688 11.546250343322754 144.63929748535156 77.45919799804688 12.443055152893066 144.72235107421875 77.45919799804688 13.305357933044434 144.98233032226562 77.45919799804688 14.098618507385254 145.40882873535156 77.45919799804688 14.791059494018555 145.9847412109375 77.45919799804688 15.354945182800293 146.68701171875 77.45919799804688 15.767687797546387 147.48751831054688 77.45919799804688 7.138910293579102 148.42417907714844 77.45919799804688 8.15723991394043 148.41615295410156 77.45919799804688 13.127338409423828 145.9989013671875 77.45919799804688 13.310171127319336 145.81752014160156 77.45919799804688 13.55903148651123 145.75119018554688 77.45919799804688 13.807890892028809 145.81752014160156 77.45919799804688 13.990720748901367 145.99891662597656 77.45919799804688 14.059012413024902 146.2472381591797 77.45919799804688 13.575769424438477 148.37339782714844 77.45919799804688 13.562972068786621 146.7511749267578 77.45919799804688 16.012754440307617 148.3541717529297 77.45919799804688 15.767687797546387 147.48751831054688 77.45919799804688 15.354945182800293 146.68701171875 77.45919799804688 14.791059494018555 145.9847412109375 77.45919799804688 14.098618507385254 145.40882873535156 77.45919799804688 13.305357933044434 144.98233032226562 77.45919799804688 12.443055152893066 144.72235107421875 77.45919799804688 11.546250343322754 144.63929748535156 77.45919799804688 10.650867462158203 144.7364959716797 77.45919799804688 9.792773246765137 145.01004028320312 77.45919799804688 9.006340980529785 145.44898986816406 77.45919799804688 8.323071479797363 146.0357666015625 77.45919799804688 7.770334720611572 146.74684143066406 77.45919799804688 7.370272636413574 147.5537567138672 77.45919799804688 8.40856647491455 147.66236877441406 77.45919799804688 8.82343578338623 146.9846954345703 77.45919799804688 9.38046646118164 146.41806030273438 77.45919799804688 10.050950050354004 145.99166870117188 77.45919799804688 10.800329208374023 145.7274932861328 77.45919799804688 11.589982032775879 145.63916015625 77.45919799804688 12.379210472106934 145.73121643066406 77.45919799804688 14.022462844848633 146.43887329101562 77.45919799804688 13.915359497070312 146.60194396972656 77.45919799804688 13.754008293151855 146.71160888671875 77.45919799804688 8.15723991394043 148.41615295410156 77.45919799804688 8.15723991394043 148.41615295410156 83.45919799804688 8.15723991394043 148.41615295410156 81.45919799804688 8.15723991394043 148.41615295410156 79.45919799804688 13.127338409423828 145.9989013671875 77.45919799804688 13.127338409423828 145.9989013671875 78.95919799804688 13.127338409423828 145.9989013671875 80.45919799804688 13.127338409423828 145.9989013671875 81.95919799804688 8.40856647491455 147.66236877441406 77.45919799804688 8.82343578338623 146.9846954345703 77.45919799804688 9.38046646118164 146.41806030273438 77.45919799804688 10.050950050354004 145.99166870117188 77.45919799804688 10.800329208374023 145.7274932861328 77.45919799804688 11.589982032775879 145.63916015625 77.45919799804688 12.379210472106934 145.73121643066406 77.45919799804688 13.127338409423828 145.9989013671875 83.45919799804688 12.379210472106934 145.73121643066406 83.45919799804688 11.589982032775879 145.63916015625 83.45919799804688 10.800329208374023 145.7274932861328 83.45919799804688 10.050950050354004 145.99166870117188 83.45919799804688 9.38046646118164 146.41806030273438 83.45919799804688 8.82343578338623 146.9846954345703 83.45919799804688 8.40856647491455 147.66236877441406 83.45919799804688 12.361749649047852 145.7271728515625 80.45919799804688 10.964640617370605 145.69398498535156 80.45919799804688 10.392799377441406 145.8472900390625 80.45919799804688 9.85497760772705 146.0947723388672 80.45919799804688 9.366561889648438 146.4293670654297 80.45919799804688 8.941529273986816 146.84149169921875 80.45919799804688 8.592039108276367 147.31936645507812 80.45919799804688 8.328091621398926 147.84930419921875 80.45919799804688 16.55620574951172 149.8499298095703 82.6592025756836 16.591703414916992 154.34979248046875 82.6592025756836 18.291650772094727 154.3363800048828 80.95919799804688 16.591703414916992 154.34979248046875 79.25920104980469 16.57395362854004 152.09986877441406 82.6592025756836 16.55620574951172 149.8499298095703 79.25920104980469 16.57395362854004 152.09986877441406 79.25920104980469 17.081518173217773 149.84579467773438 82.57599639892578 17.555408477783203 149.84205627441406 82.33452606201172 17.93149185180664 149.83908081054688 81.95843505859375 18.172950744628906 149.83718872070312 81.48452758789062 18.256153106689453 149.83653259277344 80.95919799804688 18.172950744628906 149.83718872070312 80.43386840820312 17.93149185180664 149.83908081054688 79.9599609375 17.555408477783203 149.84205627441406 79.58386993408203 17.081518173217773 149.84579467773438 79.34239959716797 17.117015838623047 154.3456573486328 79.34239959716797 17.59090805053711 154.3419189453125 79.58386993408203 17.966989517211914 154.3389434814453 79.9599609375 18.20844841003418 154.3370361328125 80.43386840820312 18.20844841003418 154.3370361328125 81.48452758789062 17.966989517211914 154.3389434814453 81.95843505859375 17.59090805053711 154.3419189453125 82.33452606201172 17.117015838623047 154.3456573486328 82.57599639892578 -21.91720962524414 149.40341186523438 87.95919799804688 -14.917427062988281 149.3481903076172 84.45919799804688 -14.917427062988281 149.3481903076172 87.95919799804688 -14.917427062988281 149.3481903076172 86.20919799804688 -21.91720962524414 149.40341186523438 84.45919799804688 -21.91720962524414 149.40341186523438 86.20919799804688 -21.874004364013672 149.92474365234375 87.95919799804688 -21.753582000732422 150.43380737304688 87.95919799804688 -21.558631896972656 150.91921997070312 87.95919799804688 -21.29351043701172 151.37017822265625 87.95919799804688 -20.964141845703125 151.77658081054688 87.95919799804688 -20.577878952026367 152.1293487548828 87.95919799804688 -20.143354415893555 152.4206085205078 87.95919799804688 -19.670270919799805 152.6438446044922 87.95919799804688 -19.169200897216797 152.79409790039062 87.95919799804688 -18.65133285522461 152.86798095703125 87.95919799804688 -18.128238677978516 152.8638458251953 87.95919799804688 -17.611602783203125 152.78179931640625 87.95919799804688 -17.112964630126953 152.62367248535156 87.95919799804688 -16.643463134765625 152.3929901123047 87.95919799804688 -16.213586807250977 152.09490966796875 87.95919799804688 -15.832937240600586 151.73609924316406 87.95919799804688 -15.510019302368164 151.32455444335938 87.95919799804688 -15.252046585083008 150.86947631835938 87.95919799804688 -15.064779281616211 150.3810272216797 87.95919799804688 -14.95240306854248 149.87013244628906 87.95919799804688 -14.999032974243164 150.127685546875 84.45919799804688 -15.252046585083008 150.86947631835938 84.45919799804688 -15.663779258728027 151.53636169433594 84.45919799804688 -16.213586807250977 152.09490966796875 84.45919799804688 -16.873897552490234 152.51712036132812 84.45919799804688 -17.611602783203125 152.78179931640625 84.45919799804688 -18.38970947265625 152.87570190429688 84.45919799804688 -19.169200897216797 152.79409790039062 84.45919799804688 -19.91098976135254 152.54107666015625 84.45919799804688 -20.577878952026367 152.1293487548828 84.45919799804688 -21.136428833007812 151.5795440673828 84.45919799804688 -21.558631896972656 150.91921997070312 84.45919799804688 -21.82331657409668 150.1815185546875 84.45919799804688 -19.667280197143555 149.3856658935547 88.45919799804688 -18.42717933654785 148.12583923339844 88.45919799804688 -17.167356491088867 149.36595153808594 78.45919799804688 -17.167356491088867 149.36595153808594 88.45919799804688 -19.667280197143555 149.3856658935547 85.12586212158203 -19.667280197143555 149.3856658935547 81.79253387451172 -17.167356491088867 149.36595153808594 81.79253387451172 -17.167356491088867 149.36595153808594 85.12586212158203 -19.667280197143555 149.3856658935547 78.45919799804688 -19.575904846191406 148.9065704345703 78.45919799804688 -19.308147430419922 148.49891662597656 78.45919799804688 -18.904767990112305 148.22476196289062 78.45919799804688 -18.42717933654785 148.12583923339844 78.45919799804688 -17.948089599609375 148.21722412109375 78.45919799804688 -17.540435791015625 148.4849853515625 78.45919799804688 -17.266279220581055 148.8883514404297 78.45919799804688 -17.266279220581055 148.8883514404297 88.45919799804688 -17.540435791015625 148.4849853515625 88.45919799804688 -17.948089599609375 148.21722412109375 88.45919799804688 -18.904767990112305 148.22476196289062 88.45919799804688 -19.308147430419922 148.49891662597656 88.45919799804688 -19.575904846191406 148.9065704345703 88.45919799804688 -19.575904846191406 148.9065704345703 83.45919799804688 -19.308147430419922 148.49891662597656 83.45919799804688 -19.119958877563477 148.34197998046875 83.45919799804688 -18.42717933654785 148.12583923339844 83.45919799804688 -18.904767990112305 148.22476196289062 83.45919799804688 -17.948089599609375 148.21722412109375 83.45919799804688 -17.731075286865234 148.33102416992188 83.45919799804688 -17.540435791015625 148.4849853515625 83.45919799804688 -17.266279220581055 148.8883514404297 83.45919799804688 -17.38349151611328 148.6731719970703 83.45919799804688 -17.212501525878906 149.0427703857422 83.45919799804688 -23.917146682739258 149.419189453125 83.45919799804688 -13.917458534240723 149.34030151367188 84.45919799804688 -13.417473793029785 149.33636474609375 83.95919799804688 -23.41716194152832 149.41525268554688 83.95919799804688 -22.917179107666016 149.4113006591797 84.45919799804688 -22.811464309692383 150.34609985351562 84.45919799804688 -22.51370620727539 151.23849487304688 84.45919799804688 -22.036916732788086 152.04946899414062 84.45919799804688 -21.401931762695312 152.7436065673828 84.45919799804688 -20.636507034301758 153.29054260253906 84.45919799804688 -19.774091720581055 153.66639709472656 84.45919799804688 -18.852378845214844 153.85472106933594 84.45919799804688 -17.911651611328125 153.84730529785156 84.45919799804688 -16.993024826049805 153.6444549560547 84.45919799804688 -16.136646270751953 153.2550506591797 84.45919799804688 -15.379944801330566 152.69610595703125 84.45919799804688 -14.755990028381348 151.99203491210938 84.45919799804688 -14.29205322265625 151.1736297607422 84.45919799804688 -14.008410453796387 150.2766571044922 84.45919799804688 -12.917489051818848 149.33241271972656 83.45919799804688 -13.003162384033203 150.34375 83.45919799804688 -13.273207664489746 151.32211303710938 83.45919799804688 -13.718429565429688 152.2342071533203 83.45919799804688 -14.3236665725708 153.0489501953125 83.45919799804688 -15.068307876586914 153.73861694335938 83.45919799804688 -15.926996231079102 154.2797088623047 83.45919799804688 -16.8704891204834 154.65380859375 83.45919799804688 -17.866657257080078 154.84817504882812 83.45919799804688 -18.881576538085938 154.85617065429688 83.45919799804688 -19.880687713623047 154.67755126953125 83.45919799804688 -20.829965591430664 154.31838989257812 83.45919799804688 -21.69708251953125 153.79090881347656 83.45919799804688 -22.452512741088867 153.1130828857422 83.45919799804688 -23.070528030395508 152.3079833984375 83.45919799804688 -23.53008270263672 151.4030303955078 83.45919799804688 -23.81553077697754 150.42904663085938 83.45919799804688 -14.917427062988281 149.3481903076172 87.95919799804688 -15.417411804199219 149.35214233398438 88.45919799804688 -15.16741943359375 149.3501739501953 88.20919799804688 -21.91720962524414 149.40341186523438 87.95919799804688 -21.667217254638672 149.4014434814453 88.20919799804688 -14.95240306854248 149.87013244628906 87.95919799804688 -15.064779281616211 150.3810272216797 87.95919799804688 -15.252046585083008 150.86947631835938 87.95919799804688 -15.510019302368164 151.32455444335938 87.95919799804688 -15.832937240600586 151.73609924316406 87.95919799804688 -16.213586807250977 152.09490966796875 87.95919799804688 -16.643463134765625 152.3929901123047 87.95919799804688 -17.112964630126953 152.62367248535156 87.95919799804688 -17.611602783203125 152.78179931640625 87.95919799804688 -18.128238677978516 152.8638458251953 87.95919799804688 -18.65133285522461 152.86798095703125 87.95919799804688 -19.169200897216797 152.79409790039062 87.95919799804688 -19.670270919799805 152.6438446044922 87.95919799804688 -20.143354415893555 152.4206085205078 87.95919799804688 -20.577878952026367 152.1293487548828 87.95919799804688 -20.964141845703125 151.77658081054688 87.95919799804688 -21.29351043701172 151.37017822265625 87.95919799804688 -21.558631896972656 150.91921997070312 87.95919799804688 -21.753582000732422 150.43380737304688 87.95919799804688 -21.874004364013672 149.92474365234375 87.95919799804688 -21.417224884033203 149.39947509765625 88.45919799804688 -21.36754035949707 149.9200439453125 88.45919799804688 -21.228214263916016 150.424072265625 88.45919799804688 -21.003480911254883 150.89625549316406 88.45919799804688 -20.70016860961914 151.32223510742188 88.45919799804688 -20.327491760253906 151.6890869140625 88.45919799804688 -19.89677619934082 151.9856414794922 88.45919799804688 -19.42110824584961 152.20289611816406 88.45919799804688 -18.914941787719727 152.33424377441406 88.45919799804688 -18.393653869628906 152.37571716308594 88.45919799804688 -17.873085021972656 152.32603454589844 88.45919799804688 -17.369050979614258 152.18670654296875 88.45919799804688 -16.896869659423828 151.96197509765625 88.45919799804688 -16.47088623046875 151.65866088867188 88.45919799804688 -16.10404396057129 151.28598022460938 88.45919799804688 -15.807490348815918 150.8552703857422 88.45919799804688 -15.59023380279541 150.3795928955078 88.45919799804688 -15.458877563476562 149.87342834472656 88.45919799804688 16.54437255859375 148.3499755859375 82.20919799804688 16.491092681884766 141.59605407714844 79.70919799804688 16.526613235473633 146.0986785888672 82.20919799804688 16.508853912353516 143.8473663330078 82.20919799804688 16.508853912353516 143.8473663330078 79.70919799804688 16.526613235473633 146.0986785888672 79.70919799804688 16.491092681884766 141.59605407714844 82.20919799804688 16.666303634643555 141.71395874023438 82.19699096679688 16.942419052124023 141.91053771972656 82.12583923339844 16.959238052368164 141.92303466796875 82.11927032470703 16.975751876831055 141.9353485107422 82.112548828125 17.00786590576172 141.9594268798828 82.09867858886719 17.068464279174805 142.00540161132812 82.06954956054688 17.175460815429688 142.0885772705078 82.00775909423828 17.337026596069336 142.2198486328125 81.88399505615234 17.34337615966797 142.22512817382812 81.87821960449219 17.349668502807617 142.23037719726562 81.8724136352539 17.362071990966797 142.24073791503906 81.8607406616211 17.386180877685547 142.260986328125 81.83711242675781 17.431610107421875 142.2994842529297 81.78889465332031 17.511577606201172 142.36859130859375 81.68966674804688 17.6308650970459 142.47520446777344 81.48765563964844 17.63827896118164 142.48193359375 81.47157287597656 17.645450592041016 142.48846435546875 81.45542907714844 17.659055709838867 142.5008544921875 81.4229507446289 17.683340072631836 142.5230712890625 81.35734558105469 17.72026824951172 142.55722045898438 81.2243423461914 17.74892807006836 142.58432006835938 80.95746612548828 17.71952247619629 142.556640625 80.69103240966797 17.629940032958984 142.474365234375 80.42877960205078 17.623929977416992 142.4689178466797 80.41622924804688 17.617733001708984 142.4633026123047 80.40365600585938 17.604772567749023 142.45156860351562 80.3784408569336 17.576513290405273 142.42613220214844 80.32784271240234 17.510169982910156 142.3673553466797 80.22679901123047 17.335060119628906 142.2182159423828 80.03263092041016 17.331207275390625 142.2150115966797 80.02918243408203 17.32729148864746 142.21176147460938 80.02570343017578 17.319265365600586 142.20509338378906 80.01866149902344 17.30243492126465 142.19114685058594 80.00428771972656 17.265533447265625 142.1607666015625 79.9744873046875 17.17793083190918 142.09011840820312 79.91223907470703 16.941564559936523 141.90919494628906 79.792236328125 16.90433120727539 141.88177490234375 79.7786865234375 16.86806869506836 141.85540771484375 79.7667465209961 16.798749923706055 141.80580139160156 79.74723052978516 16.67450523376465 141.7191619873047 79.72257995605469 16.54437255859375 148.3499755859375 79.70919799804688 17.02271270751953 148.34620666503906 79.80435180664062 17.4282283782959 148.343017578125 80.0753173828125 17.699186325073242 148.3408660888672 80.48084259033203 17.794334411621094 148.34011840820312 80.95919799804688 17.699186325073242 148.3408660888672 81.43755340576172 17.4282283782959 148.343017578125 81.84308624267578 17.02271270751953 148.34620666503906 82.11405181884766 16.99607276916504 144.96923828125 82.11405181884766 17.401588439941406 144.96604919433594 81.84308624267578 17.557037353515625 144.96481323242188 81.6536636352539 17.67254638671875 144.9639129638672 81.43755340576172 17.7676944732666 144.96316528320312 80.95919799804688 17.401588439941406 144.96604919433594 80.0753173828125 17.557037353515625 144.96481323242188 80.26473999023438 16.99607276916504 144.96923828125 79.80435180664062 17.212173461914062 144.96754455566406 79.91986083984375 17.67254638671875 144.9639129638672 80.48084259033203 14.059012413024902 146.2472381591797 77.45919799804688 14.059012413024902 146.2472381591797 80.45919799804688 14.059012413024902 146.2472381591797 83.45919799804688 14.022462844848633 146.43887329101562 78.95919799804688 14.022462844848633 146.43887329101562 80.45919799804688 14.022462844848633 146.43887329101562 81.95919799804688 13.915359497070312 146.60194396972656 78.95919799804688 13.915359497070312 146.60194396972656 80.45919799804688 13.915359497070312 146.60194396972656 81.95919799804688 13.754008293151855 146.71160888671875 77.45919799804688 13.754008293151855 146.71160888671875 78.95919799804688 13.754008293151855 146.71160888671875 80.45919799804688 13.754008293151855 146.71160888671875 81.95919799804688 13.562972068786621 146.7511749267578 77.45919799804688 13.562972068786621 146.7511749267578 80.45919799804688 13.562972068786621 146.7511749267578 83.45919799804688 14.059012413024902 146.2472381591797 82.45919799804688 14.059012413024902 146.2472381591797 81.45919799804688 14.059012413024902 146.2472381591797 79.45919799804688 14.059012413024902 146.2472381591797 78.45919799804688 13.562972068786621 146.7511749267578 78.45919799804688 13.562972068786621 146.7511749267578 79.45919799804688 13.562972068786621 146.7511749267578 81.45919799804688 13.562972068786621 146.7511749267578 82.45919799804688 14.022462844848633 146.43887329101562 77.45919799804688 13.915359497070312 146.60194396972656 77.45919799804688 13.754008293151855 146.71160888671875 83.45919799804688 13.915359497070312 146.60194396972656 83.45919799804688 14.022462844848633 146.43887329101562 83.45919799804688 14.104328155517578 151.9916229248047 77.45919799804688 13.176688194274902 152.25462341308594 77.45919799804688 14.104328155517578 151.9916229248047 83.45919799804688 14.104328155517578 151.9916229248047 82.45919799804688 14.104328155517578 151.9916229248047 81.45919799804688 14.104328155517578 151.9916229248047 80.45919799804688 14.104328155517578 151.9916229248047 79.45919799804688 14.104328155517578 151.9916229248047 78.45919799804688 13.176688194274902 152.25462341308594 79.45919799804688 13.176688194274902 152.25462341308594 81.45919799804688 14.039962768554688 152.24099731445312 77.45919799804688 13.860016822814941 152.42526245117188 77.45919799804688 13.612235069274902 152.49551391601562 77.45919799804688 13.362359046936035 152.43310546875 77.45919799804688 13.176688194274902 152.25462341308594 83.45919799804688 13.362359046936035 152.43310546875 83.45919799804688 13.612235069274902 152.49551391601562 83.45919799804688 13.860016822814941 152.42526245117188 83.45919799804688 14.039962768554688 152.24099731445312 83.45919799804688 13.999991416931152 152.30128479003906 80.45919799804688 13.882491111755371 152.4110565185547 80.45919799804688 13.736222267150879 152.4778594970703 80.45919799804688 13.577280044555664 152.49484252929688 80.45919799804688 13.277885437011719 152.37428283691406 80.45919799804688 13.411152839660645 152.4567413330078 80.45919799804688</float_array>
          <technique_common>
            <accessor count="1487" offset="0" source="#lib-position-array-a3590810-5ba7-4394-a44a-166a8067bd18" stride="3">
              <param name="X" type="float" />
              <param name="Y" type="float" />
              <param name="Z" type="float" />
            </accessor>
          </technique_common>
        </source>
        <source id="lib-normal-a3590810-5ba7-4394-a44a-166a8067bd18" name="normal">
          <float_array id="lib-normal-array-a3590810-5ba7-4394-a44a-166a8067bd18" count="4461">0.999969 -0.007888 -0.000000 0.999969 -0.007888 -0.000000 0.999969 -0.007888 -0.000000 0.999969 -0.007888 -0.000000 -0.007888 -0.999969 0.000000 -0.007888 -0.999969 -0.000000 -0.007888 -0.999969 -0.000000 -0.007888 -0.999969 -0.000000 -0.007888 -0.999969 -0.000000 -0.007888 -0.999969 -0.000000 -0.007888 -0.999969 -0.000000 -0.007888 -0.999969 -0.000000 -0.007888 -0.999969 -0.000000 0.007888 0.999969 -0.000000 0.007888 0.999969 0.000000 0.007888 0.999969 0.000000 0.007888 0.999969 0.000000 0.007888 0.999969 0.000000 0.007888 0.999969 0.000000 0.007888 0.999969 0.000000 0.007888 0.999969 0.000000 0.007888 0.999969 0.000000 -0.670332 0.225068 -0.707107 -0.699719 0.101946 -0.707107 -0.696265 0.123347 -0.707107 -0.698247 0.111584 -0.707107 0.698125 0.112348 -0.707107 0.661770 0.249121 -0.707107 0.598906 0.375915 -0.707107 0.512052 0.487651 -0.707107 0.404686 0.579853 -0.707107 0.281110 0.648827 -0.707107 0.146274 0.691812 -0.707107 0.005578 0.707085 -0.707107 -0.135341 0.694034 -0.707107 -0.270839 0.653182 -0.707107 -0.395488 0.586165 -0.707107 -0.504295 0.495668 -0.707107 -0.592901 0.385316 -0.707107 -0.657757 0.259530 -0.707107 -0.619463 0.340977 -0.707107 -0.548745 0.445959 -0.707107 -0.460441 0.536651 -0.707107 -0.357383 0.610145 -0.707107 -0.242873 0.664088 -0.707107 -0.120579 0.696750 -0.707107 0.005578 0.707085 -0.707107 0.131556 0.694761 -0.707107 0.253319 0.660174 -0.707107 0.366964 0.604431 -0.707107 0.468850 0.529320 -0.707107 0.555712 0.437246 -0.707107 0.624766 0.331161 -0.707107 0.673799 0.214464 -0.707107 0.701240 0.090895 -0.707107 0.699921 0.100554 -0.707107 -0.000000 0.000000 -1.000000 -0.000000 0.000000 -1.000000 -0.000000 0.000000 -1.000000 -0.000000 0.000000 -1.000000 -0.000000 0.000000 -1.000000 -0.000000 0.000000 -1.000000 -0.000000 0.000000 -1.000000 -0.000000 0.000000 -1.000000 -0.000000 0.000000 -1.000000 -0.000000 0.000000 -1.000000 -0.000000 0.000000 -1.000000 -0.000000 0.000000 -1.000000 -0.000000 0.000000 -1.000000 -0.000000 0.000000 -1.000000 -0.000000 0.000000 -1.000000 -0.000000 0.000000 -1.000000 -0.000000 0.000000 -1.000000 -0.000000 0.000000 -1.000000 -0.000000 0.000000 -1.000000 -0.000000 0.000000 -1.000000 -0.000000 0.000000 -1.000000 -0.000000 0.000000 -1.000000 -0.000000 0.000000 -1.000000 -0.000000 0.000000 -1.000000 -0.000000 0.000000 -1.000000 -0.000000 0.000000 -1.000000 -0.000000 0.000000 -1.000000 -0.000000 0.000000 -1.000000 -0.000000 0.000000 -1.000000 -0.000000 0.000000 -1.000000 -0.000000 0.000000 -1.000000 -0.000000 0.000000 -1.000000 -0.000000 0.000000 -1.000000 -0.000000 0.000000 -1.000000 0.007888 0.999969 -0.000000 0.007888 0.999969 -0.000000 0.007888 0.999969 -0.000000 -0.375384 0.926870 -0.000000 -0.375384 0.926870 -0.000000 -0.375384 0.926870 -0.000000 -0.375384 0.926870 -0.000000 -0.701507 0.712663 -0.000000 -0.701507 0.712663 -0.000000 -0.701507 0.712663 -0.000000 -0.701507 0.712663 -0.000000 -0.920832 0.389959 -0.000000 -0.920832 0.389959 -0.000000 -0.920832 0.389959 -0.000000 -0.920832 0.389959 -0.000000 -0.999969 0.007888 -0.000000 -0.999969 0.007888 -0.000000 -0.999969 0.007888 -0.000000 -0.999969 0.007888 -0.000000 -0.999969 0.007888 -0.000000 -0.999969 0.007888 -0.000000 -0.999969 0.007888 -0.000000 -0.375384 0.926870 -0.000000 -0.701507 0.712663 -0.000000 -0.920832 0.389959 -0.000000 0.007888 0.999969 -0.000000 0.007888 0.999969 -0.000000 0.007888 0.999969 -0.000000 0.007888 0.999969 -0.000000 0.863379 0.504556 -0.000000 0.705706 0.708505 -0.000000 0.705706 0.708505 -0.000000 0.501134 0.865370 -0.000000 0.501134 0.865370 -0.000000 0.007888 0.999969 -0.000000 0.007888 0.999969 -0.000000 -0.375384 0.926870 -0.000000 -0.375384 0.926870 -0.000000 -0.701507 0.712663 -0.000000 -0.701507 0.712663 -0.000000 -0.920832 0.389959 -0.000000 -0.920832 0.389959 -0.000000 -0.999969 0.007888 -0.000000 -0.999969 0.007888 -0.000000 -0.999969 0.007888 -0.000000 -0.999969 0.007888 -0.000000 -0.999969 0.007888 -0.000000 -0.999969 0.007888 -0.000000 -0.999969 0.007888 -0.000000 0.497714 0.867341 -0.000000 -0.000006 1.000000 -0.000000 -0.497725 0.867335 -0.000000 -0.863385 0.504546 -0.000000 0.863379 0.504556 -0.000000 0.863379 0.504556 -0.000000 0.863379 0.504556 -0.000000 0.863379 0.504556 -0.000000 -0.863385 0.504546 -0.000000 -0.497725 0.867335 -0.000000 -0.000006 1.000000 -0.000000 0.497714 0.867341 -0.000000 -0.000000 -0.000000 1.000000 0.000000 -0.000000 -1.000000 0.000000 -0.000000 -1.000000 0.000000 -0.000000 -1.000000 0.000000 -0.000000 -1.000000 -0.000000 -0.000000 1.000000 -0.000000 -0.000000 1.000000 -0.000000 -0.000000 1.000000 0.382672 -0.003019 -0.923880 0.707085 -0.005578 -0.707107 0.923851 -0.007288 -0.382683 0.999969 -0.007888 0.000000 0.923851 -0.007288 0.382683 0.707085 -0.005578 0.707107 0.382672 -0.003019 0.923880 0.354875 -0.002799 0.934910 0.377701 -0.002980 0.925923 0.400235 -0.003157 0.916407 0.444380 -0.003506 0.895831 0.528682 -0.004171 0.848809 0.679270 -0.005359 0.733869 0.716256 -0.005650 0.697815 0.751343 -0.005927 0.659885 0.815445 -0.006433 0.578799 0.917010 -0.007234 0.398799 0.979465 -0.007727 0.201465 0.999957 -0.007888 -0.004797 0.977645 -0.007712 -0.210122 0.913948 -0.007210 -0.405768 0.811601 -0.006402 -0.584177 0.675141 -0.005326 -0.737670 0.639972 -0.005049 -0.768382 0.603184 -0.004758 -0.797588 0.524984 -0.004141 -0.851102 0.352037 -0.002777 -0.935982 0.332466 -0.002623 -0.943111 0.312541 -0.002466 -0.949901 0.271648 -0.002143 -0.962394 0.185846 -0.001466 -0.982578 0.555553 -0.004383 0.831470 0.258811 -0.002042 0.965926 0.831444 -0.006559 0.555570 0.707085 -0.005578 0.707107 0.923851 -0.007288 0.382683 0.999969 -0.007888 0.000000 0.923851 -0.007288 -0.382683 0.707085 -0.005578 -0.707107 0.831444 -0.006559 -0.555570 0.555553 -0.004383 -0.831470 0.382672 -0.003019 -0.923880 0.258811 -0.002042 -0.965926 0.707085 -0.005578 0.707107 0.707085 -0.005578 0.707107 -0.707085 0.005578 0.707107 0.707085 -0.005578 0.707107 0.695374 -0.128277 0.707107 0.662535 -0.247079 0.707107 0.609564 -0.358373 0.707107 0.538073 -0.458778 0.707107 0.450232 -0.545244 0.707107 0.348712 -0.615142 0.707107 0.236596 -0.666350 0.707107 0.117291 -0.697311 0.707107 -0.005578 -0.707085 0.707107 -0.128277 -0.695374 0.707107 -0.247079 -0.662535 0.707107 -0.358373 -0.609564 0.707107 -0.458778 -0.538073 0.707107 -0.545244 -0.450232 0.707107 -0.615142 -0.348712 0.707107 -0.666350 -0.236596 0.707107 -0.697311 -0.117291 0.707107 -0.707085 0.005578 0.707107 -0.707085 0.005578 0.707107 -0.700019 -0.099870 0.707107 -0.677315 -0.203087 0.707107 -0.639482 -0.301767 0.707107 -0.587363 -0.393706 0.707107 -0.522124 -0.476851 0.707107 -0.445221 -0.549343 0.707107 -0.358373 -0.609564 0.707107 -0.263519 -0.656169 0.707107 -0.162779 -0.688115 0.707107 -0.058403 -0.704691 0.707107 0.047278 -0.705524 0.707107 0.151903 -0.690598 0.707107 0.253135 -0.660245 0.707107 0.348712 -0.615142 0.707107 0.436499 -0.556299 0.707107 0.514536 -0.485029 0.707107 0.581079 -0.402924 0.707107 0.634641 -0.311818 0.707107 0.674027 -0.213747 0.707107 0.698356 -0.110901 0.707107 0.707085 -0.005578 0.707107 -0.707085 0.005578 0.707107 0.707085 -0.005578 0.707107 0.707085 -0.005578 0.707107 0.690474 -0.152467 0.707107 0.643685 -0.292693 0.707107 0.568765 -0.420127 0.707107 0.468987 -0.529199 0.707107 0.348712 -0.615142 0.707107 0.213196 -0.674201 0.707107 0.068363 -0.703794 0.707107 -0.079458 -0.702628 0.707107 -0.223806 -0.670754 0.707107 -0.358373 -0.609564 0.707107 -0.477277 -0.521734 0.707107 -0.575322 -0.411101 0.707107 -0.648223 -0.282502 0.707107 -0.692793 -0.141555 0.707107 -0.707085 0.005578 0.707107 -0.707085 0.005578 0.707107 -0.696070 -0.124444 0.707107 -0.661352 -0.250227 0.707107 -0.604112 -0.367490 0.707107 -0.526300 -0.472238 0.707107 -0.430565 -0.560904 0.707107 -0.320168 -0.630470 0.707107 -0.198868 -0.678566 0.707107 -0.070796 -0.703554 0.707107 0.059687 -0.704583 0.707107 0.188138 -0.681619 0.707107 0.310182 -0.635443 0.707107 0.421662 -0.567627 0.707107 0.518784 -0.480482 0.707107 0.598239 -0.376975 0.707107 0.657322 -0.260630 0.707107 0.694020 -0.135409 0.707107 -0.999969 0.007888 -0.000000 -0.999969 0.007888 -0.000000 -0.712663 -0.701507 0.000000 -0.007888 -0.999969 0.000000 0.999969 -0.007888 -0.000000 0.999969 -0.007888 -0.000000 0.999969 -0.007888 -0.000000 0.999969 -0.007888 -0.000000 -0.926870 -0.375384 0.000000 -0.712663 -0.701507 0.000000 -0.389959 -0.920832 0.000000 -0.007888 -0.999969 0.000000 0.375384 -0.926870 -0.000000 0.701507 -0.712663 -0.000000 0.920832 -0.389959 -0.000000 -0.999969 0.007888 -0.000000 -0.999969 0.007888 -0.000000 0.920832 -0.389959 -0.000000 0.701507 -0.712663 -0.000000 0.375384 -0.926870 -0.000000 -0.389959 -0.920832 0.000000 -0.926870 -0.375384 0.000000 -0.926870 -0.375384 0.000000 -0.712663 -0.701507 0.000000 -0.562112 -0.827061 0.000000 -0.007888 -0.999969 0.000000 -0.389959 -0.920832 0.000000 0.375384 -0.926870 -0.000000 0.548994 -0.835826 -0.000000 0.701507 -0.712663 -0.000000 0.827061 -0.562112 -0.000000 0.963854 -0.266431 -0.000000 0.920832 -0.389959 -0.000000 0.000000 -0.000000 1.000000 0.000000 -0.000000 1.000000 0.000000 -0.000000 1.000000 0.000000 -0.000000 1.000000 0.000000 -0.000000 1.000000 0.000000 -0.000000 1.000000 0.000000 -0.000000 1.000000 0.000000 -0.000000 1.000000 0.000000 -0.000000 1.000000 0.000000 -0.000000 1.000000 0.000000 -0.000000 1.000000 0.000000 -0.000000 1.000000 0.000000 -0.000000 1.000000 0.000000 -0.000000 1.000000 0.000000 -0.000000 1.000000 0.000000 -0.000000 1.000000 0.000000 -0.000000 1.000000 0.000000 -0.000000 1.000000 0.000000 -0.000000 1.000000 0.000000 -0.000000 1.000000 0.000000 -0.000000 1.000000 0.000000 -0.000000 1.000000 0.000000 -0.000000 1.000000 0.000000 -0.000000 1.000000 0.000000 -0.000000 1.000000 0.000000 -0.000000 1.000000 0.000000 -0.000000 1.000000 0.000000 -0.000000 1.000000 0.000000 -0.000000 1.000000 0.000000 -0.000000 1.000000 0.000000 -0.000000 1.000000 0.000000 -0.000000 1.000000 0.000000 -0.000000 1.000000 0.000000 -0.000000 1.000000 0.000000 -0.000000 1.000000 0.000000 -0.000000 1.000000 0.000000 -0.000000 1.000000 0.000000 -0.000000 1.000000 0.000000 -0.000000 1.000000 0.000000 -0.000000 1.000000 0.000000 -0.000000 1.000000 0.000000 -0.000000 1.000000 0.000000 -0.000000 1.000000 0.000000 -0.000000 1.000000 0.000000 -0.000000 1.000000 0.000000 -0.000000 1.000000 0.000000 -0.000000 1.000000 0.000000 -0.000000 1.000000 0.000000 -0.000000 1.000000 0.000000 -0.000000 1.000000 0.000000 -0.000000 1.000000 0.000000 -0.000000 1.000000 0.999969 -0.007888 0.000000 -0.999969 0.007888 0.000000 0.999969 -0.007888 0.000000 0.987624 -0.156838 0.000000 0.953218 -0.302284 0.000000 0.897518 -0.440977 0.000000 0.821769 -0.569820 0.000000 0.727664 -0.685934 0.000000 0.617303 -0.786726 0.000000 0.493153 -0.869943 0.000000 0.357987 -0.933727 0.000000 0.214823 -0.976653 0.000000 0.066861 -0.997762 0.000000 -0.082594 -0.996583 -0.000000 -0.230205 -0.973142 -0.000000 -0.372673 -0.927963 -0.000000 -0.506816 -0.862054 -0.000000 -0.629638 -0.776889 -0.000000 -0.738395 -0.674369 -0.000000 -0.830657 -0.556785 -0.000000 -0.904364 -0.426763 -0.000000 -0.957868 -0.287208 -0.000000 -0.989976 -0.141237 -0.000000 0.999969 -0.007888 0.000000 -0.999969 0.007888 0.000000 -0.999969 0.007888 0.000000 -0.976653 -0.214823 -0.000000 -0.904364 -0.426763 -0.000000 -0.786726 -0.617303 -0.000000 -0.629638 -0.776889 -0.000000 -0.440977 -0.897518 -0.000000 -0.230205 -0.973142 -0.000000 -0.007888 -0.999969 -0.000000 0.214823 -0.976653 0.000000 0.426763 -0.904364 0.000000 0.617303 -0.786726 0.000000 0.776889 -0.629638 0.000000 0.897518 -0.440977 0.000000 0.973142 -0.230205 0.000000 0.000000 -0.000000 1.000000 0.000000 -0.000000 1.000000 0.000000 -0.000000 1.000000 0.000000 -0.000000 1.000000 0.000000 -0.000000 1.000000 0.000000 -0.000000 1.000000 0.000000 -0.000000 1.000000 0.000000 -0.000000 1.000000 0.000000 -0.000000 1.000000 0.000000 -0.000000 1.000000 0.000000 -0.000000 1.000000 0.000000 -0.000000 1.000000 0.000000 -0.000000 1.000000 0.000000 -0.000000 1.000000 0.000000 -0.000000 1.000000 0.000000 -0.000000 1.000000 0.000000 -0.000000 1.000000 0.000000 -0.000000 1.000000 0.000000 -0.000000 1.000000 0.000000 -0.000000 1.000000 0.000000 -0.000000 1.000000 0.000000 -0.000000 1.000000 0.000000 -0.000000 1.000000 0.000000 -0.000000 1.000000 0.000000 -0.000000 1.000000 0.000000 -0.000000 1.000000 0.000000 -0.000000 1.000000 0.000000 -0.000000 1.000000 0.000000 -0.000000 1.000000 0.000000 -0.000000 1.000000 0.000000 -0.000000 1.000000 0.000000 -0.000000 1.000000 0.000000 -0.000000 1.000000 0.000000 -0.000000 1.000000 0.000000 -0.000000 1.000000 0.000000 -0.000000 1.000000 0.000000 -0.000000 1.000000 0.000000 -0.000000 1.000000 0.000000 -0.000000 1.000000 0.000000 -0.000000 1.000000 0.000000 -0.000000 1.000000 0.000000 -0.000000 1.000000 0.000000 -0.000000 1.000000 0.000000 -0.000000 1.000000 0.000000 -0.000000 1.000000 0.000000 -0.000000 1.000000 0.000000 -0.000000 1.000000 0.000000 -0.000000 1.000000 0.000000 -0.000000 1.000000 0.000000 -0.000000 1.000000 0.000000 -0.000000 1.000000 0.000000 -0.000000 1.000000 0.000000 -0.000000 1.000000 0.000000 -0.000000 1.000000 0.000000 -0.000000 1.000000 0.000000 -0.000000 1.000000 0.000000 -0.000000 1.000000 0.000000 -0.000000 1.000000 0.745333 -0.005880 0.666667 0.745333 -0.005880 0.666667 0.745333 -0.005880 0.666667 0.745333 -0.005880 -0.666667 0.846976 -0.006681 -0.531589 0.931336 -0.007347 -0.364087 0.948350 -0.007481 -0.317139 0.956102 -0.007542 -0.292937 0.962451 -0.007592 -0.271348 0.982705 -0.007752 -0.185017 0.999969 -0.007888 0.000191 0.995405 -0.007852 0.095432 0.982403 -0.007750 0.186612 0.961961 -0.007589 0.273081 0.955806 -0.007540 0.293903 0.948906 -0.007486 0.315469 0.931904 -0.007351 0.362629 0.847392 -0.006685 0.530925 0.745333 -0.005880 -0.666667 0.745333 -0.005880 -0.666667 0.745333 -0.005880 -0.666667 0.745333 -0.005880 0.666667 0.867178 -0.006841 0.497951 0.951464 -0.007506 0.307667 0.994540 -0.007846 0.104058 0.994540 -0.007846 -0.104058 0.951464 -0.007506 -0.307667 0.867178 -0.006841 -0.497951 0.853908 -0.006736 0.520380 0.983375 -0.007757 0.181422 0.999969 -0.007888 -0.000000 0.934143 -0.007369 -0.356822 0.983375 -0.007757 -0.181422 0.853908 -0.006736 -0.520380 0.007888 0.999969 -0.000000 0.007888 0.999969 -0.000000 0.007888 0.999969 -0.000000 0.007888 0.999969 -0.000000 0.007888 0.999969 -0.000000 0.007888 0.999969 -0.000000 0.007888 0.999969 -0.000000 0.007888 0.999969 -0.000000 0.007888 0.999969 -0.000000 0.007888 0.999969 -0.000000 0.007888 0.999969 -0.000000 0.007888 0.999969 -0.000000 0.007888 0.999969 -0.000000 0.007888 0.999969 -0.000000 0.007888 0.999969 -0.000000 0.007888 0.999969 -0.000000 0.007888 0.999969 -0.000000 0.007888 0.999969 -0.000000 0.007888 0.999969 -0.000000 0.007888 0.999969 -0.000000 0.007888 0.999969 -0.000000 0.007888 0.999969 -0.000000 0.007888 0.999969 -0.000000 0.007888 0.999969 -0.000000 0.007888 0.999969 -0.000000 0.007888 0.999969 -0.000000 0.007888 0.999969 -0.000000 0.007888 0.999969 -0.000000 0.007888 0.999969 -0.000000 0.007888 0.999969 -0.000000 0.007888 0.999969 -0.000000 0.007888 0.999969 -0.000000 0.007888 0.999969 -0.000000 0.007888 0.999969 -0.000000 0.007888 0.999969 -0.000000 -0.000000 -0.000000 1.000000 -0.000000 -0.000000 1.000000 0.000000 -0.000000 -1.000000 0.000000 -0.000000 -1.000000 0.000000 -0.000000 -1.000000 0.309007 -0.002438 0.951057 0.587767 -0.004637 0.809017 0.808992 -0.006382 0.587785 0.951027 -0.007502 0.309017 0.999969 -0.007888 0.000000 0.951027 -0.007502 -0.309017 0.808992 -0.006382 -0.587785 0.587767 -0.004637 -0.809017 0.309007 -0.002438 -0.951057 -0.000000 -0.000000 1.000000 0.309007 -0.002438 -0.951057 0.587767 -0.004637 -0.809017 0.808992 -0.006382 -0.587785 0.951027 -0.007502 -0.309017 0.999969 -0.007888 0.000000 0.951027 -0.007502 0.309017 0.808992 -0.006382 0.587785 0.587767 -0.004637 0.809017 0.309007 -0.002438 0.951057 -0.007888 -0.999969 0.000000 -0.007888 -0.999969 0.000000 -0.007888 -0.999969 0.000000 -0.007888 -0.999969 0.000000 -0.007888 -0.999969 0.000000 -0.007888 -0.999969 0.000000 -0.007888 -0.999969 0.000000 -0.007888 -0.999969 0.000000 -0.007888 -0.999969 0.000000 -0.007888 -0.999969 0.000000 -0.007888 -0.999969 0.000000 -0.007888 -0.999969 0.000000 -0.007888 -0.999969 0.000000 -0.007888 -0.999969 0.000000 -0.007888 -0.999969 0.000000 -0.007888 -0.999969 0.000000 -0.007888 -0.999969 0.000000 -0.007888 -0.999969 0.000000 -0.007888 -0.999969 0.000000 -0.007888 -0.999969 0.000000 -0.007888 -0.999969 0.000000 -0.007888 -0.999969 0.000000 -0.007888 -0.999969 0.000000 -0.007888 -0.999969 0.000000 -0.007888 -0.999969 0.000000 -0.007888 -0.999969 0.000000 -0.007888 -0.999969 0.000000 -0.007888 -0.999969 0.000000 -0.007888 -0.999969 0.000000 -0.007888 -0.999969 0.000000 -0.007888 -0.999969 0.000000 -0.007888 -0.999969 0.000000 0.007888 0.999969 -0.000000 0.007888 0.999969 -0.000000 0.007888 0.999969 -0.000000 0.007888 0.999969 -0.000000 0.007888 0.999969 -0.000000 0.007888 0.999969 -0.000000 0.007888 0.999969 -0.000000 0.007888 0.999969 -0.000000 0.007888 0.999969 -0.000000 0.007888 0.999969 -0.000000 0.007888 0.999969 -0.000000 0.007888 0.999969 -0.000000 0.007888 0.999969 -0.000000 0.007888 0.999969 -0.000000 0.007888 0.999969 -0.000000 0.007888 0.999969 -0.000000 0.007888 0.999969 -0.000000 0.007888 0.999969 -0.000000 0.007888 0.999969 -0.000000 0.007888 0.999969 -0.000000 0.007888 0.999969 -0.000000 0.007888 0.999969 -0.000000 0.007888 0.999969 -0.000000 0.007888 0.999969 -0.000000 -0.999969 0.007888 0.000000 -0.999969 0.007888 0.000000 -0.999969 0.007888 0.000000 -0.999969 0.007888 0.000000 -0.999969 0.007888 0.000000 -0.999969 0.007888 0.000000 -0.999969 0.007888 0.000000 -0.999969 0.007888 0.000000 -0.999969 0.007888 0.000000 0.975050 -0.221984 -0.000000 0.975050 -0.221984 -0.000000 0.975050 -0.221984 -0.000000 0.975050 -0.221984 -0.000000 0.899854 -0.436191 -0.000000 0.778280 -0.627918 -0.000000 0.616594 -0.787281 -0.000000 0.423129 -0.906069 -0.000000 0.207857 -0.978159 -0.000000 -0.018129 -0.999836 -0.000000 -0.243179 -0.969981 0.000000 -0.455697 -0.890135 0.000000 -0.243179 -0.969981 0.000000 -0.018129 -0.999836 -0.000000 0.207857 -0.978159 -0.000000 0.423129 -0.906069 -0.000000 0.616594 -0.787281 -0.000000 0.778280 -0.627918 -0.000000 0.899854 -0.436191 -0.000000 -0.455697 -0.890135 0.000000 -0.455697 -0.890135 0.000000 -0.455697 -0.890135 0.000000 0.923686 -0.383149 -0.000000 0.743898 -0.668293 -0.000000 0.620617 -0.784114 -0.000000 0.479579 -0.877499 -0.000000 0.324819 -0.945776 -0.000000 0.160765 -0.986993 -0.000000 -0.007888 -0.999969 -0.000000 -0.238209 -0.971214 0.000000 -0.108868 -0.994056 0.000000 -0.108868 -0.994056 0.000000 -0.108868 -0.994056 0.000000 -0.108868 -0.994056 0.000000 -0.108868 -0.994056 0.000000 -0.108868 -0.994056 0.000000 -0.093172 0.995650 -0.000000 -0.093172 0.995650 0.000000 -0.093172 0.995650 0.000000 -0.093172 0.995650 0.000000 -0.093172 0.995650 0.000000 -0.093172 0.995650 0.000000 -0.093172 0.995650 0.000000 -0.093172 0.995650 0.000000 -0.093172 0.995650 0.000000 -0.093172 0.995650 0.000000 0.995833 -0.091192 -0.000000 0.995833 -0.091192 -0.000000 0.995833 -0.091192 -0.000000 -0.108868 -0.994056 -0.000000 -0.108868 -0.994056 -0.000000 0.545483 -0.838122 -0.000000 0.495953 -0.868349 -0.000000 0.492768 -0.870160 -0.000000 0.489625 -0.871933 -0.000000 0.483467 -0.875363 -0.000000 0.471708 -0.881755 -0.000000 0.450704 -0.892674 -0.000000 0.445546 -0.895259 -0.000000 0.440655 -0.897677 -0.000000 0.431719 -0.902008 -0.000000 0.417560 -0.908650 -0.000000 0.408860 -0.912597 -0.000000 0.405994 -0.913876 -0.000000 0.409107 -0.912487 -0.000000 0.417987 -0.908453 -0.000000 0.432262 -0.901748 -0.000000 0.451279 -0.892383 -0.000000 0.456184 -0.889885 -0.000000 0.461316 -0.887236 -0.000000 0.472224 -0.881479 -0.000000 0.496349 -0.868123 -0.000000 0.499080 -0.866556 -0.000000 0.501861 -0.864948 -0.000000 0.507568 -0.861611 -0.000000 0.519545 -0.854443 -0.000000 0.545483 -0.838122 -0.000000 0.972343 -0.233556 -0.000000 0.928610 -0.371058 -0.000000 0.865543 -0.500835 -0.000000 0.784456 -0.620184 -0.000000 0.687038 -0.726622 -0.000000 0.575315 -0.817932 -0.000000 0.451615 -0.892213 -0.000000 0.318513 -0.947919 -0.000000 0.178779 -0.983889 -0.000000 0.035323 -0.999376 -0.000000 -0.108868 -0.994056 -0.000000 0.035323 -0.999376 -0.000000 0.178779 -0.983889 -0.000000 0.318513 -0.947919 -0.000000 0.451615 -0.892213 -0.000000 0.575315 -0.817932 -0.000000 0.687038 -0.726622 -0.000000 0.784456 -0.620184 -0.000000 0.865543 -0.500835 -0.000000 0.928610 -0.371058 -0.000000 0.972343 -0.233556 -0.000000 0.564999 -0.825092 -0.000000 0.595668 -0.803230 -0.000000 0.597537 -0.801841 -0.000000 0.599371 -0.800472 -0.000000 0.602935 -0.797790 -0.000000 0.609656 -0.792666 -0.000000 0.621522 -0.783396 -0.000000 0.639475 -0.768811 -0.000000 0.640181 -0.768224 -0.000000 0.640880 -0.767641 -0.000000 0.642257 -0.766489 -0.000000 0.644934 -0.764238 -0.000000 0.649977 -0.759954 -0.000000 0.658856 -0.752269 -0.000000 0.672124 -0.740439 -0.000000 0.672948 -0.739690 -0.000000 0.673744 -0.738965 -0.000000 0.675254 -0.737586 -0.000000 0.677947 -0.735111 -0.000000 0.682044 -0.731311 -0.000000 0.685242 -0.728315 -0.000000 0.681968 -0.731382 -0.000000 0.672021 -0.740532 -0.000000 0.671353 -0.741138 -0.000000 0.670664 -0.741761 -0.000000 0.669222 -0.743062 -0.000000 0.666077 -0.745883 -0.000000 0.658699 -0.752406 -0.000000 0.639257 -0.768993 -0.000000 0.638829 -0.769349 -0.000000 0.638393 -0.769710 -0.000000 0.637501 -0.770450 -0.000000 0.635628 -0.771996 -0.000000 0.631519 -0.775360 -0.000000 0.621774 -0.783197 -0.000000 0.595535 -0.803329 -0.000000 0.591400 -0.806378 -0.000000 0.587376 -0.809315 -0.000000 0.579684 -0.814841 -0.000000 0.565889 -0.824482 -0.000000 0.000000 -0.000000 1.000000 0.000000 -0.000000 1.000000 0.000000 -0.000000 1.000000 0.000000 -0.000000 1.000000 0.000000 -0.000000 1.000000 0.000000 -0.000000 1.000000 0.000000 -0.000000 1.000000 0.000000 -0.000000 1.000000 0.000000 -0.000000 1.000000 0.000000 -0.000000 1.000000 0.000000 -0.000000 1.000000 0.000000 -0.000000 1.000000 0.000000 -0.000000 1.000000 0.000000 -0.000000 1.000000 0.000000 -0.000000 1.000000 0.000000 -0.000000 1.000000 0.000000 -0.000000 1.000000 0.000000 -0.000000 1.000000 0.000000 -0.000000 1.000000 0.000000 -0.000000 1.000000 0.000000 -0.000000 1.000000 0.000000 -0.000000 1.000000 0.000000 -0.000000 1.000000 0.000000 -0.000000 1.000000 0.000000 -0.000000 1.000000 0.000000 -0.000000 1.000000 0.000000 -0.000000 1.000000 0.000000 -0.000000 1.000000 0.000000 -0.000000 1.000000 0.000000 -0.000000 1.000000 0.000000 -0.000000 1.000000 0.000000 -0.000000 1.000000 0.000000 -0.000000 1.000000 0.000000 -0.000000 1.000000 0.000000 -0.000000 1.000000 0.000000 -0.000000 1.000000 0.000000 -0.000000 1.000000 0.000000 -0.000000 1.000000 0.000000 -0.000000 1.000000 0.000000 -0.000000 1.000000 0.000000 -0.000000 1.000000 0.000000 -0.000000 1.000000 0.000000 -0.000000 1.000000 0.000000 -0.000000 1.000000 0.000000 -0.000000 1.000000 0.000000 -0.000000 1.000000 0.000000 -0.000000 1.000000 0.000000 -0.000000 1.000000 0.000000 -0.000000 1.000000 0.000000 -0.000000 1.000000 0.000000 -0.000000 1.000000 0.000000 -0.000000 1.000000 0.000000 -0.000000 1.000000 0.000000 -0.000000 1.000000 0.000000 -0.000000 1.000000 0.000000 -0.000000 1.000000 0.000000 -0.000000 1.000000 0.000000 -0.000000 1.000000 0.000000 -0.000000 1.000000 0.000000 -0.000000 1.000000 0.000000 -0.000000 1.000000 0.000000 -0.000000 1.000000 0.000000 -0.000000 1.000000 0.000000 -0.000000 1.000000 0.000000 -0.000000 1.000000 0.000000 -0.000000 1.000000 0.000000 -0.000000 1.000000 0.000000 -0.000000 1.000000 0.000000 -0.000000 1.000000 0.000000 -0.000000 1.000000 0.000000 -0.000000 1.000000 0.000000 -0.000000 1.000000 0.000000 -0.000000 1.000000 0.000000 -0.000000 1.000000 0.000000 -0.000000 1.000000 0.000000 -0.000000 1.000000 0.000000 -0.000000 1.000000 0.000000 -0.000000 1.000000 0.000000 -0.000000 1.000000 0.000000 -0.000000 1.000000 0.000000 -0.000000 1.000000 0.000000 -0.000000 1.000000 0.000000 -0.000000 1.000000 0.000000 -0.000000 1.000000 0.000000 -0.000000 1.000000 0.000000 -0.000000 1.000000 0.000000 -0.000000 1.000000 0.000000 -0.000000 1.000000 0.000000 -0.000000 1.000000 0.000000 -0.000000 1.000000 0.000000 -0.000000 1.000000 0.000000 -0.000000 1.000000 0.000000 -0.000000 1.000000 0.000000 -0.000000 1.000000 0.000000 -0.000000 1.000000 0.000000 -0.000000 1.000000 0.000000 -0.000000 1.000000 0.000000 -0.000000 1.000000 0.000000 -0.000000 1.000000 0.000000 -0.000000 1.000000 0.000000 -0.000000 1.000000 0.000000 -0.000000 1.000000 0.000000 -0.000000 1.000000 0.000000 -0.000000 1.000000 0.000000 -0.000000 1.000000 0.000000 -0.000000 1.000000 0.000000 -0.000000 1.000000 0.000000 -0.000000 1.000000 0.000000 -0.000000 1.000000 0.000000 -0.000000 1.000000 0.000000 -0.000000 1.000000 0.000000 -0.000000 1.000000 0.000000 -0.000000 1.000000 0.000000 -0.000000 1.000000 0.000000 -0.000000 1.000000 0.000000 -0.000000 1.000000 0.000000 -0.000000 1.000000 0.000000 -0.000000 1.000000 0.000000 -0.000000 1.000000 0.000000 -0.000000 1.000000 -0.000000 0.000000 -1.000000 -0.000000 0.000000 -1.000000 -0.000000 0.000000 -1.000000 -0.000000 0.000000 -1.000000 -0.000000 0.000000 -1.000000 -0.000000 0.000000 -1.000000 -0.000000 0.000000 -1.000000 -0.000000 0.000000 -1.000000 -0.000000 0.000000 -1.000000 -0.000000 0.000000 -1.000000 -0.000000 0.000000 -1.000000 -0.000000 0.000000 -1.000000 -0.000000 0.000000 -1.000000 -0.000000 0.000000 -1.000000 -0.000000 0.000000 -1.000000 -0.000000 0.000000 -1.000000 -0.000000 0.000000 -1.000000 -0.000000 0.000000 -1.000000 -0.000000 0.000000 -1.000000 -0.000000 0.000000 -1.000000 -0.000000 0.000000 -1.000000 -0.000000 0.000000 -1.000000 -0.000000 0.000000 -1.000000 -0.000000 0.000000 -1.000000 -0.000000 0.000000 -1.000000 -0.000000 0.000000 -1.000000 -0.000000 0.000000 -1.000000 -0.000000 0.000000 -1.000000 -0.000000 0.000000 -1.000000 -0.000000 0.000000 -1.000000 -0.000000 0.000000 -1.000000 -0.000000 0.000000 -1.000000 -0.000000 0.000000 -1.000000 -0.000000 0.000000 -1.000000 -0.000000 0.000000 -1.000000 -0.000000 0.000000 -1.000000 -0.000000 0.000000 -1.000000 -0.000000 0.000000 -1.000000 -0.000000 0.000000 -1.000000 -0.000000 0.000000 -1.000000 -0.000000 0.000000 -1.000000 -0.000000 0.000000 -1.000000 -0.000000 0.000000 -1.000000 -0.000000 0.000000 -1.000000 -0.000000 0.000000 -1.000000 -0.000000 0.000000 -1.000000 -0.000000 0.000000 -1.000000 -0.000000 0.000000 -1.000000 -0.000000 0.000000 -1.000000 -0.000000 0.000000 -1.000000 -0.000000 0.000000 -1.000000 -0.000000 0.000000 -1.000000 -0.000000 0.000000 -1.000000 -0.000000 0.000000 -1.000000 -0.000000 0.000000 -1.000000 -0.000000 0.000000 -1.000000 -0.000000 0.000000 -1.000000 -0.000000 0.000000 -1.000000 -0.000000 0.000000 -1.000000 -0.000000 0.000000 -1.000000 -0.000000 0.000000 -1.000000 -0.000000 0.000000 -1.000000 -0.000000 0.000000 -1.000000 -0.000000 0.000000 -1.000000 -0.000000 0.000000 -1.000000 -0.000000 0.000000 -1.000000 -0.000000 0.000000 -1.000000 -0.000000 0.000000 -1.000000 -0.000000 0.000000 -1.000000 -0.000000 0.000000 -1.000000 -0.000000 0.000000 -1.000000 -0.000000 0.000000 -1.000000 -0.000000 0.000000 -1.000000 -0.000000 0.000000 -1.000000 -0.000000 0.000000 -1.000000 -0.000000 0.000000 -1.000000 -0.000000 0.000000 -1.000000 -0.000000 0.000000 -1.000000 -0.000000 0.000000 -1.000000 -0.000000 0.000000 -1.000000 -0.000000 0.000000 -1.000000 -0.000000 0.000000 -1.000000 -0.000000 0.000000 -1.000000 -0.000000 0.000000 -1.000000 -0.000000 0.000000 -1.000000 -0.000000 0.000000 -1.000000 -0.000000 0.000000 -1.000000 -0.000000 0.000000 -1.000000 -0.000000 0.000000 -1.000000 -0.000000 0.000000 -1.000000 -0.000000 0.000000 -1.000000 -0.000000 0.000000 -1.000000 -0.000000 0.000000 -1.000000 -0.000000 0.000000 -1.000000 -0.000000 0.000000 -1.000000 -0.000000 0.000000 -1.000000 -0.000000 0.000000 -1.000000 -0.000000 0.000000 -1.000000 0.007888 0.999969 0.000000 -0.007888 -0.999969 0.000000 -0.007888 -0.999969 0.000000 0.007888 0.999969 0.000000 -0.007888 -0.999969 0.000000 -0.181411 -0.983407 0.000000 -0.349422 -0.936965 0.000000 -0.506816 -0.862054 0.000000 -0.648811 -0.760950 0.000000 -0.771091 -0.636725 0.000000 -0.869943 -0.493153 0.000000 -0.942361 -0.334597 0.000000 -0.986147 -0.165874 0.000000 -0.999969 0.007888 0.000000 -0.983407 0.181411 0.000000 -0.936965 0.349422 0.000000 -0.862054 0.506816 0.000000 -0.760950 0.648811 0.000000 -0.636725 0.771091 0.000000 -0.493153 0.869943 0.000000 -0.334597 0.942361 0.000000 -0.165874 0.986147 0.000000 0.007888 0.999969 0.000000 -0.165874 0.986147 0.000000 -0.334597 0.942361 0.000000 -0.493153 0.869943 0.000000 -0.636725 0.771091 0.000000 -0.760950 0.648811 0.000000 -0.862054 0.506816 0.000000 -0.936965 0.349422 0.000000 -0.983407 0.181411 0.000000 -0.999969 0.007888 0.000000 -0.986147 -0.165874 0.000000 -0.942361 -0.334597 0.000000 -0.869943 -0.493153 0.000000 -0.771091 -0.636725 0.000000 -0.648811 -0.760950 0.000000 -0.506816 -0.862054 0.000000 -0.349422 -0.936965 0.000000 -0.181411 -0.983407 0.000000 -0.999969 0.007888 0.000000 -0.999969 0.007888 0.000000 -0.999969 0.007888 0.000000 -0.999969 0.007888 0.000000 -0.999969 0.007888 0.000000 -0.999969 0.007888 0.000000 -0.999969 0.007888 0.000000 -0.999969 0.007888 0.000000 -0.999969 0.007888 0.000000 -0.005632 0.999984 -0.000000 -0.005632 0.999984 -0.000000 -0.005632 0.999984 -0.000000 0.083408 0.996516 -0.000000 0.083408 0.996516 -0.000000 0.083408 0.996516 -0.000000 0.249160 0.968462 -0.000000 0.206891 0.978364 -0.000000 0.171787 0.985134 -0.000000 0.164705 0.986343 -0.000000 0.161479 0.986876 -0.000000 0.158837 0.987305 -0.000000 0.150407 0.988624 -0.000000 0.143222 0.989691 -0.000000 0.145121 0.989414 -0.000000 0.150532 0.988605 -0.000000 0.159040 0.987272 -0.000000 0.161602 0.986856 -0.000000 0.164473 0.986382 -0.000000 0.171549 0.985176 -0.000000 0.206717 0.978401 -0.000000 -0.093172 0.995650 -0.000000 -0.093172 0.995650 -0.000000 -0.093172 0.995650 -0.000000 -0.093172 0.995650 -0.000000 -0.093172 0.995650 -0.000000 -0.093172 0.995650 -0.000000 0.249160 0.968462 -0.000000 0.164778 0.986331 -0.000000 0.079170 0.996861 -0.000000 -0.007027 0.999975 -0.000000 -0.093172 0.995650 -0.000000 -0.007027 0.999975 -0.000000 0.079170 0.996861 -0.000000 0.164778 0.986331 -0.000000 0.816809 0.576908 -0.000000 0.886954 0.461858 -0.000000 0.886954 0.461858 -0.000000 0.886954 0.461858 -0.000000 0.940994 0.338422 -0.000000 0.940994 0.338422 -0.000000 0.940994 0.338422 -0.000000 0.940994 0.338422 -0.000000 0.977949 0.208842 -0.000000 0.977949 0.208842 -0.000000 0.977949 0.208842 -0.000000 0.997148 0.075470 -0.000000 0.997148 0.075470 -0.000000 0.816809 0.576908 -0.000000 0.816809 0.576908 -0.000000 0.816809 0.576908 -0.000000 0.816809 0.576908 -0.000000 0.816809 0.576908 -0.000000 0.816809 0.576908 -0.000000 0.997148 0.075470 -0.000000 0.997148 0.075470 -0.000000 0.997148 0.075470 -0.000000 0.997148 0.075470 -0.000000 0.997148 0.075470 -0.000000 0.865305 0.501246 -0.000000 0.906811 0.421537 -0.000000 0.967577 0.252575 -0.000000 0.986346 0.164687 -0.000000 0.986346 0.164687 -0.000000 0.967577 0.252575 -0.000000 0.940994 0.338422 -0.000000 0.906811 0.421537 -0.000000 0.865305 0.501246 -0.000000 -0.701240 -0.090895 -0.707107 -0.699921 -0.100554 -0.707107 0.696265 -0.123347 -0.707107 0.698247 -0.111584 -0.707107 0.699719 -0.101946 -0.707107 0.670332 -0.225068 -0.707107 0.619463 -0.340977 -0.707107 0.548745 -0.445959 -0.707107 0.460441 -0.536651 -0.707107 0.357383 -0.610145 -0.707107 0.242873 -0.664088 -0.707107 0.120579 -0.696750 -0.707107 -0.005578 -0.707085 -0.707107 -0.131556 -0.694761 -0.707107 -0.253319 -0.660174 -0.707107 -0.366964 -0.604431 -0.707107 -0.468850 -0.529320 -0.707107 -0.555712 -0.437246 -0.707107 -0.624766 -0.331161 -0.707107 -0.673799 -0.214464 -0.707107 -0.698125 -0.112348 -0.707107 -0.661770 -0.249121 -0.707107 -0.598906 -0.375915 -0.707107 -0.512052 -0.487651 -0.707107 -0.404686 -0.579853 -0.707107 -0.281110 -0.648827 -0.707107 -0.146274 -0.691812 -0.707107 -0.005578 -0.707085 -0.707107 0.135341 -0.694034 -0.707107 0.270839 -0.653182 -0.707107 0.395488 -0.586165 -0.707107 0.504295 -0.495668 -0.707107 0.592901 -0.385316 -0.707107 0.657757 -0.259530 -0.707107 -0.000000 0.000000 -1.000000 -0.000000 0.000000 -1.000000 -0.000000 0.000000 -1.000000 -0.000000 0.000000 -1.000000 -0.000000 0.000000 -1.000000 -0.000000 0.000000 -1.000000 -0.000000 0.000000 -1.000000 -0.000000 0.000000 -1.000000 -0.000000 0.000000 -1.000000 -0.000000 0.000000 -1.000000 -0.000000 0.000000 -1.000000 -0.000000 0.000000 -1.000000 -0.000000 0.000000 -1.000000 -0.000000 0.000000 -1.000000 -0.000000 0.000000 -1.000000 -0.000000 0.000000 -1.000000 -0.000000 0.000000 -1.000000 -0.000000 0.000000 -1.000000 -0.000000 0.000000 -1.000000 -0.000000 0.000000 -1.000000 -0.000000 0.000000 -1.000000 -0.000000 0.000000 -1.000000 -0.000000 0.000000 -1.000000 -0.000000 0.000000 -1.000000 -0.000000 0.000000 -1.000000 -0.000000 0.000000 -1.000000 -0.000000 0.000000 -1.000000 -0.000000 0.000000 -1.000000 -0.000000 0.000000 -1.000000 -0.000000 0.000000 -1.000000 -0.000000 0.000000 -1.000000 -0.000000 0.000000 -1.000000 -0.000000 0.000000 -1.000000 -0.000000 0.000000 -1.000000 0.978431 0.206574 -0.000000 0.978431 0.206574 -0.000000 0.978431 0.206574 -0.000000 0.978431 0.206574 -0.000000 -0.441597 0.897213 0.000000 -0.441597 0.897213 0.000000 -0.441597 0.897213 0.000000 -0.441597 0.897213 0.000000 0.906623 0.421941 -0.000000 0.788089 0.615561 -0.000000 0.628938 0.777456 -0.000000 0.437371 0.899281 -0.000000 0.223263 0.974758 -0.000000 -0.002353 0.999997 -0.000000 -0.227846 0.973697 0.000000 -0.441597 0.897213 0.000000 -0.227846 0.973697 0.000000 -0.002353 0.999997 -0.000000 0.223263 0.974758 -0.000000 0.437371 0.899281 -0.000000 0.628938 0.777456 -0.000000 0.788089 0.615561 -0.000000 0.906623 0.421941 -0.000000 -0.222858 0.974851 0.000000 0.176316 0.984334 -0.000000 0.339700 0.940534 -0.000000 0.493363 0.869823 -0.000000 0.632910 0.774225 -0.000000 0.754348 0.656474 -0.000000 0.854203 0.519940 -0.000000 0.929616 0.368529 -0.000000 0.000000 0.000000 -1.000000 -0.000000 0.000000 -1.000000 -0.999969 0.007888 0.000000 0.000000 0.000000 1.000000 0.000000 0.000000 -1.000000 -0.000000 0.000000 1.000000 0.000000 0.000000 1.000000 -0.309007 0.002438 -0.951057 -0.587767 0.004637 -0.809017 -0.808992 0.006382 -0.587785 -0.951027 0.007502 -0.309017 -0.999969 0.007888 -0.000000 -0.951027 0.007502 0.309017 -0.808992 0.006382 0.587785 -0.587767 0.004637 0.809017 -0.309007 0.002438 0.951057 -0.309007 0.002438 0.951057 -0.587767 0.004637 0.809017 -0.808992 0.006382 0.587785 -0.951027 0.007502 0.309017 -0.951027 0.007502 -0.309017 -0.808992 0.006382 -0.587785 -0.587767 0.004637 -0.809017 -0.309007 0.002438 -0.951057 -0.999969 0.007888 0.000000 0.999969 -0.007888 0.000000 0.999969 -0.007888 0.000000 0.999969 -0.007888 0.000000 -0.999969 0.007888 0.000000 -0.999969 0.007888 0.000000 -0.987624 0.156838 0.000000 -0.953218 0.302284 0.000000 -0.897518 0.440977 0.000000 -0.821769 0.569820 0.000000 -0.727664 0.685934 0.000000 -0.617303 0.786726 0.000000 -0.493153 0.869943 0.000000 -0.357987 0.933727 0.000000 -0.214823 0.976653 0.000000 -0.066861 0.997762 0.000000 0.082594 0.996583 0.000000 0.230205 0.973142 0.000000 0.372673 0.927963 0.000000 0.506816 0.862054 0.000000 0.629638 0.776889 0.000000 0.738395 0.674369 0.000000 0.830657 0.556785 0.000000 0.904364 0.426763 0.000000 0.957868 0.287208 0.000000 0.989976 0.141237 0.000000 0.976653 0.214823 0.000000 0.904364 0.426763 0.000000 0.786726 0.617303 0.000000 0.629638 0.776889 0.000000 0.440977 0.897518 0.000000 0.230205 0.973142 0.000000 0.007888 0.999969 0.000000 -0.214823 0.976653 0.000000 -0.426763 0.904364 0.000000 -0.617303 0.786726 0.000000 -0.776889 0.629638 0.000000 -0.897518 0.440977 0.000000 -0.973142 0.230205 0.000000 0.999969 -0.007888 -0.000000 0.007888 0.999969 -0.000000 -0.999969 0.007888 -0.000000 -0.999969 0.007888 -0.000000 0.999969 -0.007888 -0.000000 0.999969 -0.007888 -0.000000 -0.999969 0.007888 -0.000000 -0.999969 0.007888 -0.000000 0.999969 -0.007888 -0.000000 0.926870 0.375384 -0.000000 0.712663 0.701507 -0.000000 0.389959 0.920832 -0.000000 0.007888 0.999969 -0.000000 -0.375384 0.926870 -0.000000 -0.701507 0.712663 -0.000000 -0.920832 0.389959 -0.000000 -0.920832 0.389959 -0.000000 -0.701507 0.712663 -0.000000 -0.375384 0.926870 -0.000000 0.389959 0.920832 -0.000000 0.712663 0.701507 -0.000000 0.926870 0.375384 -0.000000 0.926870 0.375384 -0.000000 0.712663 0.701507 -0.000000 0.562112 0.827061 -0.000000 0.007888 0.999969 -0.000000 0.389959 0.920832 -0.000000 -0.375384 0.926870 -0.000000 -0.548994 0.835826 -0.000000 -0.701507 0.712663 -0.000000 -0.920832 0.389959 -0.000000 -0.827061 0.562112 -0.000000 -0.963854 0.266431 -0.000000 -0.707085 0.005578 0.707107 0.707085 -0.005578 0.707107 0.707085 -0.005578 0.707107 -0.707085 0.005578 0.707107 -0.707085 0.005578 0.707107 -0.690474 0.152467 0.707107 -0.643685 0.292693 0.707107 -0.568765 0.420127 0.707107 -0.468987 0.529199 0.707107 -0.348712 0.615142 0.707107 -0.213196 0.674201 0.707107 -0.068363 0.703794 0.707107 0.079458 0.702628 0.707107 0.223806 0.670754 0.707107 0.358373 0.609564 0.707107 0.477277 0.521734 0.707107 0.575322 0.411101 0.707107 0.648223 0.282502 0.707107 0.692793 0.141555 0.707107 0.707085 -0.005578 0.707107 0.696070 0.124444 0.707107 0.661352 0.250227 0.707107 0.604112 0.367490 0.707107 0.526300 0.472238 0.707107 0.430565 0.560904 0.707107 0.320168 0.630470 0.707107 0.198868 0.678566 0.707107 0.070796 0.703554 0.707107 -0.059687 0.704583 0.707107 -0.188138 0.681619 0.707107 -0.310182 0.635443 0.707107 -0.421662 0.567627 0.707107 -0.518784 0.480482 0.707107 -0.598239 0.376975 0.707107 -0.657322 0.260630 0.707107 -0.694020 0.135409 0.707107 0.707085 -0.005578 0.707107 0.707085 -0.005578 0.707107 0.707085 -0.005578 0.707107 -0.707085 0.005578 0.707107 -0.707085 0.005578 0.707107 0.700019 0.099870 0.707107 0.677315 0.203087 0.707107 0.639482 0.301767 0.707107 0.587363 0.393706 0.707107 0.522124 0.476851 0.707107 0.445221 0.549343 0.707107 0.358373 0.609564 0.707107 0.263519 0.656169 0.707107 0.162779 0.688115 0.707107 0.058403 0.704691 0.707107 -0.047278 0.705524 0.707107 -0.151903 0.690598 0.707107 -0.253135 0.660245 0.707107 -0.348712 0.615142 0.707107 -0.436499 0.556299 0.707107 -0.514536 0.485029 0.707107 -0.581079 0.402924 0.707107 -0.634641 0.311818 0.707107 -0.674027 0.213747 0.707107 -0.698356 0.110901 0.707107 -0.707085 0.005578 0.707107 -0.695374 0.128277 0.707107 -0.662535 0.247079 0.707107 -0.609564 0.358373 0.707107 -0.538073 0.458778 0.707107 -0.450232 0.545244 0.707107 -0.348712 0.615142 0.707107 -0.236596 0.666350 0.707107 -0.117291 0.697311 0.707107 0.005578 0.707085 0.707107 0.128277 0.695374 0.707107 0.247079 0.662535 0.707107 0.358373 0.609564 0.707107 0.458778 0.538073 0.707107 0.545244 0.450232 0.707107 0.615142 0.348712 0.707107 0.666350 0.236596 0.707107 0.697311 0.117291 0.707107 0.000000 0.000000 -1.000000 -0.000000 0.000000 1.000000 0.000000 0.000000 -1.000000 0.000000 0.000000 -1.000000 -0.000000 0.000000 1.000000 -0.000000 0.000000 1.000000 0.000000 0.000000 -1.000000 -0.139416 0.001100 -0.990233 -0.359054 0.002832 -0.933312 -0.372429 0.002938 -0.928056 -0.385562 0.003042 -0.922677 -0.411100 0.003243 -0.911585 -0.459284 0.003623 -0.888282 -0.544352 0.004294 -0.838846 -0.672769 0.005307 -0.739834 -0.677815 0.005347 -0.735214 -0.682814 0.005386 -0.730573 -0.692672 0.005464 -0.721232 -0.711829 0.005615 -0.702330 -0.747928 0.005900 -0.663754 -0.811461 0.006401 -0.584372 -0.906212 0.007149 -0.422763 -0.912101 0.007195 -0.409902 -0.917796 0.007240 -0.396986 -0.928603 0.007325 -0.371003 -0.947888 0.007478 -0.318516 -0.977214 0.007709 -0.212117 -0.999968 0.007888 0.001387 -0.976683 0.007705 0.214549 -0.905478 0.007143 0.424334 -0.900704 0.007105 0.434375 -0.895783 0.007067 0.444436 -0.885488 0.006985 0.464610 -0.863043 0.006808 0.505085 -0.810343 0.006393 0.585921 -0.671205 0.005295 0.741253 -0.668143 0.005271 0.744014 -0.665031 0.005246 0.746798 -0.658653 0.005196 0.752429 -0.645276 0.005090 0.763933 -0.615950 0.004859 0.787770 -0.546317 0.004310 0.837567 -0.358378 0.002827 0.933572 -0.328767 0.002594 0.944408 -0.299925 0.002366 0.953960 -0.244786 0.001931 0.969575 -0.145943 0.001151 0.989292 -0.000000 0.000000 1.000000 -0.382672 0.003019 0.923880 -0.707085 0.005578 0.707107 -0.923851 0.007288 0.382683 -0.999969 0.007888 -0.000000 -0.923851 0.007288 -0.382683 -0.707085 0.005578 -0.707107 -0.382672 0.003019 -0.923880 -0.382672 0.003019 -0.923880 -0.707085 0.005578 -0.707107 -0.831444 0.006559 -0.555570 -0.923851 0.007288 -0.382683 -0.999969 0.007888 -0.000000 -0.707085 0.005578 0.707107 -0.831444 0.006559 0.555570 -0.382672 0.003019 0.923880 -0.555553 0.004383 0.831470 -0.923851 0.007288 0.382683 -0.999969 0.007888 -0.000000 -0.999969 0.007888 -0.000000 -0.999969 0.007888 -0.000000 -0.926870 -0.375384 0.000000 -0.926870 -0.375384 0.000000 -0.926870 -0.375384 0.000000 -0.712663 -0.701507 0.000000 -0.712663 -0.701507 0.000000 -0.712663 -0.701507 0.000000 -0.389959 -0.920832 0.000000 -0.389959 -0.920832 0.000000 -0.389959 -0.920832 0.000000 -0.389959 -0.920832 0.000000 -0.007888 -0.999969 0.000000 -0.007888 -0.999969 0.000000 -0.007888 -0.999969 0.000000 -0.999969 0.007888 -0.000000 -0.999969 0.007888 -0.000000 -0.999969 0.007888 -0.000000 -0.999969 0.007888 -0.000000 -0.007888 -0.999969 0.000000 -0.007888 -0.999969 0.000000 -0.007888 -0.999969 0.000000 -0.007888 -0.999969 0.000000 -0.926870 -0.375384 0.000000 -0.712663 -0.701507 0.000000 -0.389959 -0.920832 0.000000 -0.712663 -0.701507 0.000000 -0.926870 -0.375384 0.000000 -0.999969 0.007888 -0.000000 0.855311 -0.518114 -0.000000 -0.999969 0.007888 -0.000000 -0.999969 0.007888 -0.000000 -0.999969 0.007888 -0.000000 -0.999969 0.007888 -0.000000 -0.999969 0.007888 -0.000000 -0.999969 0.007888 -0.000000 0.855311 -0.518114 -0.000000 0.855311 -0.518114 -0.000000 -0.871237 -0.490862 0.000000 -0.511346 -0.859375 0.000000 -0.015782 -0.999875 0.000000 0.483969 -0.875085 -0.000000 0.855311 -0.518114 -0.000000 0.483969 -0.875085 -0.000000 -0.015782 -0.999875 0.000000 -0.511346 -0.859375 0.000000 -0.871237 -0.490862 0.000000 -0.791296 -0.611434 0.000000 -0.556295 -0.830985 0.000000 -0.263757 -0.964589 0.000000 0.054127 -0.998534 -0.000000 0.652916 -0.757430 -0.000000 0.386381 -0.922339 -0.000000</float_array>
          <technique_common>
            <accessor count="1487" offset="0" source="#lib-normal-array-a3590810-5ba7-4394-a44a-166a8067bd18" stride="3">
              <param name="X" type="float" />
              <param name="Y" type="float" />
              <param name="Z" type="float" />
            </accessor>
          </technique_common>
        </source>
        <source id="lib-map1-a3590810-5ba7-4394-a44a-166a8067bd18" name="map1">
          <float_array id="lib-map1-array-a3590810-5ba7-4394-a44a-166a8067bd18" count="2974">0.207901 0.505809 0.284562 0.528624 0.207901 0.528624 0.284562 0.505809 0.394940 0.711856 0.394940 0.635194 0.386486 0.635194 0.370976 0.619862 0.378736 0.627524 0.355363 0.619862 0.355363 0.711856 0.355363 0.681191 0.355363 0.650527 0.311005 0.711856 0.311005 0.635194 0.334969 0.619862 0.319459 0.635194 0.327209 0.627524 0.350583 0.711856 0.350583 0.619862 0.350583 0.650527 0.350583 0.681191 0.424022 0.673208 0.424022 0.688415 0.445705 0.685814 0.434870 0.687245 0.445705 0.447710 0.445705 0.464718 0.445705 0.481725 0.445705 0.498732 0.445705 0.515740 0.445705 0.532747 0.445705 0.549755 0.445705 0.566762 0.445705 0.583769 0.445705 0.600777 0.445705 0.617784 0.445705 0.634792 0.445705 0.651799 0.445705 0.668806 0.424022 0.658002 0.424022 0.642795 0.424022 0.627588 0.424022 0.612382 0.424022 0.597175 0.424022 0.581969 0.424022 0.566762 0.424022 0.551555 0.424022 0.536349 0.424022 0.521142 0.424022 0.505936 0.424022 0.490729 0.424022 0.475522 0.424022 0.460316 0.424022 0.445109 0.434870 0.446279 0.345572 0.295619 0.361186 0.295619 0.357534 0.308597 0.351302 0.320606 0.342742 0.331165 0.332195 0.339852 0.320084 0.346318 0.306895 0.350304 0.293155 0.351650 0.279416 0.350304 0.266227 0.346318 0.254116 0.339852 0.243569 0.331165 0.235009 0.320606 0.228777 0.308597 0.225125 0.295619 0.262491 0.295619 0.262491 0.319858 0.259557 0.320427 0.257070 0.322047 0.255408 0.324470 0.254825 0.327329 0.269079 0.331150 0.280517 0.335237 0.292606 0.336706 0.304723 0.335479 0.316245 0.331620 0.326576 0.325329 0.335185 0.316928 0.341628 0.306852 0.255842 0.331048 0.258623 0.333780 0.262430 0.334800 0.266254 0.333838 0.000000 0.000000 0.000000 0.045997 0.000000 0.091994 0.002991 0.022999 0.002991 0.045997 0.002991 0.068996 0.002991 0.091994 0.005982 0.022999 0.005982 0.045997 0.005982 0.068996 0.005982 0.091994 0.008973 0.022999 0.008973 0.045997 0.008973 0.068996 0.008973 0.091994 0.011964 0.091994 0.011964 0.000000 0.011964 0.015332 0.011964 0.030665 0.011964 0.045997 0.011964 0.061329 0.011964 0.076662 0.002991 0.000000 0.005982 0.000000 0.008973 0.000000 0.000000 0.076662 0.000000 0.061329 0.000000 0.030665 0.000000 0.015332 0.184414 0.548666 0.186392 0.579331 0.186392 0.609995 0.188370 0.579331 0.188370 0.609995 0.192326 0.579331 0.192326 0.609995 0.195331 0.579331 0.195331 0.609995 0.198336 0.579331 0.198336 0.609995 0.201341 0.579331 0.201341 0.609995 0.204345 0.548666 0.204345 0.579331 0.204345 0.609995 0.204345 0.640660 0.204345 0.563998 0.204345 0.594663 0.204345 0.625328 0.188401 0.548666 0.192387 0.548666 0.196373 0.548666 0.200359 0.548666 0.184414 0.640660 0.184414 0.617662 0.184414 0.594663 0.184414 0.571665 0.200359 0.640660 0.196373 0.640660 0.192387 0.640660 0.188401 0.640660 0.210113 0.000000 0.210113 0.059985 0.313670 0.059985 0.279151 0.059985 0.244632 0.059985 0.244632 0.000000 0.279151 0.000000 0.313670 0.000000 0.210113 0.052487 0.210113 0.044989 0.210113 0.037491 0.210113 0.029992 0.210113 0.022494 0.210113 0.014996 0.210113 0.007498 0.317895 0.006927 0.318148 0.007395 0.318396 0.007863 0.318876 0.008793 0.319771 0.010637 0.321301 0.014259 0.321663 0.015245 0.322002 0.016232 0.322609 0.018207 0.323540 0.022160 0.324096 0.026119 0.324275 0.030084 0.324080 0.034035 0.323513 0.037970 0.322572 0.041904 0.321260 0.045833 0.320910 0.046724 0.320539 0.047621 0.319732 0.049431 0.317863 0.053116 0.317644 0.053513 0.317419 0.053915 0.316952 0.054732 0.315949 0.056415 0.267194 0.011247 0.267194 0.004999 0.267194 0.018745 0.267194 0.014996 0.267194 0.022494 0.267194 0.029992 0.267194 0.037491 0.267194 0.044989 0.267194 0.041240 0.267194 0.048738 0.267194 0.052487 0.267194 0.054986 0.207901 0.530089 0.207901 0.540070 0.376216 0.530089 0.207901 0.535079 0.217251 0.530089 0.226602 0.530089 0.235953 0.530089 0.245304 0.530089 0.254655 0.530089 0.264006 0.530089 0.273357 0.530089 0.282708 0.530089 0.292058 0.530089 0.301409 0.530089 0.310760 0.530089 0.320111 0.530089 0.329462 0.530089 0.338813 0.530089 0.348164 0.530089 0.357515 0.530089 0.366865 0.530089 0.376216 0.535079 0.376216 0.540070 0.368201 0.540070 0.360186 0.540070 0.352171 0.540070 0.344156 0.540070 0.336141 0.540070 0.328126 0.540070 0.320111 0.540070 0.312096 0.540070 0.304081 0.540070 0.296066 0.540070 0.288051 0.540070 0.280036 0.540070 0.272021 0.540070 0.264006 0.540070 0.255991 0.540070 0.247976 0.540070 0.239961 0.540070 0.231946 0.540070 0.223931 0.540070 0.215916 0.540070 0.154554 0.820418 0.419307 0.840637 0.154554 0.840637 0.154554 0.830527 0.172204 0.820418 0.189855 0.820418 0.207505 0.820418 0.225155 0.820418 0.242805 0.820418 0.260455 0.820418 0.278105 0.820418 0.295756 0.820418 0.313406 0.820418 0.331056 0.820418 0.348706 0.820418 0.366356 0.820418 0.384006 0.820418 0.401656 0.820418 0.419307 0.820418 0.419307 0.830527 0.403733 0.840637 0.388159 0.840637 0.372586 0.840637 0.357012 0.840637 0.341438 0.840637 0.325865 0.840637 0.310291 0.840637 0.294717 0.840637 0.279144 0.840637 0.263570 0.840637 0.247996 0.840637 0.232423 0.840637 0.216849 0.840637 0.201275 0.840637 0.185702 0.840637 0.170128 0.840637 0.000000 0.716982 0.000000 0.870305 0.014884 0.870305 0.029768 0.870305 0.059536 0.870305 0.059536 0.716982 0.059536 0.768090 0.059536 0.819197 0.007442 0.716982 0.014884 0.716982 0.022326 0.716982 0.029768 0.716982 0.037210 0.716982 0.044652 0.716982 0.052094 0.716982 0.000000 0.819197 0.000000 0.768090 0.052094 0.870305 0.044652 0.870305 0.037210 0.870305 0.022326 0.870305 0.007442 0.870305 0.007442 0.793643 0.014884 0.793643 0.018605 0.793643 0.029768 0.793643 0.022326 0.793643 0.037210 0.793643 0.040931 0.793643 0.044652 0.793643 0.048373 0.793643 0.054575 0.793643 0.052094 0.793643 0.317119 0.398380 0.316420 0.406240 0.314345 0.413861 0.310957 0.421012 0.306358 0.427475 0.300688 0.433054 0.294120 0.437580 0.286854 0.440915 0.279109 0.442957 0.271122 0.443644 0.263135 0.442957 0.255390 0.440915 0.248123 0.437580 0.241556 0.433054 0.235886 0.427475 0.231287 0.421012 0.227899 0.413861 0.225824 0.406240 0.225125 0.398380 0.290287 0.398380 0.288829 0.391162 0.284674 0.385044 0.278456 0.380955 0.271122 0.379519 0.263788 0.380955 0.257570 0.385044 0.253415 0.391162 0.251957 0.398380 0.253415 0.405597 0.257570 0.411716 0.263788 0.415804 0.271122 0.417240 0.278456 0.415804 0.284674 0.411716 0.288829 0.405597 0.225824 0.390520 0.227899 0.382898 0.231287 0.375747 0.235886 0.369284 0.241556 0.363705 0.248123 0.359179 0.255390 0.355845 0.263135 0.353803 0.271122 0.353115 0.279109 0.353803 0.286854 0.355845 0.294120 0.359179 0.300688 0.363705 0.306358 0.369284 0.310957 0.375747 0.314345 0.382898 0.316420 0.390520 0.000000 0.154777 0.168316 0.101114 0.000000 0.101114 0.008015 0.101114 0.016030 0.101114 0.024045 0.101114 0.032060 0.101114 0.040075 0.101114 0.048090 0.101114 0.056105 0.101114 0.064120 0.101114 0.072135 0.101114 0.080150 0.101114 0.088165 0.101114 0.096180 0.101114 0.104195 0.101114 0.112210 0.101114 0.120225 0.101114 0.128240 0.101114 0.136256 0.101114 0.144271 0.101114 0.152286 0.101114 0.160301 0.101114 0.000000 0.127945 0.168316 0.127945 0.168316 0.154777 0.156293 0.154777 0.144271 0.154777 0.132248 0.154777 0.120225 0.154777 0.108203 0.154777 0.096180 0.154777 0.084158 0.154777 0.072135 0.154777 0.060113 0.154777 0.048090 0.154777 0.036068 0.154777 0.024045 0.154777 0.012023 0.154777 0.068618 0.295619 0.082963 0.297127 0.096681 0.301584 0.109172 0.308796 0.119891 0.318447 0.128370 0.330117 0.134236 0.343294 0.137235 0.357402 0.137235 0.371826 0.134236 0.385935 0.128370 0.399112 0.119891 0.410781 0.109172 0.420433 0.096681 0.427645 0.082963 0.432102 0.068618 0.433610 0.068618 0.418278 0.080559 0.416932 0.091901 0.412963 0.102076 0.406570 0.110573 0.398073 0.116967 0.387898 0.120935 0.376556 0.122281 0.364614 0.120935 0.352673 0.116967 0.341331 0.110573 0.331156 0.102076 0.322659 0.091901 0.316265 0.080559 0.312297 0.068618 0.310951 0.056676 0.312297 0.045334 0.316265 0.035159 0.322659 0.026662 0.331156 0.020269 0.341331 0.016300 0.352673 0.014954 0.364614 0.016300 0.376556 0.020269 0.387898 0.026662 0.398073 0.035159 0.406570 0.045334 0.412963 0.056676 0.416932 0.054273 0.432102 0.040555 0.427645 0.028063 0.420433 0.017344 0.410781 0.008866 0.399112 0.002999 0.385935 0.000000 0.371826 0.000000 0.357402 0.002999 0.343294 0.008866 0.330117 0.017344 0.318447 0.028063 0.308796 0.040555 0.301584 0.054273 0.297127 0.002814 0.445109 0.020618 0.445109 0.038422 0.445109 0.002814 0.528558 0.001499 0.518881 0.000599 0.508141 0.000439 0.505286 0.000369 0.503833 0.000312 0.502546 0.000139 0.497474 0.000000 0.486823 0.000035 0.481369 0.000141 0.476101 0.000316 0.471019 0.000371 0.469777 0.000433 0.468482 0.000593 0.465616 0.001493 0.454832 0.056225 0.528558 0.038422 0.528558 0.020618 0.528558 0.056225 0.445109 0.056225 0.457031 0.056225 0.468952 0.056225 0.480873 0.056225 0.492794 0.056225 0.504716 0.056225 0.516637 0.028113 0.455540 0.028113 0.476403 0.028113 0.486834 0.028113 0.507696 0.028113 0.497265 0.028113 0.518127 0.303197 0.096117 0.224442 0.172779 0.217436 0.163079 0.212590 0.152138 0.210113 0.140431 0.210113 0.128465 0.212590 0.116758 0.217436 0.105818 0.224442 0.096117 0.303197 0.172779 0.303197 0.108894 0.303197 0.121671 0.303197 0.134448 0.303197 0.147225 0.303197 0.160002 0.267298 0.108383 0.259243 0.109659 0.251977 0.113361 0.246211 0.119128 0.242508 0.126394 0.241233 0.134448 0.242508 0.142503 0.246211 0.149769 0.251977 0.155535 0.259243 0.159237 0.267298 0.160513 0.275352 0.159237 0.282618 0.155535 0.288385 0.149769 0.292087 0.142503 0.293363 0.134448 0.292087 0.126394 0.288385 0.119128 0.282618 0.113361 0.275352 0.109659 0.223550 0.716982 0.154554 0.716982 0.154554 0.797270 0.223550 0.797270 0.189052 0.797270 0.223550 0.725011 0.223550 0.733039 0.223550 0.741068 0.223550 0.749097 0.223550 0.757126 0.223550 0.765155 0.223550 0.773184 0.223550 0.781212 0.223550 0.789241 0.189052 0.716982 0.154554 0.789241 0.154554 0.781212 0.154554 0.773184 0.154554 0.765155 0.154554 0.757126 0.154554 0.749097 0.154554 0.741068 0.154554 0.733039 0.154554 0.725011 0.299895 0.648381 0.299895 0.611015 0.220166 0.602864 0.221442 0.610919 0.225144 0.618185 0.230911 0.623951 0.238177 0.627653 0.246231 0.628929 0.254286 0.627653 0.261552 0.623951 0.267318 0.618185 0.271021 0.610919 0.272296 0.602864 0.207901 0.541535 0.220678 0.541535 0.233455 0.541535 0.246231 0.541535 0.259008 0.541535 0.271785 0.541535 0.207901 0.648381 0.284562 0.595506 0.292233 0.603256 0.284562 0.541535 0.271021 0.594810 0.267318 0.587543 0.261552 0.581777 0.254286 0.578075 0.246231 0.576799 0.238177 0.578075 0.230911 0.581777 0.225144 0.587543 0.221442 0.594810 0.061001 0.823828 0.095499 0.778311 0.096958 0.785645 0.101112 0.791863 0.107330 0.796018 0.114664 0.797477 0.121999 0.796018 0.128217 0.791863 0.132371 0.785645 0.133830 0.778311 0.076334 0.716982 0.114664 0.716982 0.076334 0.770953 0.061001 0.786462 0.068663 0.778703 0.152995 0.823828 0.152995 0.716982 0.132371 0.770977 0.128217 0.764759 0.121999 0.760605 0.114664 0.759146 0.107330 0.760605 0.101112 0.764759 0.096958 0.770977 0.063016 0.445109 0.087889 0.537103 0.063016 0.537103 0.087889 0.445109 0.087889 0.460442 0.087889 0.475774 0.087889 0.491106 0.087889 0.506439 0.087889 0.521771 0.089951 0.000000 0.120616 0.000000 0.151280 0.000000 0.181945 0.000000 0.181945 0.012189 0.181945 0.024378 0.181945 0.036568 0.181945 0.048757 0.181945 0.060946 0.181945 0.073135 0.181945 0.085325 0.089951 0.097514 0.089951 0.085325 0.089951 0.073135 0.089951 0.060946 0.089951 0.048757 0.089951 0.036568 0.089951 0.024378 0.089951 0.012189 0.181945 0.097514 0.151280 0.097514 0.120616 0.097514 0.135948 0.009073 0.135948 0.027220 0.135948 0.036293 0.135948 0.045367 0.135948 0.054440 0.135948 0.063513 0.135948 0.072587 0.135948 0.085050 0.446859 0.294154 0.000000 0.294154 0.000000 0.256556 0.000000 0.218957 0.446859 0.218957 0.446859 0.256556 0.446859 0.993960 0.000000 0.993960 0.000000 0.981427 0.000000 0.968894 0.000000 0.956362 0.000000 0.943829 0.000000 0.931296 0.000000 0.918763 0.446859 0.918763 0.446859 0.956362 0.429286 0.000000 0.352625 0.000000 0.390956 0.000000 0.429286 0.217492 0.390956 0.217492 0.371790 0.123564 0.373038 0.131510 0.373210 0.132011 0.373392 0.132505 0.373787 0.133470 0.374688 0.135303 0.376891 0.138544 0.377582 0.139334 0.378309 0.140081 0.379863 0.141440 0.383312 0.143582 0.387095 0.144890 0.391048 0.145319 0.394983 0.144853 0.398732 0.143517 0.402151 0.141358 0.405093 0.138456 0.405682 0.137702 0.406242 0.136911 0.407267 0.135223 0.408894 0.131447 0.409031 0.131016 0.409161 0.130576 0.409400 0.129671 0.409787 0.127760 0.410121 0.123564 0.429286 0.019772 0.429286 0.039544 0.429286 0.059316 0.429286 0.079088 0.429286 0.098860 0.429286 0.118632 0.429286 0.138404 0.429286 0.158176 0.429286 0.177948 0.429286 0.197720 0.352625 0.217492 0.352625 0.197720 0.352625 0.177948 0.352625 0.158176 0.352625 0.138404 0.352625 0.118632 0.352625 0.098860 0.352625 0.079088 0.352625 0.059316 0.352625 0.039544 0.352625 0.019772 0.409934 0.120351 0.408843 0.115195 0.408742 0.114876 0.408639 0.114562 0.408426 0.113952 0.407980 0.112795 0.407032 0.110733 0.405135 0.107566 0.405046 0.107440 0.404957 0.107316 0.404778 0.107070 0.404416 0.106591 0.403677 0.105685 0.402155 0.104077 0.399058 0.101644 0.398812 0.101491 0.398564 0.101344 0.398066 0.101064 0.397060 0.100563 0.395021 0.099798 0.390929 0.099198 0.386844 0.099812 0.382823 0.101663 0.382631 0.101786 0.382438 0.101913 0.382051 0.102179 0.381275 0.102758 0.379726 0.104106 0.376749 0.107605 0.376696 0.107681 0.376643 0.107759 0.376535 0.107917 0.376314 0.108250 0.375858 0.108977 0.374903 0.110689 0.373063 0.115217 0.372856 0.115921 0.372672 0.116603 0.372373 0.117899 0.371995 0.120204 0.849967 0.229505 0.872843 0.229505 0.849967 0.189928 0.872843 0.189928 0.825225 0.106846 0.824645 0.103913 0.822992 0.101426 0.820518 0.099764 0.817600 0.099180 0.909109 0.113435 0.911854 0.110609 0.912835 0.106786 0.911794 0.102979 0.909005 0.100197 0.905210 0.099180 0.861405 0.681810 0.876818 0.680374 0.891706 0.676115 0.905562 0.669179 0.917915 0.659801 0.928343 0.648301 0.936491 0.635070 0.942083 0.620559 0.944927 0.605263 0.944927 0.589701 0.942083 0.574404 0.936491 0.559893 0.928343 0.546663 0.917915 0.535163 0.905562 0.525785 0.891706 0.518848 0.876818 0.514590 0.861405 0.513154 0.728210 0.104185 0.745919 0.104185 0.763628 0.104185 0.781338 0.104185 0.781338 0.025430 0.849967 0.000000 0.849967 0.106846 0.872843 0.106846 0.872843 0.000000 0.897584 0.106846 0.813701 0.113435 0.809528 0.124872 0.808030 0.136962 0.809282 0.149079 0.813220 0.160600 0.819642 0.170932 0.828217 0.179541 0.838501 0.185983 0.997961 0.151451 0.952911 0.597482 0.769899 0.597482 0.724849 0.151451 0.892409 0.003086 0.911329 0.008971 0.929209 0.017532 0.945678 0.028591 0.960393 0.041918 0.973047 0.057235 0.983376 0.074223 0.991166 0.092529 0.996254 0.111771 0.998535 0.131549 0.951520 0.613456 0.947392 0.628946 0.940651 0.643479 0.931502 0.656614 0.920224 0.667953 0.907158 0.677151 0.892702 0.683928 0.877295 0.688078 0.861405 0.689476 0.845515 0.688078 0.830108 0.683928 0.815652 0.677151 0.802586 0.667953 0.791308 0.656614 0.782159 0.643479 0.775418 0.628946 0.771290 0.613456 0.724162 0.139569 0.724496 0.127672 0.725849 0.115848 0.791670 0.018656 0.802566 0.012842 0.813936 0.008035 0.825690 0.004273 0.837733 0.001588 0.884308 0.185983 0.894593 0.179541 0.903168 0.170932 0.909590 0.160600 0.913528 0.149079 0.914780 0.136962 0.913282 0.124872 0.845992 0.514590 0.831104 0.518848 0.817248 0.525785 0.804895 0.535163 0.794467 0.546663 0.786319 0.559893 0.780727 0.574404 0.777883 0.589701 0.777883 0.605263 0.780727 0.620559 0.786319 0.635070 0.794467 0.648301 0.804895 0.659801 0.817248 0.669179 0.831104 0.676115 0.845992 0.680374 0.902292 0.099764 0.899818 0.101426 0.898165 0.103913 0.813805 0.100197 0.811016 0.102979 0.809975 0.106786 0.810956 0.110609 0.574129 0.229505 0.597005 0.229505 0.574129 0.221051 0.597005 0.221051 0.574129 0.053971 0.559496 0.057360 0.545700 0.063317 0.533180 0.071652 0.522340 0.082097 0.513525 0.094318 0.507020 0.107923 0.503031 0.122476 0.501687 0.137511 0.503031 0.152546 0.507020 0.167099 0.513525 0.180705 0.522340 0.192925 0.533180 0.203371 0.545700 0.211705 0.559496 0.217663 0.585567 0.578316 0.578272 0.579775 0.572087 0.583930 0.567954 0.590147 0.566503 0.597482 0.567954 0.604816 0.572087 0.611034 0.578272 0.615188 0.585567 0.616647 0.452372 0.104185 0.470081 0.104185 0.487790 0.104185 0.505499 0.104185 0.505499 0.025430 0.574129 0.000000 0.597005 0.053971 0.722123 0.151451 0.677072 0.597482 0.494061 0.597482 0.449011 0.151451 0.597005 0.000000 0.616571 0.003086 0.635491 0.008971 0.653371 0.017532 0.669840 0.028591 0.684555 0.041918 0.697208 0.057235 0.707538 0.074223 0.715328 0.092529 0.720416 0.111771 0.722697 0.131549 0.675682 0.613456 0.671554 0.628946 0.664813 0.643479 0.655664 0.656614 0.644386 0.667953 0.631320 0.677151 0.616864 0.683928 0.601457 0.688078 0.585567 0.689476 0.569677 0.688078 0.554270 0.683928 0.539814 0.677151 0.526748 0.667953 0.515470 0.656614 0.506321 0.643479 0.499580 0.628946 0.495451 0.613456 0.448324 0.139569 0.448658 0.127672 0.450011 0.115848 0.515832 0.018656 0.526727 0.012842 0.538098 0.008035 0.549852 0.004273 0.561895 0.001588 0.611637 0.217663 0.625434 0.211705 0.637953 0.203371 0.648794 0.192925 0.657608 0.180705 0.664114 0.167099 0.668103 0.152546 0.669447 0.137511 0.668103 0.122476 0.664114 0.107923 0.657608 0.094318 0.648794 0.082097 0.637953 0.071652 0.625434 0.063317 0.611637 0.057360 0.592862 0.615188 0.599047 0.611034 0.603179 0.604816 0.604631 0.597482 0.603179 0.590147 0.599047 0.583930 0.592862 0.579775 0.154554 0.917298 0.443429 0.842101 0.443429 0.879700 0.154554 0.879700 0.443429 0.917298 0.427380 0.917298 0.411332 0.917298 0.395283 0.917298 0.379234 0.917298 0.363186 0.917298 0.347137 0.917298 0.331089 0.917298 0.315040 0.917298 0.298991 0.917298 0.282943 0.917298 0.266894 0.917298 0.250846 0.917298 0.234797 0.917298 0.218749 0.917298 0.202700 0.917298 0.186651 0.917298 0.170603 0.917298 0.154554 0.842101 0.170603 0.842101 0.186651 0.842101 0.202700 0.842101 0.218749 0.842101 0.234797 0.842101 0.250846 0.842101 0.266894 0.842101 0.282943 0.842101 0.298991 0.842101 0.315040 0.842101 0.331089 0.842101 0.347137 0.842101 0.363186 0.842101 0.379234 0.842101 0.395283 0.842101 0.411332 0.842101 0.427380 0.842101 0.057461 0.000000 0.082335 0.091994 0.057461 0.091994 0.057461 0.076662 0.057461 0.061329 0.057461 0.045997 0.057461 0.030665 0.057461 0.015332 0.082335 0.000000 0.102176 0.464275 0.102176 0.483440 0.102176 0.502606 0.113647 0.464275 0.113647 0.483440 0.113647 0.502606 0.135307 0.445109 0.129720 0.452876 0.125119 0.462506 0.124194 0.465206 0.123773 0.466597 0.123429 0.467839 0.122331 0.472802 0.121396 0.483451 0.121643 0.488927 0.122347 0.494170 0.123455 0.499141 0.123789 0.500338 0.124164 0.501578 0.125088 0.504290 0.129697 0.513966 0.090893 0.521771 0.090893 0.508994 0.090893 0.496217 0.090893 0.483440 0.090893 0.470663 0.090893 0.457886 0.135307 0.521771 0.124204 0.521771 0.113100 0.521771 0.101997 0.521771 0.090893 0.445109 0.101997 0.445109 0.113100 0.445109 0.124204 0.445109 0.387667 0.541535 0.368501 0.560083 0.349336 0.560083 0.330171 0.560083 0.387667 0.578631 0.368501 0.578631 0.349336 0.578631 0.330171 0.578631 0.368501 0.597180 0.349336 0.597180 0.330171 0.597180 0.387667 0.615728 0.311005 0.615728 0.311005 0.541535 0.323782 0.541535 0.336559 0.541535 0.349336 0.541535 0.362113 0.541535 0.374890 0.541535 0.374890 0.615728 0.362113 0.615728 0.349336 0.615728 0.336559 0.615728 0.323782 0.615728 0.387667 0.553900 0.387667 0.566266 0.387667 0.590997 0.387667 0.603363 0.311005 0.603363 0.311005 0.590997 0.311005 0.578631 0.311005 0.566266 0.311005 0.553900 0.399720 0.445109 0.410568 0.446279 0.421403 0.685814 0.410568 0.687245 0.399720 0.688415 0.399720 0.673208 0.399720 0.658002 0.399720 0.642795 0.399720 0.627588 0.399720 0.612382 0.399720 0.597175 0.399720 0.581969 0.399720 0.566762 0.399720 0.551555 0.399720 0.536349 0.399720 0.521142 0.399720 0.505936 0.399720 0.490729 0.399720 0.475522 0.399720 0.460316 0.421403 0.447710 0.421403 0.464718 0.421403 0.481725 0.421403 0.498732 0.421403 0.515740 0.421403 0.532747 0.421403 0.549755 0.421403 0.566762 0.421403 0.583769 0.421403 0.600777 0.421403 0.617784 0.421403 0.634792 0.421403 0.651799 0.421403 0.668806 0.343962 0.502606 0.328348 0.502606 0.251855 0.466146 0.249029 0.463387 0.245206 0.462400 0.241398 0.463447 0.238617 0.466250 0.237600 0.470066 0.245266 0.502606 0.245266 0.477732 0.207901 0.502606 0.211553 0.489288 0.217784 0.476965 0.226345 0.466130 0.236892 0.457216 0.249002 0.450581 0.262192 0.446491 0.275931 0.445109 0.289671 0.446491 0.302860 0.450581 0.314971 0.457216 0.325517 0.466130 0.334078 0.476965 0.340309 0.489288 0.324403 0.491079 0.317961 0.480739 0.309352 0.472119 0.299020 0.465663 0.287499 0.461703 0.275382 0.460444 0.263292 0.461951 0.238184 0.473000 0.239846 0.475487 0.242333 0.477149 0.000000 0.646180 0.091994 0.646180 0.061329 0.646180 0.030665 0.646180 0.000000 0.548666 0.022999 0.548666 0.045997 0.548666 0.068996 0.548666 0.000000 0.633991 0.000000 0.621801 0.000000 0.609612 0.000000 0.597423 0.000000 0.585234 0.000000 0.573044 0.000000 0.560855 0.091994 0.548666 0.091994 0.560855 0.091994 0.573044 0.091994 0.585234 0.091994 0.597423 0.091994 0.609612 0.091994 0.621801 0.091994 0.633991 0.045997 0.561130 0.045997 0.582666 0.045997 0.591740 0.045997 0.600813 0.045997 0.609886 0.045997 0.618960 0.045997 0.628033 0.045997 0.637106 0.370435 0.716982 0.301439 0.716982 0.301439 0.757126 0.301439 0.797270 0.335937 0.716982 0.370435 0.797270 0.335937 0.797270 0.370435 0.725011 0.370435 0.733039 0.370435 0.741068 0.370435 0.749097 0.370435 0.757126 0.370435 0.765155 0.370435 0.773184 0.370435 0.781212 0.370435 0.789241 0.301439 0.789241 0.301439 0.781212 0.301439 0.773184 0.301439 0.765155 0.301439 0.749097 0.301439 0.741068 0.301439 0.733039 0.301439 0.725011 0.162067 0.548666 0.108403 0.715517 0.162067 0.715517 0.135235 0.715517 0.108403 0.548666 0.135235 0.548666 0.162067 0.556611 0.162067 0.564557 0.162067 0.572502 0.162067 0.580447 0.162067 0.588392 0.162067 0.596338 0.162067 0.604283 0.162067 0.612228 0.162067 0.620174 0.162067 0.628119 0.162067 0.636064 0.162067 0.644009 0.162067 0.651955 0.162067 0.659900 0.162067 0.667845 0.162067 0.675790 0.162067 0.683736 0.162067 0.691681 0.162067 0.699626 0.162067 0.707572 0.108403 0.703599 0.108403 0.691681 0.108403 0.679763 0.108403 0.667845 0.108403 0.655927 0.108403 0.644009 0.108403 0.632091 0.108403 0.620174 0.108403 0.608256 0.108403 0.596338 0.108403 0.584420 0.108403 0.572502 0.108403 0.560584 0.000000 0.156758 0.000000 0.186750 0.153324 0.216743 0.000000 0.216743 0.051108 0.156758 0.102216 0.156758 0.102216 0.216743 0.051108 0.216743 0.153324 0.156758 0.153324 0.164256 0.153324 0.171754 0.153324 0.179252 0.153324 0.186750 0.153324 0.194248 0.153324 0.201746 0.153324 0.209245 0.000000 0.209245 0.000000 0.201746 0.000000 0.194248 0.000000 0.179252 0.000000 0.171754 0.000000 0.164256 0.076662 0.164256 0.076662 0.171754 0.076662 0.175503 0.076662 0.186750 0.076662 0.179252 0.076662 0.194248 0.076662 0.197997 0.076662 0.201746 0.076662 0.209245 0.076662 0.205495 0.076662 0.211744 0.154554 0.818953 0.419307 0.798735 0.419307 0.808844 0.154554 0.808844 0.154554 0.798735 0.172204 0.798735 0.189855 0.798735 0.207505 0.798735 0.225155 0.798735 0.242805 0.798735 0.260455 0.798735 0.278105 0.798735 0.295756 0.798735 0.313406 0.798735 0.331056 0.798735 0.348706 0.798735 0.366356 0.798735 0.384006 0.798735 0.401656 0.798735 0.419307 0.818953 0.403733 0.818953 0.388159 0.818953 0.372586 0.818953 0.357012 0.818953 0.341438 0.818953 0.325865 0.818953 0.310291 0.818953 0.294717 0.818953 0.279144 0.818953 0.263570 0.818953 0.247996 0.818953 0.232423 0.818953 0.216849 0.818953 0.201275 0.818953 0.185702 0.818953 0.170128 0.818953 0.171639 0.715517 0.182480 0.715517 0.177060 0.715517 0.171639 0.548666 0.177060 0.548666 0.171639 0.707572 0.171639 0.699626 0.171639 0.691681 0.171639 0.683736 0.171639 0.675790 0.171639 0.667845 0.171639 0.659900 0.171639 0.651955 0.171639 0.644009 0.171639 0.636064 0.171639 0.628119 0.171639 0.620174 0.171639 0.612228 0.171639 0.604283 0.171639 0.596338 0.171639 0.588392 0.171639 0.580447 0.171639 0.572502 0.171639 0.564557 0.171639 0.556611 0.182480 0.548666 0.182480 0.557936 0.182480 0.567205 0.182480 0.576474 0.182480 0.585744 0.182480 0.595013 0.182480 0.604283 0.182480 0.613552 0.182480 0.622822 0.182480 0.632091 0.182480 0.641361 0.182480 0.650630 0.182480 0.659900 0.182480 0.669169 0.182480 0.678439 0.182480 0.687708 0.182480 0.696978 0.182480 0.706247 0.140671 0.547201 0.200656 0.445109 0.140671 0.513171 0.140671 0.479140 0.200656 0.479140 0.200656 0.513171 0.140671 0.445109 0.143342 0.446912 0.147684 0.449917 0.147958 0.450107 0.148229 0.450295 0.148761 0.450663 0.149783 0.451365 0.151662 0.452635 0.154762 0.454639 0.154893 0.454719 0.155023 0.454799 0.155282 0.454958 0.155796 0.455266 0.156805 0.455854 0.158747 0.456908 0.162329 0.458533 0.162599 0.458636 0.162869 0.458736 0.163406 0.458925 0.164474 0.459263 0.166582 0.459784 0.170690 0.460197 0.174792 0.459775 0.179031 0.458521 0.179243 0.458438 0.179457 0.458352 0.179890 0.458173 0.180773 0.457785 0.182617 0.456889 0.186606 0.454614 0.186684 0.454565 0.186764 0.454515 0.186927 0.454414 0.187263 0.454201 0.187985 0.453737 0.189620 0.452659 0.193657 0.449896 0.194259 0.449477 0.194840 0.449074 0.195934 0.448316 0.197859 0.446992 0.200656 0.547201 0.193158 0.547201 0.185660 0.547201 0.178162 0.547201 0.170664 0.547201 0.163165 0.547201 0.155667 0.547201 0.148169 0.547201 0.148169 0.496155 0.155667 0.496155 0.159416 0.496155 0.163165 0.496155 0.170664 0.496155 0.185660 0.496155 0.181911 0.496155 0.193158 0.496155 0.189409 0.496155 0.178162 0.496155 0.015628 0.000000 0.015628 0.045997 0.015628 0.091994 0.018619 0.022999 0.018619 0.045997 0.018619 0.068996 0.021610 0.022999 0.021610 0.045997 0.021610 0.068996 0.024601 0.000000 0.024601 0.022999 0.024601 0.045997 0.024601 0.068996 0.027592 0.000000 0.027592 0.045997 0.027592 0.091994 0.015628 0.076662 0.015628 0.061329 0.015628 0.030665 0.015628 0.015332 0.027592 0.015332 0.027592 0.030665 0.027592 0.061329 0.027592 0.076662 0.018619 0.000000 0.021610 0.000000 0.024601 0.091994 0.021610 0.091994 0.018619 0.091994 0.031256 0.000000 0.051318 0.000000 0.031256 0.091994 0.031256 0.076662 0.031256 0.061329 0.031256 0.045997 0.031256 0.030665 0.031256 0.015332 0.051318 0.030665 0.051318 0.061329 0.035268 0.000000 0.039281 0.000000 0.043293 0.000000 0.047306 0.000000 0.051318 0.091994 0.047306 0.091994 0.043293 0.091994 0.039281 0.091994 0.035268 0.091994 0.036383 0.045997 0.038871 0.045997 0.041359 0.045997 0.043832 0.045997 0.048894 0.045997 0.046470 0.045997</float_array>
          <technique_common>
            <accessor count="1487" offset="0" source="#lib-map1-array-a3590810-5ba7-4394-a44a-166a8067bd18" stride="2">
              <param name="S" type="float" />
              <param name="T" type="float" />
            </accessor>
          </technique_common>
        </source>
        <vertices id="lib-vertices-a3590810-5ba7-4394-a44a-166a8067bd18">
          <input semantic="POSITION" source="#lib-position-a3590810-5ba7-4394-a44a-166a8067bd18" />
        </vertices>
        <triangles count="1538" material="material-a0000000-0000-0000-0000-000000000000">
          <input offset="0" semantic="VERTEX" source="#lib-vertices-a3590810-5ba7-4394-a44a-166a8067bd18" />
          <input offset="1" semantic="NORMAL" source="#lib-normal-a3590810-5ba7-4394-a44a-166a8067bd18" />
          <input offset="2" semantic="TEXCOORD" source="#lib-map1-a3590810-5ba7-4394-a44a-166a8067bd18" />
          <p>0 0 0 2 2 2 1 1 1 7 7 7 9 9 9 12 12 12 4 4 4 11 11 11 10 10 10 11 11 11 8 8 8 12 12 12 8 8 8 11 11 11 6 6 6 4 4 4 5 5 5 6 6 6 6 6 6 11 11 11 4 4 4 7 7 7 12 12 12 8 8 8 16 16 16 13 13 13 21 21 21 14 14 14 13 13 13 16 16 16 21 21 21 17 17 17 16 16 16 20 20 20 19 19 19 15 15 15 20 20 20 17 17 17 21 21 21 21 21 21 13 13 13 18 18 18 20 20 20 15 15 15 17 17 17 55 55 55 26 26 26 27 27 27 27 27 27 28 28 28 52 52 52 55 55 55 27 27 27 53 53 53 28 28 28 29 29 29 51 51 51 30 30 30 31 31 31 49 49 49 29 29 29 30 30 30 50 50 50 31 31 31 32 32 32 48 48 48 55 55 55 53 53 53 54 54 54 46 46 46 47 47 47 33 33 33 50 50 50 51 51 51 29 29 29 33 33 33 34 34 34 45 45 45 35 35 35 36 36 36 43 43 43 34 34 34 35 35 35 44 44 44 37 37 37 38 38 38 41 41 41 25 25 25 39 39 39 24 24 24 38 38 38 39 39 39 40 40 40 36 36 36 37 37 37 42 42 42 37 37 37 41 41 41 42 42 42 25 25 25 23 23 23 22 22 22 25 25 25 22 22 22 39 39 39 70 70 70 74 74 74 69 69 69 77 77 77 69 69 69 76 76 76 69 69 69 75 75 75 76 76 76 72 72 72 70 70 70 71 71 71 70 70 70 73 73 73 74 74 74 74 74 74 75 75 75 69 69 69 73 73 73 70 70 70 72 72 72 68 68 68 77 77 77 86 86 86 68 68 68 87 87 87 67 67 67 87 87 87 68 68 68 86 86 86 69 69 69 77 77 77 68 68 68 79 79 79 66 66 66 88 88 88 88 88 88 89 89 89 79 79 79 88 88 88 66 66 66 67 67 67 79 79 79 89 89 89 78 78 78 87 87 87 88 88 88 67 67 67 84 84 84 59 59 59 83 83 83 82 82 82 83 83 83 60 60 60 83 83 83 59 59 59 60 60 60 58 58 58 84 84 84 85 85 85 85 85 85 57 57 57 58 58 58 58 58 58 59 59 59 84 84 84 57 57 57 85 85 85 56 56 56 66 66 66 80 80 80 65 65 65 80 80 80 64 64 64 65 65 65 64 64 64 80 80 80 63 63 63 79 79 79 80 80 80 66 66 66 61 61 61 81 81 81 82 82 82 63 63 63 81 81 81 62 62 62 61 61 61 62 62 62 81 81 81 61 61 61 82 82 82 60 60 60 80 80 80 81 81 81 63 63 63 98 98 98 97 97 97 93 93 93 99 99 99 98 98 98 94 94 94 102 102 102 101 101 101 97 97 97 103 103 103 102 102 102 98 98 98 112 112 112 90 90 90 118 118 118 93 93 93 118 118 118 117 117 117 112 112 112 93 93 93 97 97 97 93 93 93 117 117 117 94 94 94 113 113 113 97 97 97 101 101 101 118 118 118 93 93 93 112 112 112 116 116 116 95 95 95 94 94 94 95 95 95 116 116 116 115 115 115 95 95 95 115 115 115 96 96 96 96 96 96 100 100 100 99 99 99 107 107 107 114 114 114 101 101 101 102 102 102 109 109 109 108 108 108 114 114 114 107 107 107 106 106 106 101 101 101 108 108 108 107 107 107 109 109 109 102 102 102 110 110 110 100 100 100 104 104 104 103 103 103 104 104 104 105 105 105 111 111 111 110 110 110 103 103 103 111 111 111 123 123 123 122 122 122 120 120 120 125 125 125 124 124 124 122 122 122 127 127 127 126 126 126 124 124 124 129 129 129 128 128 128 126 126 126 131 131 131 130 130 130 128 128 128 120 120 120 119 119 119 146 146 146 120 120 120 122 122 122 139 139 139 139 139 139 119 119 119 120 120 120 145 145 145 120 120 120 146 146 146 139 139 139 122 122 122 124 124 124 126 126 126 141 141 141 140 140 140 144 144 144 121 121 121 145 145 145 121 121 121 120 120 120 145 145 145 121 121 121 144 144 144 143 143 143 150 150 150 123 123 123 121 121 121 123 123 123 150 150 150 125 125 125 125 125 125 149 149 149 127 127 127 141 141 141 128 128 128 142 142 142 130 130 130 136 136 136 142 142 142 142 142 142 136 136 136 132 132 132 130 130 130 137 137 137 133 133 133 130 130 130 133 133 133 136 136 136 131 131 131 134 134 134 137 137 137 148 148 148 129 129 129 127 127 127 147 147 147 131 131 131 129 129 129 138 138 138 134 134 134 131 131 131 138 138 138 147 147 147 135 135 135 131 131 131 147 147 147 138 138 138 141 141 141 126 126 126 128 128 128 168 168 168 190 190 190 169 169 169 168 168 168 167 167 167 191 191 191 166 166 166 191 191 191 167 167 167 166 166 166 158 158 158 191 191 191 170 170 170 169 169 169 190 190 190 173 173 173 192 192 192 174 174 174 174 174 174 192 192 192 175 175 175 172 172 172 171 171 171 193 193 193 172 172 172 193 193 193 173 173 173 170 170 170 190 190 190 171 171 171 176 176 176 175 175 175 194 194 194 157 157 157 191 191 191 158 158 158 191 191 191 190 190 190 168 168 168 165 165 165 190 190 190 191 191 191 156 156 156 191 191 191 157 157 157 156 156 156 151 151 151 191 191 191 165 165 165 191 191 191 151 151 151 164 164 164 193 193 193 190 190 190 164 164 164 192 192 192 193 193 193 193 193 193 171 171 171 190 190 190 192 192 192 173 173 173 193 193 193 163 163 163 194 194 194 192 192 192 163 163 163 192 192 192 164 164 164 161 161 161 196 196 196 195 195 195 162 162 162 195 195 195 163 163 163 192 192 192 194 194 194 175 175 175 194 194 194 195 195 195 176 176 176 195 195 195 177 177 177 176 176 176 195 195 195 196 196 196 178 178 178 196 196 196 179 179 179 178 178 178 181 181 181 180 180 180 197 197 197 198 198 198 180 180 180 179 179 179 181 181 181 197 197 197 182 182 182 184 184 184 183 183 183 199 199 199 185 185 185 184 184 184 200 200 200 200 200 200 187 187 187 186 186 186 187 187 187 201 201 201 188 188 188 186 186 186 185 185 185 200 200 200 183 183 183 182 182 182 199 199 199 189 189 189 188 188 188 201 201 201 161 161 161 198 198 198 196 196 196 198 198 198 179 179 179 196 196 196 197 197 197 180 180 180 198 198 198 160 160 160 197 197 197 198 198 198 161 161 161 160 160 160 198 198 198 199 199 199 197 197 197 160 160 160 159 159 159 199 199 199 160 160 160 197 197 197 199 199 199 182 182 182 201 201 201 187 187 187 200 200 200 184 184 184 199 199 199 200 200 200 201 201 201 154 154 154 189 189 189 152 152 152 201 201 201 159 159 159 200 200 200 159 159 159 201 201 201 201 201 201 152 152 152 155 155 155 155 155 155 154 154 154 201 201 201 199 199 199 159 159 159 200 200 200 153 153 153 189 189 189 154 154 154 178 178 178 177 177 177 195 195 195 205 205 205 202 202 202 206 206 206 206 206 206 207 207 207 243 243 243 205 205 205 206 206 206 244 244 244 207 207 207 208 208 208 242 242 242 208 208 208 209 209 209 241 241 241 210 210 210 211 211 211 239 239 239 211 211 211 212 212 212 237 237 237 209 209 209 210 210 210 240 240 240 212 212 212 213 213 213 236 236 236 205 205 205 244 244 244 203 203 203 208 208 208 241 241 241 242 242 242 235 235 235 236 236 236 213 213 213 214 214 214 215 215 215 234 234 234 216 216 216 217 217 217 232 232 232 217 217 217 218 218 218 230 230 230 215 215 215 216 216 216 233 233 233 219 219 219 220 220 220 228 228 228 220 220 220 221 221 221 227 227 227 223 223 223 222 222 222 204 204 204 221 221 221 222 222 222 226 226 226 218 218 218 219 219 219 229 229 229 222 222 222 223 223 223 225 225 225 220 220 220 227 227 227 228 228 228 223 223 223 224 224 224 225 225 225 235 235 235 214 214 214 234 234 234 248 248 248 245 245 245 249 249 249 249 249 249 250 250 250 279 279 279 248 248 248 249 249 249 280 280 280 250 250 250 251 251 251 278 278 278 252 252 252 253 253 253 276 276 276 253 253 253 254 254 254 275 275 275 251 251 251 252 252 252 277 277 277 254 254 254 255 255 255 274 274 274 248 248 248 280 280 280 247 247 247 252 252 252 276 276 276 277 277 277 272 272 272 273 273 273 255 255 255 256 256 256 257 257 257 271 271 271 258 258 258 259 259 259 269 269 269 257 257 257 258 258 258 270 270 270 260 260 260 261 261 261 267 267 267 264 264 264 262 262 262 263 263 263 261 261 261 262 262 262 266 266 266 259 259 259 260 260 260 268 268 268 265 265 265 262 262 262 264 264 264 264 264 264 246 246 246 265 265 265 268 268 268 269 269 269 259 259 259 297 297 297 289 289 289 281 281 281 296 296 296 303 303 303 297 297 297 289 289 289 297 297 297 303 303 303 304 304 304 290 290 290 289 289 289 305 305 305 290 290 290 304 304 304 291 291 291 307 307 307 306 306 306 290 290 290 305 305 305 291 291 291 303 303 303 302 302 302 283 283 283 302 302 302 296 296 296 282 282 282 302 302 302 303 303 303 296 296 296 301 301 301 307 307 307 305 305 305 307 307 307 301 301 301 284 284 284 301 301 301 305 305 305 283 283 283 292 292 292 306 306 306 308 308 308 306 306 306 284 284 284 300 300 300 309 309 309 293 293 293 308 308 308 299 299 299 310 310 310 309 309 309 309 309 309 310 310 310 294 294 294 294 294 294 293 293 293 309 309 309 300 300 300 309 309 309 308 308 308 294 294 294 310 310 310 311 311 311 312 312 312 286 286 286 295 295 295 286 286 286 312 312 312 287 287 287 299 299 299 311 311 311 310 310 310 299 299 299 309 309 309 300 300 300 299 299 299 298 298 298 311 311 311 298 298 298 312 312 312 313 313 313 295 295 295 313 313 313 312 312 312 298 298 298 285 285 285 312 312 312 288 288 288 312 312 312 285 285 285 288 288 288 287 287 287 312 312 312 311 311 311 298 298 298 313 313 313 313 313 313 295 295 295 311 311 311 359 359 359 360 360 360 337 337 337 360 360 360 361 361 361 337 337 337 358 358 358 356 356 356 357 357 357 355 355 355 358 358 358 359 359 359 336 336 336 361 361 361 362 362 362 364 364 364 335 335 335 363 363 363 365 365 365 334 334 334 364 364 364 336 336 336 337 337 337 361 361 361 364 364 364 334 334 334 335 335 335 335 335 335 336 336 336 363 363 363 363 363 363 336 336 336 362 362 362 337 337 337 355 355 355 359 359 359 355 355 355 337 337 337 354 354 354 353 353 353 354 354 354 337 337 337 352 352 352 353 353 353 338 338 338 338 338 338 351 351 351 352 352 352 355 355 355 356 356 356 358 358 358 350 350 350 339 339 339 340 340 340 351 351 351 339 339 339 350 350 350 349 349 349 350 350 350 340 340 340 331 331 331 332 332 332 341 341 341 349 349 349 341 341 341 332 332 332 349 349 349 340 340 340 341 341 341 338 338 338 339 339 339 351 351 351 338 338 338 353 353 353 337 337 337 333 333 333 334 334 334 365 365 365 315 315 315 333 333 333 314 314 314 316 316 316 348 348 348 315 315 315 315 315 315 348 348 348 333 333 333 316 316 316 347 347 347 348 348 348 347 347 347 316 316 316 317 317 317 365 365 365 314 314 314 333 333 333 318 318 318 346 346 346 317 317 317 319 319 319 346 346 346 318 318 318 319 319 319 320 320 320 345 345 345 346 346 346 319 319 319 345 345 345 321 321 321 345 345 345 320 320 320 322 322 322 325 325 325 321 321 321 347 347 347 317 317 317 346 346 346 344 344 344 329 329 329 343 343 343 329 329 329 330 330 330 343 343 343 331 331 331 342 342 342 330 330 330 343 343 343 330 330 330 342 342 342 342 342 342 331 331 331 341 341 341 327 327 327 344 344 344 345 345 345 325 325 325 322 322 322 324 324 324 345 345 345 325 325 325 326 326 326 329 329 329 344 344 344 328 328 328 327 327 327 328 328 328 344 344 344 326 326 326 327 327 327 345 345 345 325 325 325 345 345 345 321 321 321 322 322 322 323 323 323 324 324 324 389 389 389 368 368 368 369 369 369 370 370 370 371 371 371 403 403 403 404 404 404 369 369 369 370 370 370 402 402 402 372 372 372 373 373 373 401 401 401 374 374 374 375 375 375 400 400 400 375 375 375 376 376 376 373 373 373 374 374 374 401 401 401 403 403 403 371 371 371 372 372 372 404 404 404 366 366 366 389 389 389 369 369 369 404 404 404 389 389 389 372 372 372 402 402 402 403 403 403 377 377 377 378 378 378 399 399 399 400 400 400 401 401 401 375 375 375 399 399 399 400 400 400 376 376 376 379 379 379 380 380 380 397 397 397 396 396 396 381 381 381 382 382 382 382 382 382 383 383 383 395 395 395 397 397 397 380 380 380 381 381 381 394 394 394 384 384 384 385 385 385 386 386 386 387 387 387 393 393 393 392 392 392 387 387 387 388 388 388 393 393 393 385 385 385 386 386 386 395 395 395 383 383 383 384 384 384 394 394 394 395 395 395 384 384 384 397 397 397 381 381 381 396 396 396 388 388 388 390 390 390 392 392 392 390 390 390 391 391 391 392 392 392 385 385 385 393 393 393 394 394 394 390 390 390 388 388 388 367 367 367 378 378 378 379 379 379 398 398 398 432 432 432 409 409 409 408 408 408 431 431 431 409 409 409 432 432 432 433 433 433 432 432 432 408 408 408 434 434 434 407 407 407 406 406 406 407 407 407 434 434 434 433 433 433 433 433 433 408 408 408 407 407 407 435 435 435 434 434 434 406 406 406 411 411 411 410 410 410 430 430 430 412 412 412 411 411 411 429 429 429 410 410 410 431 431 431 430 430 430 412 412 412 429 429 429 428 428 428 429 429 429 411 411 411 430 430 430 428 428 428 413 413 413 412 412 412 409 409 409 431 431 431 410 410 410 435 435 435 405 405 405 462 462 462 406 406 406 405 405 405 435 435 435 436 436 436 435 435 435 462 462 462 461 461 461 436 436 436 462 462 462 438 438 438 437 437 437 460 460 460 461 461 461 460 460 460 437 437 437 461 461 461 437 437 437 436 436 436 439 439 439 438 438 438 459 459 459 460 460 460 459 459 459 438 438 438 458 458 458 439 439 439 459 459 459 440 440 440 439 439 439 458 458 458 457 457 457 440 440 440 458 458 458 457 457 457 456 456 456 441 441 441 441 441 441 456 456 456 442 442 442 457 457 457 441 441 441 440 440 440 414 414 414 413 413 413 427 427 427 415 415 415 414 414 414 426 426 426 414 414 414 427 427 427 426 426 426 425 425 425 424 424 424 416 416 416 425 425 425 415 415 415 426 426 426 416 416 416 415 415 415 425 425 425 423 423 423 417 417 417 424 424 424 418 418 418 417 417 417 423 423 423 422 422 422 418 418 418 423 423 423 420 420 420 419 419 419 421 421 421 422 422 422 421 421 421 419 419 419 422 422 422 419 419 419 418 418 418 416 416 416 424 424 424 417 417 417 453 453 453 445 445 445 444 444 444 454 454 454 444 444 444 443 443 443 456 456 456 455 455 455 442 442 442 455 455 455 443 443 443 442 442 442 454 454 454 443 443 443 455 455 455 454 454 454 453 453 453 444 444 444 453 453 453 452 452 452 445 445 445 448 448 448 447 447 447 450 450 450 421 421 421 448 448 448 449 449 449 449 449 449 420 420 420 421 421 421 449 449 449 448 448 448 450 450 450 445 445 445 452 452 452 446 446 446 451 451 451 446 446 446 452 452 452 447 447 447 446 446 446 451 451 451 451 451 451 450 450 450 447 447 447 413 413 413 428 428 428 427 427 427 485 485 485 465 465 465 491 491 491 491 491 491 464 464 464 480 480 480 465 465 465 464 464 464 491 491 491 485 485 485 484 484 484 465 465 465 492 492 492 486 486 486 491 491 491 492 492 492 474 474 474 493 493 493 486 486 486 492 492 492 487 487 487 492 492 492 491 491 491 479 479 479 480 480 480 464 464 464 463 463 463 479 479 479 491 491 491 480 480 480 492 492 492 479 479 479 478 478 478 478 478 478 477 477 477 492 492 492 476 476 476 492 492 492 477 477 477 492 492 492 476 476 476 475 475 475 492 492 492 475 475 475 474 474 474 473 473 473 493 493 493 474 474 474 493 493 493 487 487 487 492 492 492 488 488 488 495 495 495 489 489 489 473 473 473 472 472 472 495 495 495 488 488 488 493 493 493 495 495 495 487 487 487 493 493 493 488 488 488 482 482 482 481 481 481 490 490 490 482 482 482 490 490 490 496 496 496 496 496 496 490 490 490 494 494 494 471 471 471 494 494 494 495 495 495 494 494 494 470 470 470 469 469 469 494 494 494 471 471 471 470 470 470 495 495 495 472 472 472 471 471 471 467 467 467 483 483 483 496 496 496 482 482 482 496 496 496 483 483 483 468 468 468 467 467 467 496 496 496 466 466 466 483 483 483 467 467 467 494 494 494 469 469 469 468 468 468 468 468 468 496 496 496 494 494 494 493 493 493 473 473 473 495 495 495 530 530 530 507 507 507 497 497 497 497 497 497 531 531 531 530 530 530 530 530 530 529 529 529 507 507 507 512 512 512 531 531 531 497 497 497 528 528 528 509 509 509 508 508 508 508 508 508 529 529 529 528 528 528 507 507 507 529 529 529 508 508 508 505 505 505 513 513 513 512 512 512 505 505 505 504 504 504 515 515 515 514 514 514 513 513 513 505 505 505 497 497 497 505 505 505 512 512 512 504 504 504 503 503 503 515 515 515 502 502 502 516 516 516 503 503 503 515 515 515 503 503 503 516 516 516 516 516 516 502 502 502 517 517 517 514 514 514 505 505 505 515 515 515 509 509 509 528 528 528 527 527 527 527 527 527 526 526 526 509 509 509 510 510 510 509 509 509 526 526 526 510 510 510 526 526 526 525 525 525 525 525 525 511 511 511 510 510 510 524 524 524 506 506 506 511 511 511 506 506 506 524 524 524 523 523 523 506 506 506 523 523 523 522 522 522 522 522 522 498 498 498 506 506 506 525 525 525 524 524 524 511 511 511 500 500 500 518 518 518 501 501 501 502 502 502 501 501 501 517 517 517 518 518 518 517 517 517 501 501 501 500 500 500 519 519 519 518 518 518 498 498 498 521 521 521 520 520 520 519 519 519 500 500 500 499 499 499 499 499 499 498 498 498 519 519 519 498 498 498 522 522 522 521 521 521 498 498 498 520 520 520 519 519 519 546 546 546 537 537 537 532 532 532 537 537 537 555 555 555 538 538 538 539 539 539 553 553 553 540 540 540 540 540 540 552 552 552 551 551 551 538 538 538 554 554 554 553 553 553 533 533 533 555 555 555 546 546 546 555 555 555 537 537 537 546 546 546 542 542 542 550 550 550 549 549 549 543 543 543 549 549 549 544 544 544 536 536 536 535 535 535 545 545 545 544 544 544 548 548 548 547 547 547 547 547 547 536 536 536 545 545 545 550 550 550 542 542 542 551 551 551 536 536 536 547 547 547 534 534 534 582 582 582 578 578 578 574 574 574 573 573 573 572 572 572 583 583 583 573 573 573 582 582 582 574 574 574 580 580 580 579 579 579 576 576 576 578 578 578 582 582 582 581 581 581 581 581 581 580 580 580 576 576 576 578 578 578 581 581 581 576 576 576 582 582 582 573 573 573 583 583 583 584 584 584 571 571 571 570 570 570 572 572 572 571 571 571 583 583 583 570 570 570 569 569 569 584 584 584 583 583 583 571 571 571 584 584 584 569 569 569 585 585 585 584 584 584 569 569 569 587 587 587 586 586 586 569 569 569 586 586 586 585 585 585 558 558 558 587 587 587 569 569 569 568 568 568 577 577 577 576 576 576 577 577 577 568 568 568 567 567 567 567 567 567 557 557 557 577 577 577 566 566 566 556 556 556 557 557 557 556 556 556 566 566 566 565 565 565 565 565 565 564 564 564 556 556 556 567 567 567 566 566 566 557 557 557 575 575 575 561 561 561 560 560 560 575 575 575 559 559 559 558 558 558 559 559 559 575 575 575 560 560 560 563 563 563 556 556 556 564 564 564 561 561 561 575 575 575 562 562 562 563 563 563 562 562 562 575 575 575 563 563 563 575 575 575 556 556 556 569 569 569 575 575 575 558 558 558 576 576 576 579 579 579 568 568 568 611 611 611 600 600 600 589 589 589 598 598 598 600 600 600 609 609 609 602 602 602 589 589 589 600 600 600 600 600 600 611 611 611 610 610 610 600 600 600 610 610 610 609 609 609 609 609 609 599 599 599 598 598 598 591 591 591 601 601 601 588 588 588 602 602 602 601 601 601 590 590 590 588 588 588 592 592 592 591 591 591 601 601 601 591 591 591 590 590 590 590 590 590 589 589 589 602 602 602 593 593 593 592 592 592 588 588 588 607 607 607 599 599 599 608 608 608 604 604 604 599 599 599 607 607 607 605 605 605 604 604 604 606 606 606 607 607 607 606 606 606 604 604 604 597 597 597 604 604 604 605 605 605 603 603 603 595 595 595 594 594 594 603 603 603 594 594 594 593 593 593 603 603 603 597 597 597 596 596 596 604 604 604 597 597 597 603 603 603 595 595 595 603 603 603 596 596 596 588 588 588 603 603 603 593 593 593 599 599 599 609 609 609 608 608 608 612 612 612 616 616 616 615 615 615 618 618 618 617 617 617 612 612 612 616 616 616 612 612 612 617 617 617 614 614 614 619 619 619 618 618 618 614 614 614 613 613 613 620 620 620 619 619 619 614 614 614 620 620 620 612 612 612 614 614 614 618 618 618 643 643 643 625 625 625 623 623 623 624 624 624 623 623 623 625 625 625 622 622 622 643 643 643 623 623 623 644 644 644 626 626 626 625 625 625 626 626 626 644 644 644 627 627 627 627 627 627 645 645 645 646 646 646 639 639 639 622 622 622 621 621 621 638 638 638 644 644 644 639 639 639 639 639 639 643 643 643 622 622 622 644 644 644 638 638 638 637 637 637 636 636 636 646 646 646 637 637 637 646 646 646 647 647 647 628 628 628 648 648 648 629 629 629 647 647 647 628 628 628 647 647 647 629 629 629 629 629 629 648 648 648 630 630 630 635 635 635 648 648 648 647 647 647 630 630 630 649 649 649 650 650 650 631 631 631 641 641 641 640 640 640 641 641 641 631 631 631 650 650 650 636 636 636 635 635 635 647 647 647 648 648 648 635 635 635 634 634 634 649 649 649 634 634 634 650 650 650 633 633 633 642 642 642 650 650 650 641 641 641 650 650 650 642 642 642 642 642 642 633 633 633 632 632 632 646 646 646 636 636 636 647 647 647 654 654 654 655 655 655 656 656 656 651 651 651 652 652 652 653 653 653 665 665 665 666 666 666 662 662 662 665 665 665 663 663 663 664 664 664 662 662 662 666 666 666 661 661 661 661 661 661 666 666 666 660 660 660 666 666 666 657 657 657 659 659 659 657 657 657 658 658 658 659 659 659 698 698 698 669 669 669 667 667 667 700 700 700 716 716 716 717 717 717 700 700 700 701 701 701 715 715 715 698 698 698 699 699 699 717 717 717 737 737 737 702 702 702 736 736 736 735 735 735 736 736 736 702 702 702 739 739 739 701 701 701 702 702 702 702 702 702 734 734 734 735 735 735 702 702 702 733 733 733 734 734 734 733 733 733 702 702 702 732 732 732 702 702 702 737 737 737 738 738 738 702 702 702 725 725 725 726 726 726 725 725 725 703 703 703 724 724 724 723 723 723 703 703 703 722 722 722 722 722 722 703 703 703 721 721 721 703 703 703 723 723 723 724 724 724 702 702 702 731 731 731 732 732 732 702 702 702 730 730 730 731 731 731 702 702 702 728 728 728 729 729 729 702 702 702 727 727 727 728 728 728 729 729 729 730 730 730 702 702 702 702 702 702 726 726 726 727 727 727 703 703 703 725 725 725 702 702 702 739 739 739 715 715 715 701 701 701 740 740 740 714 714 714 739 739 739 739 739 739 702 702 702 738 738 738 741 741 741 714 714 714 740 740 740 669 669 669 718 718 718 668 668 668 698 698 698 718 718 718 669 669 669 739 739 739 714 714 714 715 715 715 714 714 714 741 741 741 742 742 742 714 714 714 743 743 743 744 744 744 714 714 714 742 742 742 743 743 743 714 714 714 746 746 746 747 747 747 714 714 714 745 745 745 746 746 746 714 714 714 744 744 744 745 745 745 714 714 714 749 749 749 750 750 750 714 714 714 748 748 748 749 749 749 714 714 714 752 752 752 753 753 753 714 714 714 751 751 751 752 752 752 714 714 714 750 750 750 751 751 751 714 714 714 747 747 747 748 748 748 713 713 713 714 714 714 753 753 753 720 720 720 703 703 703 719 719 719 697 697 697 719 719 719 703 703 703 703 703 703 696 696 696 697 697 697 696 696 696 704 704 704 695 695 695 694 694 694 695 695 695 704 704 704 694 694 694 704 704 704 693 693 693 692 692 692 704 704 704 691 691 691 691 691 691 704 704 704 690 690 690 704 704 704 692 692 692 693 693 693 696 696 696 703 703 703 704 704 704 721 721 721 703 703 703 720 720 720 704 704 704 688 688 688 689 689 689 690 690 690 704 704 704 689 689 689 704 704 704 705 705 705 686 686 686 705 705 705 711 711 711 684 684 684 706 706 706 707 707 707 709 709 709 670 670 670 671 671 671 707 707 707 687 687 687 688 688 688 704 704 704 686 686 686 687 687 687 704 704 704 685 685 685 705 705 705 684 684 684 705 705 705 685 685 685 686 686 686 707 707 707 671 671 671 709 709 709 705 705 705 706 706 706 710 710 710 675 675 675 712 712 712 674 674 674 674 674 674 712 712 712 673 673 673 712 712 712 713 713 713 673 673 673 713 713 713 756 756 756 757 757 757 713 713 713 755 755 755 756 756 756 672 672 672 713 713 713 758 758 758 757 757 757 758 758 758 713 713 713 673 673 673 713 713 713 672 672 672 754 754 754 755 755 755 713 713 713 712 712 712 675 675 675 676 676 676 753 753 753 754 754 754 713 713 713 712 712 712 679 679 679 680 680 680 712 712 712 678 678 678 679 679 679 711 711 711 682 682 682 683 683 683 712 712 712 681 681 681 682 682 682 712 712 712 680 680 680 681 681 681 677 677 677 678 678 678 712 712 712 712 712 712 682 682 682 711 711 711 676 676 676 677 677 677 712 712 712 711 711 711 683 683 683 684 684 684 709 709 709 671 671 671 708 708 708 816 816 816 771 771 771 770 770 770 816 816 816 854 854 854 817 817 817 820 820 820 819 819 819 810 810 810 854 854 854 818 818 818 817 817 817 818 818 818 853 853 853 819 819 819 810 810 810 821 821 821 820 820 820 815 815 815 771 771 771 816 816 816 814 814 814 800 800 800 799 799 799 815 815 815 814 814 814 872 872 872 815 815 815 773 773 773 772 772 772 814 814 814 873 873 873 872 872 872 815 815 815 872 872 872 773 773 773 772 772 772 771 771 771 815 815 815 814 814 814 874 874 874 873 873 873 854 854 854 770 770 770 855 855 855 854 854 854 816 816 816 770 770 770 855 855 855 770 770 770 769 769 769 853 853 853 810 810 810 819 819 819 853 853 853 818 818 818 854 854 854 852 852 852 786 786 786 853 853 853 823 823 823 822 822 822 810 810 810 814 814 814 799 799 799 801 801 801 801 801 801 874 874 874 814 814 814 769 769 769 768 768 768 855 855 855 787 787 787 852 852 852 851 851 851 810 810 810 853 853 853 785 785 785 821 821 821 810 810 810 822 822 822 848 848 848 798 798 798 797 797 797 846 846 846 766 766 766 847 847 847 848 848 848 847 847 847 764 764 764 847 847 847 765 765 765 764 764 764 846 846 846 767 767 767 766 766 766 847 847 847 766 766 766 765 765 765 764 764 764 763 763 763 848 848 848 875 875 875 767 767 767 846 846 846 845 845 845 844 844 844 877 877 877 875 875 875 846 846 846 876 876 876 844 844 844 796 796 796 795 795 795 876 876 876 846 846 846 845 845 845 877 877 877 876 876 876 845 845 845 861 861 861 795 795 795 794 794 794 877 877 877 844 844 844 795 795 795 877 877 877 795 795 795 804 804 804 878 878 878 877 877 877 803 803 803 807 807 807 806 806 806 859 859 859 803 803 803 802 802 802 878 878 878 806 806 806 805 805 805 860 860 860 763 763 763 798 798 798 848 848 848 813 813 813 792 792 792 843 843 843 803 803 803 877 877 877 804 804 804 843 843 843 842 842 842 813 813 813 804 804 804 795 795 795 805 805 805 793 793 793 792 792 792 813 813 813 794 794 794 793 793 793 813 813 813 813 813 813 842 842 842 841 841 841 813 813 813 812 812 812 794 794 794 860 860 860 805 805 805 795 795 795 858 858 858 808 808 808 807 807 807 786 786 786 852 852 852 787 787 787 784 784 784 810 810 810 785 785 785 782 782 782 824 824 824 811 811 811 811 811 811 783 783 783 782 782 782 782 782 782 825 825 825 824 824 824 784 784 784 783 783 783 811 811 811 785 785 785 853 853 853 786 786 786 760 760 760 850 850 850 849 849 849 849 849 849 762 762 762 760 760 760 760 760 760 789 789 789 850 850 850 851 851 851 850 850 850 788 788 788 760 760 760 790 790 790 789 789 789 850 850 850 789 789 789 788 788 788 851 851 851 788 788 788 787 787 787 790 790 790 760 760 760 791 791 791 811 811 811 810 810 810 784 784 784 826 826 826 781 781 781 780 780 780 782 782 782 781 781 781 825 825 825 825 825 825 781 781 781 826 826 826 780 780 780 779 779 779 827 827 827 778 778 778 828 828 828 779 779 779 827 827 827 779 779 779 828 828 828 826 826 826 780 780 780 827 827 827 777 777 777 829 829 829 778 778 778 828 828 828 778 778 778 829 829 829 777 777 777 776 776 776 830 830 830 830 830 830 829 829 829 777 777 777 776 776 776 775 775 775 831 831 831 775 775 775 774 774 774 832 832 832 832 832 832 831 831 831 775 775 775 830 830 830 776 776 776 831 831 831 759 759 759 761 761 761 809 809 809 808 808 808 857 857 857 759 759 759 759 759 759 856 856 856 791 791 791 857 857 857 808 808 808 858 858 858 759 759 759 857 857 857 856 856 856 759 759 759 791 791 791 760 760 760 807 807 807 859 859 859 858 858 858 859 859 859 806 806 806 860 860 860 862 862 862 794 794 794 812 812 812 860 860 860 795 795 795 861 861 861 812 812 812 864 864 864 863 863 863 864 864 864 812 812 812 840 840 840 839 839 839 864 864 864 840 840 840 862 862 862 812 812 812 863 863 863 862 862 862 861 861 861 794 794 794 809 809 809 808 808 808 759 759 759 834 834 834 869 869 869 835 835 835 870 870 870 869 869 869 834 834 834 868 868 868 835 835 835 869 869 869 833 833 833 832 832 832 871 871 871 833 833 833 870 870 870 834 834 834 871 871 871 870 870 870 833 833 833 865 865 865 838 838 838 866 866 866 837 837 837 866 866 866 838 838 838 864 864 864 839 839 839 865 865 865 838 838 838 865 865 865 839 839 839 867 867 867 836 836 836 868 868 868 835 835 835 868 868 868 836 836 836 866 866 866 837 837 837 867 867 867 836 836 836 867 867 867 837 837 837 871 871 871 832 832 832 774 774 774 922 922 922 967 967 967 921 921 921 922 922 922 966 966 966 967 967 967 924 924 924 963 963 963 923 923 923 925 925 925 962 962 962 924 924 924 965 965 965 922 922 922 923 923 923 968 968 968 921 921 921 967 967 967 920 920 920 969 969 969 919 919 919 919 919 919 969 969 969 914 914 914 920 920 920 968 968 968 969 969 969 968 968 968 920 920 920 921 921 921 927 927 927 915 915 915 926 926 926 928 928 928 915 915 915 927 927 927 962 962 962 926 926 926 961 961 961 915 915 915 961 961 961 926 926 926 929 929 929 915 915 915 928 928 928 924 924 924 962 962 962 963 963 963 965 965 965 966 966 966 922 922 922 964 964 964 965 965 965 923 923 923 915 915 915 960 960 960 961 961 961 964 964 964 923 923 923 963 963 963 960 960 960 915 915 915 916 916 916 926 926 926 962 962 962 925 925 925 952 952 952 953 953 953 885 885 885 954 954 954 884 884 884 953 953 953 953 953 953 884 884 884 885 885 885 954 954 954 883 883 883 884 884 884 883 883 883 954 954 954 913 913 913 886 886 886 952 952 952 885 885 885 912 912 912 950 950 950 888 888 888 951 951 951 887 887 887 950 950 950 950 950 950 887 887 887 888 888 888 951 951 951 886 886 886 887 887 887 886 886 886 951 951 951 952 952 952 911 911 911 912 912 912 888 888 888 890 890 890 911 911 911 889 889 889 888 888 888 889 889 889 911 911 911 910 910 910 911 911 911 890 890 890 918 918 918 892 892 892 893 893 893 910 910 910 891 891 891 892 892 892 910 910 910 890 890 890 891 891 891 918 918 918 908 908 908 909 909 909 892 892 892 909 909 909 910 910 910 948 948 948 949 949 949 918 918 918 908 908 908 918 918 918 949 949 949 918 918 918 947 947 947 948 948 948 909 909 909 892 892 892 918 918 918 918 918 918 893 893 893 917 917 917 916 916 916 958 958 958 959 959 959 916 916 916 957 957 957 958 958 958 974 974 974 955 955 955 956 956 956 956 956 956 957 957 957 973 973 973 973 973 973 957 957 957 934 934 934 916 916 916 959 959 959 960 960 960 880 880 880 882 882 882 955 955 955 975 975 975 976 976 976 880 880 880 880 880 880 976 976 976 899 899 899 955 955 955 975 975 975 880 880 880 974 974 974 975 975 975 955 955 955 956 956 956 973 973 973 974 974 974 933 933 933 957 957 957 916 916 916 916 916 916 931 931 931 932 932 932 916 916 916 932 932 932 933 933 933 973 973 973 934 934 934 935 935 935 934 934 934 957 957 957 933 933 933 973 973 973 935 935 935 936 936 936 937 937 937 971 971 971 972 972 972 937 937 937 970 970 970 971 971 971 938 938 938 907 907 907 970 970 970 936 936 936 937 937 937 972 972 972 937 937 937 938 938 938 970 970 970 972 972 972 973 973 973 936 936 936 916 916 916 930 930 930 931 931 931 899 899 899 879 879 879 880 880 880 900 900 900 879 879 879 899 899 899 879 879 879 898 898 898 881 881 881 898 898 898 879 879 879 901 901 901 879 879 879 900 900 900 901 901 901 901 901 901 902 902 902 898 898 898 917 917 917 895 895 895 896 896 896 917 917 917 894 894 894 895 895 895 897 897 897 898 898 898 902 902 902 917 917 917 896 896 896 943 943 943 896 896 896 897 897 897 903 903 903 893 893 893 894 894 894 917 917 917 902 902 902 903 903 903 897 897 897 939 939 939 904 904 904 905 905 905 904 904 904 940 940 940 903 903 903 939 939 939 906 906 906 938 938 938 905 905 905 906 906 906 939 939 939 939 939 939 940 940 940 904 904 904 946 946 946 917 917 917 945 945 945 945 945 945 917 917 917 944 944 944 896 896 896 942 942 942 943 943 943 917 917 917 943 943 943 944 944 944 942 942 942 903 903 903 941 941 941 941 941 941 903 903 903 940 940 940 942 942 942 896 896 896 903 903 903 906 906 906 907 907 907 938 938 938 980 980 980 999 999 999 1000 1000 1000 1001 1001 1001 1002 1002 1002 996 996 996 1002 1002 1002 1003 1003 1003 995 995 995 1000 1000 1000 1001 1001 1001 997 997 997 1004 1004 1004 1005 1005 1005 993 993 993 1007 1007 1007 991 991 991 992 992 992 991 991 991 1007 1007 1007 1008 1008 1008 1005 1005 1005 1006 1006 1006 992 992 992 1003 1003 1003 1004 1004 1004 994 994 994 998 998 998 977 977 977 980 980 980 1000 1000 1000 998 998 998 980 980 980 1010 1010 1010 988 988 988 989 989 989 1011 1011 1011 1012 1012 1012 986 986 986 1012 1012 1012 1013 1013 1013 985 985 985 1011 1011 1011 987 987 987 988 988 988 1014 1014 1014 1015 1015 1015 983 983 983 979 979 979 1016 1016 1016 978 978 978 1015 1015 1015 1016 1016 1016 982 982 982 1013 1013 1013 1014 1014 1014 984 984 984 979 979 979 982 982 982 1016 1016 1016 1009 1009 1009 989 989 989 990 990 990 979 979 979 981 981 981 982 982 982 1024 1024 1024 1025 1025 1025 1017 1017 1017 1025 1025 1025 1024 1024 1024 1023 1023 1023 1023 1023 1023 1022 1022 1022 1025 1025 1025 1021 1021 1021 1018 1018 1018 1022 1022 1022 1025 1025 1025 1022 1022 1022 1018 1018 1018 1018 1018 1018 1021 1021 1021 1020 1020 1020 1018 1018 1018 1020 1020 1020 1019 1019 1019 1030 1030 1030 1027 1027 1027 1026 1026 1026 1031 1031 1031 1028 1028 1028 1027 1027 1027 1052 1052 1052 1057 1057 1057 1058 1058 1058 1052 1052 1052 1026 1026 1026 1051 1051 1051 1026 1026 1026 1052 1052 1052 1058 1058 1058 1029 1029 1029 1026 1026 1026 1059 1059 1059 1029 1029 1029 1059 1059 1059 1060 1060 1060 1026 1026 1026 1027 1027 1027 1051 1051 1051 1049 1049 1049 1050 1050 1050 1027 1027 1027 1056 1056 1056 1047 1047 1047 1048 1048 1048 1048 1048 1048 1049 1049 1049 1028 1028 1028 1028 1028 1028 1049 1049 1049 1027 1027 1027 1055 1055 1055 1056 1056 1056 1028 1028 1028 1054 1054 1054 1055 1055 1055 1031 1031 1031 1031 1031 1031 1030 1030 1030 1040 1040 1040 1048 1048 1048 1028 1028 1028 1056 1056 1056 1030 1030 1030 1029 1029 1029 1038 1038 1038 1036 1036 1036 1037 1037 1037 1029 1029 1029 1038 1038 1038 1039 1039 1039 1030 1030 1030 1037 1037 1037 1038 1038 1038 1029 1029 1029 1033 1033 1033 1060 1060 1060 1032 1032 1032 1034 1034 1034 1035 1035 1035 1029 1029 1029 1060 1060 1060 1033 1033 1033 1034 1034 1034 1029 1029 1029 1035 1035 1035 1036 1036 1036 1029 1029 1029 1060 1060 1060 1034 1034 1034 1041 1041 1041 1042 1042 1042 1031 1031 1031 1043 1043 1043 1044 1044 1044 1031 1031 1031 1042 1042 1042 1043 1043 1043 1031 1031 1031 1031 1031 1031 1045 1045 1045 1054 1054 1054 1053 1053 1053 1054 1054 1054 1046 1046 1046 1045 1045 1045 1046 1046 1046 1054 1054 1054 1045 1045 1045 1031 1031 1031 1044 1044 1044 1040 1040 1040 1041 1041 1041 1031 1031 1031 1030 1030 1030 1039 1039 1039 1040 1040 1040 1067 1067 1067 1063 1063 1063 1062 1062 1062 1068 1068 1068 1064 1064 1064 1063 1063 1063 1070 1070 1070 1067 1067 1067 1066 1066 1066 1071 1071 1071 1068 1068 1068 1067 1067 1067 1079 1079 1079 1061 1061 1061 1085 1085 1085 1079 1079 1079 1062 1062 1062 1078 1078 1078 1062 1062 1062 1079 1079 1079 1085 1085 1085 1086 1086 1086 1065 1065 1065 1066 1066 1066 1062 1062 1062 1063 1063 1063 1078 1078 1078 1066 1066 1066 1065 1065 1065 1087 1087 1087 1085 1085 1085 1086 1086 1086 1062 1062 1062 1063 1063 1063 1076 1076 1076 1077 1077 1077 1093 1093 1093 1074 1074 1074 1075 1075 1075 1075 1075 1075 1076 1076 1076 1064 1064 1064 1075 1075 1075 1064 1064 1064 1093 1093 1093 1064 1064 1064 1092 1092 1092 1093 1093 1093 1064 1064 1064 1068 1068 1068 1092 1092 1092 1063 1063 1063 1064 1064 1064 1076 1076 1076 1069 1069 1069 1087 1087 1087 1088 1088 1088 1070 1070 1070 1069 1069 1069 1081 1081 1081 1080 1080 1080 1069 1069 1069 1088 1088 1088 1088 1088 1088 1072 1072 1072 1080 1080 1080 1069 1069 1069 1080 1080 1080 1081 1081 1081 1083 1083 1083 1070 1070 1070 1082 1082 1082 1068 1068 1068 1071 1071 1071 1090 1090 1090 1090 1090 1090 1071 1071 1071 1089 1089 1089 1071 1071 1071 1084 1084 1084 1089 1089 1089 1084 1084 1084 1073 1073 1073 1089 1089 1089 1083 1083 1083 1084 1084 1084 1071 1071 1071 1071 1071 1071 1070 1070 1070 1083 1083 1083 1087 1087 1087 1069 1069 1069 1066 1066 1066 1095 1095 1095 1114 1114 1114 1115 1115 1115 1116 1116 1116 1117 1117 1117 1111 1111 1111 1115 1115 1115 1116 1116 1116 1112 1112 1112 1118 1118 1118 1119 1119 1119 1109 1109 1109 1120 1120 1120 1121 1121 1121 1107 1107 1107 1119 1119 1119 1120 1120 1120 1108 1108 1108 1117 1117 1117 1118 1118 1118 1110 1110 1110 1113 1113 1113 1094 1094 1094 1095 1095 1095 1115 1115 1115 1113 1113 1113 1095 1095 1095 1111 1111 1111 1117 1117 1117 1110 1110 1110 1122 1122 1122 1123 1123 1123 1104 1104 1104 1124 1124 1124 1125 1125 1125 1102 1102 1102 1123 1123 1123 1124 1124 1124 1103 1103 1103 1126 1126 1126 1127 1127 1127 1100 1100 1100 1127 1127 1127 1096 1096 1096 1097 1097 1097 1125 1125 1125 1126 1126 1126 1101 1101 1101 1127 1127 1127 1097 1097 1097 1099 1099 1099 1105 1105 1105 1106 1106 1106 1121 1121 1121 1125 1125 1125 1101 1101 1101 1102 1102 1102 1097 1097 1097 1098 1098 1098 1099 1099 1099 1141 1141 1141 1142 1142 1142 1133 1133 1133 1132 1132 1132 1133 1133 1133 1142 1142 1142 1135 1135 1135 1141 1141 1141 1134 1134 1134 1133 1133 1133 1134 1134 1134 1141 1141 1141 1158 1158 1158 1131 1131 1131 1132 1132 1132 1142 1142 1142 1143 1143 1143 1132 1132 1132 1131 1131 1131 1158 1158 1158 1130 1130 1130 1143 1143 1143 1158 1158 1158 1132 1132 1132 1161 1161 1161 1139 1139 1139 1140 1140 1140 1141 1141 1141 1135 1135 1135 1140 1140 1140 1139 1139 1139 1136 1136 1136 1138 1138 1138 1135 1135 1135 1159 1159 1159 1140 1140 1140 1160 1160 1160 1161 1161 1161 1140 1140 1140 1139 1139 1139 1137 1137 1137 1136 1136 1136 1137 1137 1137 1139 1139 1139 1161 1161 1161 1159 1159 1159 1160 1160 1160 1140 1140 1140 1157 1157 1157 1144 1144 1144 1145 1145 1145 1157 1157 1157 1158 1158 1158 1143 1143 1143 1157 1157 1157 1145 1145 1145 1146 1146 1146 1144 1144 1144 1157 1157 1157 1143 1143 1143 1156 1156 1156 1146 1146 1146 1147 1147 1147 1155 1155 1155 1156 1156 1156 1148 1148 1148 1147 1147 1147 1148 1148 1148 1156 1156 1156 1157 1157 1157 1146 1146 1146 1156 1156 1156 1149 1149 1149 1154 1154 1154 1155 1155 1155 1151 1151 1151 1152 1152 1152 1153 1153 1153 1153 1153 1153 1154 1154 1154 1150 1150 1150 1150 1150 1150 1151 1151 1151 1153 1153 1153 1129 1129 1129 1152 1152 1152 1128 1128 1128 1128 1128 1128 1152 1152 1152 1151 1151 1151 1149 1149 1149 1150 1150 1150 1154 1154 1154 1149 1149 1149 1155 1155 1155 1148 1148 1148 1178 1178 1178 1177 1177 1177 1169 1169 1169 1185 1185 1185 1169 1169 1169 1168 1168 1168 1185 1185 1185 1179 1179 1179 1178 1178 1178 1180 1180 1180 1179 1179 1179 1186 1186 1186 1179 1179 1179 1185 1185 1185 1186 1186 1186 1169 1169 1169 1185 1185 1185 1178 1178 1178 1167 1167 1167 1185 1185 1185 1168 1168 1168 1176 1176 1176 1167 1167 1167 1166 1166 1166 1185 1185 1185 1176 1176 1176 1175 1175 1175 1176 1176 1176 1185 1185 1185 1167 1167 1167 1174 1174 1174 1187 1187 1187 1186 1186 1186 1180 1180 1180 1186 1186 1186 1187 1187 1187 1187 1187 1187 1174 1174 1174 1173 1173 1173 1173 1173 1173 1188 1188 1188 1187 1187 1187 1175 1175 1175 1174 1174 1174 1186 1186 1186 1186 1186 1186 1185 1185 1185 1175 1175 1175 1187 1187 1187 1181 1181 1181 1180 1180 1180 1181 1181 1181 1188 1188 1188 1182 1182 1182 1188 1188 1188 1173 1173 1173 1172 1172 1172 1190 1190 1190 1183 1183 1183 1182 1182 1182 1187 1187 1187 1188 1188 1188 1181 1181 1181 1183 1183 1183 1190 1190 1190 1191 1191 1191 1184 1184 1184 1164 1164 1164 1163 1163 1163 1164 1164 1164 1184 1184 1184 1192 1192 1192 1171 1171 1171 1191 1191 1191 1190 1190 1190 1171 1171 1171 1190 1190 1190 1172 1172 1172 1171 1171 1171 1170 1170 1170 1191 1191 1191 1170 1170 1170 1165 1165 1165 1192 1192 1192 1164 1164 1164 1192 1192 1192 1165 1165 1165 1165 1165 1165 1170 1170 1170 1162 1162 1162 1191 1191 1191 1170 1170 1170 1192 1192 1192 1192 1192 1192 1184 1184 1184 1191 1191 1191 1197 1197 1197 1200 1200 1200 1193 1193 1193 1200 1200 1200 1216 1216 1216 1201 1201 1201 1202 1202 1202 1214 1214 1214 1203 1203 1203 1195 1195 1195 1204 1204 1204 1213 1213 1213 1201 1201 1201 1215 1215 1215 1214 1214 1214 1194 1194 1194 1216 1216 1216 1197 1197 1197 1216 1216 1216 1200 1200 1200 1197 1197 1197 1205 1205 1205 1212 1212 1212 1211 1211 1211 1206 1206 1206 1211 1211 1211 1207 1207 1207 1199 1199 1199 1198 1198 1198 1208 1208 1208 1207 1207 1207 1210 1210 1210 1209 1209 1209 1209 1209 1209 1199 1199 1199 1208 1208 1208 1212 1212 1212 1205 1205 1205 1204 1204 1204 1199 1199 1199 1209 1209 1209 1196 1196 1196 1222 1222 1222 1217 1217 1217 1223 1223 1223 1224 1224 1224 1225 1225 1225 1254 1254 1254 1255 1255 1255 1223 1223 1223 1224 1224 1224 1253 1253 1253 1226 1226 1226 1227 1227 1227 1228 1228 1228 1229 1229 1229 1252 1252 1252 1251 1251 1251 1229 1229 1229 1230 1230 1230 1227 1227 1227 1228 1228 1228 1252 1252 1252 1254 1254 1254 1225 1225 1225 1226 1226 1226 1255 1255 1255 1221 1221 1221 1222 1222 1222 1223 1223 1223 1255 1255 1255 1222 1222 1222 1226 1226 1226 1253 1253 1253 1254 1254 1254 1231 1231 1231 1232 1232 1232 1250 1250 1250 1250 1250 1250 1251 1251 1251 1230 1230 1230 1248 1248 1248 1233 1233 1233 1234 1234 1234 1247 1247 1247 1235 1235 1235 1236 1236 1236 1236 1236 1236 1237 1237 1237 1246 1246 1246 1248 1248 1248 1234 1234 1234 1235 1235 1235 1245 1245 1245 1238 1238 1238 1239 1239 1239 1240 1240 1240 1241 1241 1241 1244 1244 1244 1243 1243 1243 1241 1241 1241 1242 1242 1242 1244 1244 1244 1239 1239 1239 1240 1240 1240 1237 1237 1237 1238 1238 1238 1246 1246 1246 1248 1248 1248 1249 1249 1249 1233 1233 1233 1248 1248 1248 1235 1235 1235 1247 1247 1247 1242 1242 1242 1220 1220 1220 1243 1243 1243 1220 1220 1220 1218 1218 1218 1243 1243 1243 1239 1239 1239 1244 1244 1244 1245 1245 1245 1220 1220 1220 1242 1242 1242 1219 1219 1219 1232 1232 1232 1233 1233 1233 1249 1249 1249 1261 1261 1261 1278 1278 1278 1265 1265 1265 1260 1260 1260 1278 1278 1278 1261 1261 1261 1279 1279 1279 1266 1266 1266 1265 1265 1265 1280 1280 1280 1266 1266 1266 1279 1279 1279 1267 1267 1267 1282 1282 1282 1281 1281 1281 1266 1266 1266 1280 1280 1280 1267 1267 1267 1278 1278 1278 1277 1277 1277 1276 1276 1276 1277 1277 1277 1260 1260 1260 1256 1256 1256 1277 1277 1277 1278 1278 1278 1260 1260 1260 1275 1275 1275 1282 1282 1282 1280 1280 1280 1257 1257 1257 1281 1281 1281 1282 1282 1282 1276 1276 1276 1275 1275 1275 1280 1280 1280 1279 1279 1279 1276 1276 1276 1280 1280 1280 1283 1283 1283 1269 1269 1269 1268 1268 1268 1284 1284 1284 1269 1269 1269 1283 1283 1283 1281 1281 1281 1257 1257 1257 1274 1274 1274 1273 1273 1273 1285 1285 1285 1284 1284 1284 1284 1284 1284 1285 1285 1285 1270 1270 1270 1270 1270 1270 1269 1269 1269 1284 1284 1284 1274 1274 1274 1284 1284 1284 1283 1283 1283 1270 1270 1270 1287 1287 1287 1271 1271 1271 1288 1288 1288 1258 1258 1258 1271 1271 1271 1285 1285 1285 1287 1287 1287 1270 1270 1270 1258 1258 1258 1288 1288 1288 1262 1262 1262 1273 1273 1273 1287 1287 1287 1285 1285 1285 1273 1273 1273 1284 1284 1284 1274 1274 1274 1272 1272 1272 1286 1286 1286 1287 1287 1287 1272 1272 1272 1288 1288 1288 1286 1286 1286 1271 1271 1271 1286 1286 1286 1288 1288 1288 1272 1272 1272 1259 1259 1259 1288 1288 1288 1263 1263 1263 1288 1288 1288 1259 1259 1259 1263 1263 1263 1262 1262 1262 1288 1288 1288 1292 1292 1292 1293 1293 1293 1294 1294 1294 1294 1294 1294 1295 1295 1295 1323 1323 1323 1292 1292 1292 1294 1294 1294 1324 1324 1324 1295 1295 1295 1296 1296 1296 1322 1322 1322 1297 1297 1297 1298 1298 1298 1320 1320 1320 1298 1298 1298 1299 1299 1299 1319 1319 1319 1296 1296 1296 1297 1297 1297 1321 1321 1321 1299 1299 1299 1300 1300 1300 1318 1318 1318 1292 1292 1292 1324 1324 1324 1289 1289 1289 1297 1297 1297 1320 1320 1320 1321 1321 1321 1300 1300 1300 1301 1301 1301 1317 1317 1317 1301 1301 1301 1302 1302 1302 1315 1315 1315 1303 1303 1303 1304 1304 1304 1313 1313 1313 1302 1302 1302 1303 1303 1303 1314 1314 1314 1305 1305 1305 1306 1306 1306 1311 1311 1311 1291 1291 1291 1307 1307 1307 1290 1290 1290 1306 1306 1306 1307 1307 1307 1310 1310 1310 1304 1304 1304 1305 1305 1305 1312 1312 1312 1309 1309 1309 1307 1307 1307 1291 1291 1291 1291 1291 1291 1308 1308 1308 1309 1309 1309 1312 1312 1312 1313 1313 1313 1304 1304 1304 1329 1329 1329 1350 1350 1350 1351 1351 1351 1351 1351 1351 1352 1352 1352 1348 1348 1348 1329 1329 1329 1351 1351 1351 1349 1349 1349 1352 1352 1352 1353 1353 1353 1347 1347 1347 1353 1353 1353 1354 1354 1354 1346 1346 1346 1355 1355 1355 1356 1356 1356 1344 1344 1344 1356 1356 1356 1357 1357 1357 1342 1342 1342 1354 1354 1354 1355 1355 1355 1345 1345 1345 1357 1357 1357 1358 1358 1358 1341 1341 1341 1329 1329 1329 1349 1349 1349 1328 1328 1328 1353 1353 1353 1346 1346 1346 1347 1347 1347 1358 1358 1358 1340 1340 1340 1341 1341 1341 1340 1340 1340 1358 1358 1358 1359 1359 1359 1359 1359 1359 1360 1360 1360 1339 1339 1339 1361 1361 1361 1362 1362 1362 1337 1337 1337 1362 1362 1362 1363 1363 1363 1335 1335 1335 1360 1360 1360 1361 1361 1361 1338 1338 1338 1364 1364 1364 1365 1365 1365 1333 1333 1333 1365 1365 1365 1366 1366 1366 1332 1332 1332 1327 1327 1327 1367 1367 1367 1326 1326 1326 1366 1366 1366 1367 1367 1367 1331 1331 1331 1363 1363 1363 1364 1364 1364 1334 1334 1334 1367 1367 1367 1327 1327 1327 1330 1330 1330 1365 1365 1365 1332 1332 1332 1333 1333 1333 1327 1327 1327 1325 1325 1325 1330 1330 1330 1340 1340 1340 1359 1359 1359 1339 1339 1339 1375 1375 1375 1374 1374 1374 1371 1371 1371 1376 1376 1376 1375 1375 1375 1423 1423 1423 1376 1376 1376 1423 1423 1423 1377 1377 1377 1378 1378 1378 1377 1377 1377 1423 1423 1423 1423 1423 1423 1381 1381 1381 1380 1380 1380 1379 1379 1379 1378 1378 1378 1423 1423 1423 1380 1380 1380 1379 1379 1379 1423 1423 1423 1424 1424 1424 1383 1383 1383 1382 1382 1382 1424 1424 1424 1385 1385 1385 1384 1384 1384 1424 1424 1424 1384 1384 1384 1383 1383 1383 1424 1424 1424 1387 1387 1387 1386 1386 1386 1425 1425 1425 1389 1389 1389 1388 1388 1388 1425 1425 1425 1388 1388 1388 1387 1387 1387 1424 1424 1424 1386 1386 1386 1385 1385 1385 1424 1424 1424 1382 1382 1382 1381 1381 1381 1370 1370 1370 1423 1423 1423 1371 1371 1371 1424 1424 1424 1381 1381 1381 1423 1423 1423 1421 1421 1421 1425 1425 1425 1424 1424 1424 1387 1387 1387 1424 1424 1424 1425 1425 1425 1375 1375 1375 1371 1371 1371 1423 1423 1423 1423 1423 1423 1422 1422 1422 1424 1424 1424 1368 1368 1368 1422 1422 1422 1370 1370 1370 1421 1421 1421 1420 1420 1420 1425 1425 1425 1426 1426 1426 1391 1391 1391 1390 1390 1390 1426 1426 1426 1393 1393 1393 1392 1392 1392 1426 1426 1426 1392 1392 1392 1391 1391 1391 1419 1419 1419 1427 1427 1427 1420 1420 1420 1426 1426 1426 1425 1425 1425 1420 1420 1420 1394 1394 1394 1426 1426 1426 1427 1427 1427 1394 1394 1394 1393 1393 1393 1426 1426 1426 1426 1426 1426 1389 1389 1389 1425 1425 1425 1426 1426 1426 1390 1390 1390 1389 1389 1389 1428 1428 1428 1405 1405 1405 1404 1404 1404 1428 1428 1428 1407 1407 1407 1406 1406 1406 1428 1428 1428 1406 1406 1406 1405 1405 1405 1429 1429 1429 1401 1401 1401 1400 1400 1400 1428 1428 1428 1403 1403 1403 1402 1402 1402 1429 1429 1429 1402 1402 1402 1401 1401 1401 1403 1403 1403 1428 1428 1428 1404 1404 1404 1413 1413 1413 1412 1412 1412 1430 1430 1430 1372 1372 1372 1414 1414 1414 1413 1413 1413 1430 1430 1430 1412 1412 1412 1411 1411 1411 1431 1431 1431 1409 1409 1409 1408 1408 1408 1411 1411 1411 1410 1410 1410 1430 1430 1430 1410 1410 1410 1409 1409 1409 1430 1430 1430 1369 1369 1369 1414 1414 1414 1372 1372 1372 1431 1431 1431 1408 1408 1408 1407 1407 1407 1432 1432 1432 1397 1397 1397 1396 1396 1396 1432 1432 1432 1399 1399 1399 1398 1398 1398 1432 1432 1432 1398 1398 1398 1397 1397 1397 1427 1427 1427 1396 1396 1396 1395 1395 1395 1394 1394 1394 1427 1427 1427 1395 1395 1395 1418 1418 1418 1432 1432 1432 1427 1427 1427 1432 1432 1432 1418 1418 1418 1429 1429 1429 1427 1427 1427 1432 1432 1432 1396 1396 1396 1432 1432 1432 1400 1400 1400 1399 1399 1399 1417 1417 1417 1428 1428 1428 1429 1429 1429 1432 1432 1432 1429 1429 1429 1400 1400 1400 1407 1407 1407 1428 1428 1428 1431 1431 1431 1428 1428 1428 1402 1402 1402 1429 1429 1429 1431 1431 1431 1430 1430 1430 1409 1409 1409 1417 1417 1417 1431 1431 1431 1428 1428 1428 1416 1416 1416 1430 1430 1430 1431 1431 1431 1415 1415 1415 1373 1373 1373 1416 1416 1416 1430 1430 1430 1416 1416 1416 1373 1373 1373 1373 1373 1373 1372 1372 1372 1430 1430 1430 1418 1418 1418 1417 1417 1417 1429 1429 1429 1430 1430 1430 1372 1372 1372 1413 1413 1413 1440 1440 1440 1439 1439 1439 1436 1436 1436 1441 1441 1441 1440 1440 1440 1437 1437 1437 1444 1444 1444 1443 1443 1443 1439 1439 1439 1445 1445 1445 1444 1444 1444 1440 1440 1440 1457 1457 1457 1433 1433 1433 1452 1452 1452 1436 1436 1436 1452 1452 1452 1451 1451 1451 1457 1457 1457 1436 1436 1436 1439 1439 1439 1436 1436 1436 1451 1451 1451 1437 1437 1437 1457 1457 1457 1452 1452 1452 1436 1436 1436 1438 1438 1438 1450 1450 1450 1449 1449 1449 1461 1461 1461 1449 1449 1449 1435 1435 1435 1449 1449 1449 1461 1461 1461 1438 1438 1438 1438 1438 1438 1461 1461 1461 1460 1460 1460 1437 1437 1437 1434 1434 1434 1450 1450 1450 1443 1443 1443 1442 1442 1442 1458 1458 1458 1443 1443 1443 1453 1453 1453 1442 1442 1442 1453 1453 1453 1443 1443 1443 1454 1454 1454 1454 1454 1454 1443 1443 1443 1444 1444 1444 1441 1441 1441 1460 1460 1460 1459 1459 1459 1456 1456 1456 1445 1445 1445 1459 1459 1459 1445 1445 1445 1455 1455 1455 1444 1444 1444 1459 1459 1459 1448 1448 1448 1456 1456 1456 1445 1445 1445 1456 1456 1456 1455 1455 1455 1472 1472 1472 1462 1462 1462 1469 1469 1469 1472 1472 1472 1469 1469 1469 1468 1468 1468 1481 1481 1481 1472 1472 1472 1467 1467 1467 1468 1468 1468 1467 1467 1467 1472 1472 1472 1482 1482 1482 1473 1473 1473 1481 1481 1481 1480 1480 1480 1481 1481 1481 1467 1467 1467 1480 1480 1480 1466 1466 1466 1465 1465 1465 1480 1480 1480 1465 1465 1465 1464 1464 1464 1479 1479 1479 1482 1482 1482 1481 1481 1481 1467 1467 1467 1466 1466 1466 1480 1480 1480 1483 1483 1483 1482 1482 1482 1479 1479 1479 1473 1473 1473 1482 1482 1482 1483 1483 1483 1474 1474 1474 1483 1483 1483 1484 1484 1484 1479 1479 1479 1478 1478 1478 1483 1483 1483 1463 1463 1463 1475 1475 1475 1485 1485 1485 1474 1474 1474 1484 1484 1484 1486 1486 1486 1463 1463 1463 1485 1485 1485 1470 1470 1470 1484 1484 1484 1478 1478 1478 1486 1486 1486 1483 1483 1483 1478 1478 1478 1484 1484 1484 1476 1476 1476 1471 1471 1471 1485 1485 1485 1470 1470 1470 1485 1485 1485 1471 1471 1471 1485 1485 1485 1477 1477 1477 1476 1476 1476 1486 1486 1486 1477 1477 1477 1485 1485 1485 1485 1485 1485 1475 1475 1475 1486 1486 1486 0 0 0 1 1 1 3 3 3 27 27 27 52 52 52 53 53 53 28 28 28 51 51 51 52 52 52 31 31 31 48 48 48 49 49 49 30 30 30 49 49 49 50 50 50 32 32 32 47 47 47 48 48 48 47 47 47 32 32 32 33 33 33 33 33 33 45 45 45 46 46 46 35 35 35 43 43 43 44 44 44 34 34 34 44 44 44 45 45 45 38 38 38 40 40 40 41 41 41 39 39 39 22 22 22 40 40 40 36 36 36 42 42 42 43 43 43 98 98 98 93 93 93 94 94 94 99 99 99 94 94 94 95 95 95 102 102 102 97 97 97 98 98 98 103 103 103 98 98 98 99 99 99 112 112 112 97 97 97 113 113 113 117 117 117 91 91 91 94 94 94 113 113 113 101 101 101 114 114 114 116 116 116 94 94 94 91 91 91 115 115 115 92 92 92 96 96 96 96 96 96 99 99 99 95 95 95 102 102 102 108 108 108 101 101 101 102 102 102 103 103 103 110 110 110 100 100 100 103 103 103 99 99 99 104 104 104 111 111 111 103 103 103 123 123 123 120 120 120 121 121 121 125 125 125 122 122 122 123 123 123 127 127 127 124 124 124 125 125 125 129 129 129 126 126 126 127 127 127 131 131 131 128 128 128 129 129 129 139 139 139 124 124 124 140 140 140 126 126 126 140 140 140 124 124 124 150 150 150 121 121 121 143 143 143 150 150 150 149 149 149 125 125 125 149 149 149 148 148 148 127 127 127 128 128 128 130 130 130 142 142 142 131 131 131 137 137 137 130 130 130 147 147 147 129 129 129 148 148 148 164 164 164 190 190 190 165 165 165 161 161 161 195 195 195 162 162 162 195 195 195 194 194 194 163 163 163 206 206 206 243 243 243 244 244 244 207 207 207 242 242 242 243 243 243 209 209 209 240 240 240 241 241 241 211 211 211 238 238 238 239 239 239 211 211 211 237 237 237 238 238 238 210 210 210 239 239 239 240 240 240 212 212 212 236 236 236 237 237 237 235 235 235 213 213 213 214 214 214 215 215 215 233 233 233 234 234 234 217 217 217 231 231 231 232 232 232 217 217 217 230 230 230 231 231 231 216 216 216 232 232 232 233 233 233 219 219 219 228 228 228 229 229 229 221 221 221 226 226 226 227 227 227 222 222 222 225 225 225 226 226 226 218 218 218 229 229 229 230 230 230 249 249 249 279 279 279 280 280 280 250 250 250 278 278 278 279 279 279 253 253 253 275 275 275 276 276 276 254 254 254 274 274 274 275 275 275 251 251 251 277 277 277 278 278 278 255 255 255 273 273 273 274 274 274 272 272 272 255 255 255 256 256 256 256 256 256 271 271 271 272 272 272 258 258 258 269 269 269 270 270 270 257 257 257 270 270 270 271 271 271 261 261 261 266 266 266 267 267 267 262 262 262 265 265 265 266 266 266 260 260 260 267 267 267 268 268 268 304 304 304 289 289 289 303 303 303 291 291 291 306 306 306 292 292 292 305 305 305 307 307 307 291 291 291 303 303 303 283 283 283 304 304 304 307 307 307 284 284 284 306 306 306 305 305 305 304 304 304 283 283 283 292 292 292 308 308 308 293 293 293 306 306 306 300 300 300 308 308 308 294 294 294 311 311 311 295 295 295 370 370 370 403 403 403 404 404 404 373 373 373 401 401 401 402 402 402 378 378 378 398 398 398 399 399 399 399 399 399 376 376 376 377 377 377 379 379 379 397 397 397 398 398 398 382 382 382 395 395 395 396 396 396 387 387 387 392 392 392 393 393 393 486 486 486 485 485 485 491 491 491 495 495 495 494 494 494 489 489 489 490 490 490 489 489 489 494 494 494 555 555 555 554 554 554 538 538 538 553 553 553 552 552 552 540 540 540 540 540 540 551 551 551 541 541 541 538 538 538 553 553 553 539 539 539 542 542 542 549 549 549 543 543 543 549 549 549 548 548 548 544 544 544 544 544 544 547 547 547 545 545 545 542 542 542 541 541 541 551 551 551 644 644 644 625 625 625 643 643 643 644 644 644 645 645 645 627 627 627 627 627 627 646 646 646 628 628 628 644 644 644 643 643 643 639 639 639 644 644 644 637 637 637 645 645 645 646 646 646 645 645 645 637 637 637 648 648 648 649 649 649 630 630 630 630 630 630 650 650 650 631 631 631 648 648 648 634 634 634 649 649 649 634 634 634 633 633 633 650 650 650 654 654 654 656 656 656 653 653 653 651 651 651 653 653 653 656 656 656 665 665 665 662 662 662 663 663 663 666 666 666 659 659 659 660 660 660 700 700 700 717 717 717 699 699 699 700 700 700 715 715 715 716 716 716 698 698 698 717 717 717 718 718 718 706 706 706 709 709 709 710 710 710 705 705 705 710 710 710 711 711 711 1001 1001 1001 996 996 996 997 997 997 1002 1002 1002 995 995 995 996 996 996 1000 1000 1000 997 997 997 998 998 998 1004 1004 1004 993 993 993 994 994 994 1007 1007 1007 992 992 992 1006 1006 1006 991 991 991 1008 1008 1008 990 990 990 1005 1005 1005 992 992 992 993 993 993 1003 1003 1003 994 994 994 995 995 995 1010 1010 1010 989 989 989 1009 1009 1009 1011 1011 1011 986 986 986 987 987 987 1012 1012 1012 985 985 985 986 986 986 1011 1011 1011 988 988 988 1010 1010 1010 1014 1014 1014 983 983 983 984 984 984 1015 1015 1015 982 982 982 983 983 983 1013 1013 1013 984 984 984 985 985 985 1009 1009 1009 990 990 990 1008 1008 1008 1030 1030 1030 1026 1026 1026 1029 1029 1029 1031 1031 1031 1027 1027 1027 1030 1030 1030 1026 1026 1026 1058 1058 1058 1059 1059 1059 1027 1027 1027 1050 1050 1050 1051 1051 1051 1055 1055 1055 1028 1028 1028 1031 1031 1031 1067 1067 1067 1062 1062 1062 1066 1066 1066 1068 1068 1068 1063 1063 1063 1067 1067 1067 1070 1070 1070 1066 1066 1066 1069 1069 1069 1071 1071 1071 1067 1067 1067 1070 1070 1070 1086 1086 1086 1066 1066 1066 1062 1062 1062 1063 1063 1063 1077 1077 1077 1078 1078 1078 1068 1068 1068 1091 1091 1091 1092 1092 1092 1070 1070 1070 1081 1081 1081 1082 1082 1082 1068 1068 1068 1090 1090 1090 1091 1091 1091 1116 1116 1116 1111 1111 1111 1112 1112 1112 1115 1115 1115 1112 1112 1112 1113 1113 1113 1119 1119 1119 1108 1108 1108 1109 1109 1109 1121 1121 1121 1106 1106 1106 1107 1107 1107 1120 1120 1120 1107 1107 1107 1108 1108 1108 1118 1118 1118 1109 1109 1109 1110 1110 1110 1122 1122 1122 1104 1104 1104 1105 1105 1105 1124 1124 1124 1102 1102 1102 1103 1103 1103 1123 1123 1123 1103 1103 1103 1104 1104 1104 1127 1127 1127 1099 1099 1099 1100 1100 1100 1126 1126 1126 1100 1100 1100 1101 1101 1101 1105 1105 1105 1121 1121 1121 1122 1122 1122 1188 1188 1188 1189 1189 1189 1182 1182 1182 1188 1188 1188 1172 1172 1172 1189 1189 1189 1190 1190 1190 1182 1182 1182 1189 1189 1189 1183 1183 1183 1191 1191 1191 1184 1184 1184 1190 1190 1190 1189 1189 1189 1172 1172 1172 1216 1216 1216 1215 1215 1215 1201 1201 1201 1214 1214 1214 1213 1213 1213 1203 1203 1203 1204 1204 1204 1203 1203 1203 1213 1213 1213 1201 1201 1201 1214 1214 1214 1202 1202 1202 1205 1205 1205 1211 1211 1211 1206 1206 1206 1211 1211 1211 1210 1210 1210 1207 1207 1207 1207 1207 1207 1209 1209 1209 1208 1208 1208 1212 1212 1212 1204 1204 1204 1195 1195 1195 1224 1224 1224 1254 1254 1254 1255 1255 1255 1229 1229 1229 1251 1251 1251 1252 1252 1252 1227 1227 1227 1252 1252 1252 1253 1253 1253 1232 1232 1232 1249 1249 1249 1250 1250 1250 1250 1250 1250 1230 1230 1230 1231 1231 1231 1236 1236 1236 1246 1246 1246 1247 1247 1247 1241 1241 1241 1243 1243 1243 1244 1244 1244 1238 1238 1238 1245 1245 1245 1246 1246 1246 1261 1261 1261 1265 1265 1265 1264 1264 1264 1279 1279 1279 1265 1265 1265 1278 1278 1278 1267 1267 1267 1281 1281 1281 1268 1268 1268 1280 1280 1280 1282 1282 1282 1267 1267 1267 1278 1278 1278 1276 1276 1276 1279 1279 1279 1257 1257 1257 1282 1282 1282 1275 1275 1275 1283 1283 1283 1268 1268 1268 1281 1281 1281 1281 1281 1281 1274 1274 1274 1283 1283 1283 1287 1287 1287 1286 1286 1286 1271 1271 1271 1272 1272 1272 1287 1287 1287 1273 1273 1273 1294 1294 1294 1323 1323 1323 1324 1324 1324 1295 1295 1295 1322 1322 1322 1323 1323 1323 1298 1298 1298 1319 1319 1319 1320 1320 1320 1299 1299 1299 1318 1318 1318 1319 1319 1319 1296 1296 1296 1321 1321 1321 1322 1322 1322 1300 1300 1300 1317 1317 1317 1318 1318 1318 1301 1301 1301 1316 1316 1316 1317 1317 1317 1301 1301 1301 1315 1315 1315 1316 1316 1316 1303 1303 1303 1313 1313 1313 1314 1314 1314 1302 1302 1302 1314 1314 1314 1315 1315 1315 1306 1306 1306 1310 1310 1310 1311 1311 1311 1307 1307 1307 1309 1309 1309 1310 1310 1310 1305 1305 1305 1311 1311 1311 1312 1312 1312 1351 1351 1351 1348 1348 1348 1349 1349 1349 1352 1352 1352 1347 1347 1347 1348 1348 1348 1354 1354 1354 1345 1345 1345 1346 1346 1346 1356 1356 1356 1343 1343 1343 1344 1344 1344 1356 1356 1356 1342 1342 1342 1343 1343 1343 1355 1355 1355 1344 1344 1344 1345 1345 1345 1357 1357 1357 1341 1341 1341 1342 1342 1342 1360 1360 1360 1338 1338 1338 1339 1339 1339 1362 1362 1362 1336 1336 1336 1337 1337 1337 1362 1362 1362 1335 1335 1335 1336 1336 1336 1361 1361 1361 1337 1337 1337 1338 1338 1338 1364 1364 1364 1333 1333 1333 1334 1334 1334 1366 1366 1366 1331 1331 1331 1332 1332 1332 1367 1367 1367 1330 1330 1330 1331 1331 1331 1363 1363 1363 1334 1334 1334 1335 1335 1335 1422 1422 1422 1421 1421 1421 1424 1424 1424 1422 1422 1422 1423 1423 1423 1370 1370 1370 1427 1427 1427 1426 1426 1426 1420 1420 1420 1418 1418 1418 1427 1427 1427 1419 1419 1419 1416 1416 1416 1431 1431 1431 1417 1417 1417 1440 1440 1440 1436 1436 1436 1437 1437 1437 1441 1441 1441 1437 1437 1437 1438 1438 1438 1444 1444 1444 1439 1439 1439 1440 1440 1440 1445 1445 1445 1440 1440 1440 1441 1441 1441 1457 1457 1457 1439 1439 1439 1458 1458 1458 1451 1451 1451 1434 1434 1434 1437 1437 1437 1438 1438 1438 1460 1460 1460 1441 1441 1441 1437 1437 1437 1450 1450 1450 1438 1438 1438 1443 1443 1443 1458 1458 1458 1439 1439 1439 1453 1453 1453 1446 1446 1446 1442 1442 1442 1454 1454 1454 1444 1444 1444 1447 1447 1447 1441 1441 1441 1459 1459 1459 1445 1445 1445 1455 1455 1455 1447 1447 1447 1444 1444 1444 1473 1473 1473 1472 1472 1472 1481 1481 1481 1479 1479 1479 1481 1481 1481 1480 1480 1480 1473 1473 1473 1483 1483 1483 1474 1474 1474 1474 1474 1474 1486 1486 1486 1475 1475 1475 1478 1478 1478 1477 1477 1477 1486 1486 1486</p>
        </triangles>
      </mesh>
    </geometry>
  </library_geometries>
  <library_visual_scenes>
    <visual_scene id="VisualSceneNode">
      <node id="View-Perspective" name="View-Perspective">
        <matrix>0.866032 -0.249996 0.433002 49.717561 0.499989 0.433018 -0.750004 59.679258 -0.000000 0.866024 0.500003 142.599130 0.000000 0.000000 0.000000 1.000000</matrix>
        <instance_camera url="#Camera-Perspective" />
      </node>
      <node id="View-Top" name="View-Top">
        <matrix>1.000000 0.000000 -0.000000 -1.930619 -0.000000 1.000000 -0.000000 149.139154 0.000000 0.000000 1.000000 89.990449 0.000000 0.000000 0.000000 1.000000</matrix>
        <instance_camera url="#Camera-Top" />
      </node>
      <node id="View-Front" name="View-Front">
        <matrix>1.000000 0.000000 -0.000000 -1.930619 0.000000 0.000000 -1.000000 137.732904 0.000000 1.000000 -0.000000 82.959199 0.000000 0.000000 0.000000 1.000000</matrix>
        <instance_camera url="#Camera-Front" />
      </node>
      <node id="View-Right" name="View-Right">
        <matrix>0.000000 0.000000 1.000000 26.397353 1.000000 0.000000 -0.000000 149.139154 -0.000000 1.000000 -0.000000 82.959199 0.000000 0.000000 0.000000 1.000000</matrix>
        <instance_camera url="#Camera-Right" />
      </node>
      <node id="a43b9d18-d064-4ecd-8dab-7c9c2dc57c76" name="NONE">
        <instance_geometry url="#mesh-a3590810-5ba7-4394-a44a-166a8067bd18">
          <bind_material>
            <technique_common>
              <instance_material symbol="material-a0000000-0000-0000-0000-000000000000" target="#a0000000-0000-0000-0000-000000000000" />
            </technique_common>
          </bind_material>
        </instance_geometry>
      </node>
    </visual_scene>
  </library_visual_scenes>
  <scene>
    <instance_visual_scene url="#VisualSceneNode" />
  </scene>
</COLLADA>