<?xml version="1.0" encoding="UTF-8"?>
<COLLADA xmlns="http://www.collada.org/2005/11/COLLADASchema" version="1.4.1">
  <asset>
    <contributor>
      <authoring_tool>Rhinoceros 8.12.24282.7001</authoring_tool>
      <comments>Output from Rhinoceros COLLADA Exporter</comments>
    </contributor>
    <created>2025-09-11T08:51:55Z</created>
    <modified>2025-09-11T08:51:55Z</modified>
    <unit meter="0.001" name="Millimeters" />
    <up_axis>Z_UP</up_axis>
  </asset>
  <library_cameras>
    <camera id="Camera-Perspective" name="Camera-Perspective">
      <optics>
        <technique_common>
          <perspective>
            <xfov>50.868463</xfov>
            <aspect_ratio>1.981530</aspect_ratio>
            <znear>355.545007</znear>
            <zfar>469.888518</zfar>
          </perspective>
        </technique_common>
      </optics>
    </camera>
    <camera id="Camera-Top" name="Camera-Top">
      <optics>
        <technique_common>
          <orthographic>
            <xmag>1.0</xmag>
            <aspect_ratio>1.981530</aspect_ratio>
            <znear>1.581091</znear>
            <zfar>22.481250</zfar>
          </orthographic>
        </technique_common>
      </optics>
    </camera>
    <camera id="Camera-Front" name="Camera-Front">
      <optics>
        <technique_common>
          <orthographic>
            <xmag>1.0</xmag>
            <aspect_ratio>1.986772</aspect_ratio>
            <znear>1.528877</znear>
            <zfar>22.959745</zfar>
          </orthographic>
        </technique_common>
      </optics>
    </camera>
    <camera id="Camera-Right" name="Camera-Right">
      <optics>
        <technique_common>
          <orthographic>
            <xmag>1.0</xmag>
            <aspect_ratio>1.986772</aspect_ratio>
            <znear>13.668644</znear>
            <zfar>221.949969</zfar>
          </orthographic>
        </technique_common>
      </optics>
    </camera>
  </library_cameras>
  <library_materials>
    <material id="a0000000-0000-0000-0000-000000000000">
      <instance_effect url="#fx-a0000000-0000-0000-0000-000000000000" />
    </material>
  </library_materials>
  <library_effects>
    <effect id="fx-a0000000-0000-0000-0000-000000000000">
      <profile_COMMON>
        <technique sid="common">
          <phong>
            <emission>
              <color>0.000000 0.000000 0.000000 1.000000</color>
            </emission>
            <ambient>
              <color>0.000000 0.000000 0.000000 1.000000</color>
            </ambient>
            <diffuse>
              <color>0.980392 0.980392 0.980392 1.000000</color>
            </diffuse>
            <specular>
              <color>1.000000 1.000000 1.000000 1.000000</color>
            </specular>
            <reflective>
              <color>1.000000 1.000000 1.000000 1.000000</color>
            </reflective>
            <reflectivity>
              <float>1.000000</float>
            </reflectivity>
            <transparent>
              <color>1.000000 1.000000 1.000000 1.000000</color>
            </transparent>
            <transparency>
              <float>1.000000</float>
            </transparency>
            <index_of_refraction>
              <float>0.000000</float>
            </index_of_refraction>
          </phong>
        </technique>
      </profile_COMMON>
      <extra>
        <technique profile="Rhino">
          <appearance_hash>2282175632</appearance_hash>
        </technique>
      </extra>
    </effect>
  </library_effects>
  <library_geometries>
    <geometry id="mesh-aa07e5c6-3d74-42d9-b3a9-f10165e13461" name="NONE">
      <mesh>
        <source id="lib-position-aa07e5c6-3d74-42d9-b3a9-f10165e13461" name="position">
          <float_array id="lib-position-array-aa07e5c6-3d74-42d9-b3a9-f10165e13461" count="12459" digits="17" magnitude="308">3.2408885955810547 289.1728515625 81.95919799804688 15.740499496459961 289.0742492675781 79.95919799804688 15.740499496459961 289.0742492675781 81.95919799804688 15.740499496459961 289.0742492675781 80.95919799804688 3.408555269241333 290.56231689453125 81.95919799804688 3.8812055587768555 291.879638671875 81.95919799804688 4.635138988494873 293.05877685546875 81.95919799804688 5.632550239562988 294.0405578613281 81.95919799804688 6.82342529296875 294.77581787109375 81.95919799804688 8.148048400878906 295.2276306152344 81.95919799804688 9.539997100830078 295.37335205078125 81.95919799804688 10.929472923278809 295.2056884765625 81.95919799804688 12.246803283691406 294.7330322265625 81.95919799804688 13.42593002319336 293.9790954589844 81.95919799804688 14.40772819519043 292.981689453125 81.95919799804688 15.142966270446777 291.7908020019531 81.95919799804688 15.594775199890137 290.4661865234375 81.95919799804688 3.2408885955810547 289.1728515625 79.95919799804688 3.2408885955810547 289.1728515625 80.95919799804688 15.594775199890137 290.4661865234375 79.95919799804688 15.142966270446777 291.7908020019531 79.95919799804688 14.40772819519043 292.981689453125 79.95919799804688 13.42593002319336 293.9790954589844 79.95919799804688 12.246803283691406 294.7330322265625 79.95919799804688 10.929472923278809 295.2056884765625 79.95919799804688 9.539997100830078 295.37335205078125 79.95919799804688 8.148048400878906 295.2276306152344 79.95919799804688 6.82342529296875 294.77581787109375 79.95919799804688 5.632550239562988 294.0405578613281 79.95919799804688 4.635138988494873 293.05877685546875 79.95919799804688 3.8812055587768555 291.879638671875 79.95919799804688 3.408555269241333 290.56231689453125 79.95919799804688 3.2408885955810547 289.1728515625 81.95919799804688 3.408555269241333 290.56231689453125 81.95919799804688 3.8812055587768555 291.879638671875 81.95919799804688 4.635138988494873 293.05877685546875 81.95919799804688 5.632550239562988 294.0405578613281 81.95919799804688 6.82342529296875 294.77581787109375 81.95919799804688 8.148048400878906 295.2276306152344 81.95919799804688 9.539997100830078 295.37335205078125 81.95919799804688 10.929472923278809 295.2056884765625 81.95919799804688 12.246803283691406 294.7330322265625 81.95919799804688 13.42593002319336 293.9790954589844 81.95919799804688 14.40772819519043 292.981689453125 81.95919799804688 15.142966270446777 291.7908020019531 81.95919799804688 15.594775199890137 290.4661865234375 81.95919799804688 15.740499496459961 289.0742492675781 81.95919799804688 14.990523338317871 289.08013916015625 81.95919799804688 14.814350128173828 290.5050964355469 81.95919799804688 14.275379180908203 291.83587646484375 81.95919799804688 13.41033935546875 292.9818115234375 81.95919799804688 12.278182029724121 293.8648376464844 81.95919799804688 10.956062316894531 294.42474365234375 81.95919799804688 9.534080505371094 294.62335205078125 81.95919799804688 8.10914134979248 294.44720458984375 81.95919799804688 6.778353214263916 293.9082336425781 81.95919799804688 5.632406711578369 293.0431823730469 81.95919799804688 4.749395847320557 291.9110107421875 81.95919799804688 4.1894965171813965 290.5888977050781 81.95919799804688 3.9908652305603027 289.16693115234375 81.95919799804688 4.167038440704346 287.7419738769531 81.95919799804688 4.706009387969971 286.41119384765625 81.95919799804688 5.571049213409424 285.2652587890625 81.95919799804688 6.7032060623168945 284.3822326660156 81.95919799804688 8.025325775146484 283.82232666015625 81.95919799804688 9.447307586669922 283.62371826171875 81.95919799804688 10.872246742248535 283.7998962402344 81.95919799804688 12.203035354614258 284.3388671875 81.95919799804688 13.348981857299805 285.2038879394531 81.95919799804688 14.231992721557617 286.3360595703125 81.95919799804688 14.791892051696777 287.6581726074219 81.95919799804688 15.572833061218262 287.68475341796875 81.95919799804688 15.10018253326416 286.367431640625 81.95919799804688 14.3462495803833 285.18829345703125 81.95919799804688 13.348837852478027 284.2065124511719 81.95919799804688 12.157962799072266 283.47125244140625 81.95919799804688 10.833340644836426 283.01947021484375 81.95919799804688 9.441391944885254 282.87371826171875 81.95919799804688 8.051915168762207 283.0414123535156 81.95919799804688 6.734585285186768 283.5140380859375 81.95919799804688 5.555458068847656 284.2679748535156 81.95919799804688 4.573659896850586 285.265380859375 81.95919799804688 3.8384225368499756 286.4562683105469 81.95919799804688 3.386613607406616 287.7808837890625 81.95919799804688 -26.7581787109375 289.40948486328125 81.95919799804688 -14.258566856384277 289.3108825683594 79.95919799804688 -14.258566856384277 289.3108825683594 81.95919799804688 -14.258566856384277 289.3108825683594 80.95919799804688 -26.590511322021484 290.7989807128906 81.95919799804688 -26.117860794067383 292.1163024902344 81.95919799804688 -25.363927841186523 293.2954406738281 81.95919799804688 -24.36651611328125 294.2772216796875 81.95919799804688 -23.175642013549805 295.012451171875 81.95919799804688 -21.85101890563965 295.4642639160156 81.95919799804688 -20.459070205688477 295.6099853515625 81.95919799804688 -19.06959342956543 295.44232177734375 81.95919799804688 -17.75226402282715 294.96966552734375 81.95919799804688 -16.573135375976562 294.21575927734375 81.95919799804688 -15.591338157653809 293.21832275390625 81.95919799804688 -14.856101036071777 292.0274658203125 81.95919799804688 -14.404292106628418 290.7028503417969 81.95919799804688 -26.7581787109375 289.40948486328125 79.95919799804688 -26.7581787109375 289.40948486328125 80.95919799804688 -14.404292106628418 290.7028503417969 79.95919799804688 -14.856101036071777 292.0274658203125 79.95919799804688 -15.591338157653809 293.21832275390625 79.95919799804688 -16.573135375976562 294.21575927734375 79.95919799804688 -17.75226402282715 294.96966552734375 79.95919799804688 -19.06959342956543 295.44232177734375 79.95919799804688 -20.459070205688477 295.6099853515625 79.95919799804688 -21.85101890563965 295.4642639160156 79.95919799804688 -23.175642013549805 295.012451171875 79.95919799804688 -24.36651611328125 294.2772216796875 79.95919799804688 -25.363927841186523 293.2954406738281 79.95919799804688 -26.117860794067383 292.1163024902344 79.95919799804688 -26.590511322021484 290.7989807128906 79.95919799804688 -26.7581787109375 289.40948486328125 81.95919799804688 -26.590511322021484 290.7989807128906 81.95919799804688 -26.117860794067383 292.1163024902344 81.95919799804688 -25.363927841186523 293.2954406738281 81.95919799804688 -24.36651611328125 294.2772216796875 81.95919799804688 -23.175642013549805 295.012451171875 81.95919799804688 -21.85101890563965 295.4642639160156 81.95919799804688 -20.459070205688477 295.6099853515625 81.95919799804688 -19.06959342956543 295.44232177734375 81.95919799804688 -17.75226402282715 294.96966552734375 81.95919799804688 -16.573135375976562 294.21575927734375 81.95919799804688 -15.591338157653809 293.21832275390625 81.95919799804688 -14.856101036071777 292.0274658203125 81.95919799804688 -14.404292106628418 290.7028503417969 81.95919799804688 -14.258566856384277 289.3108825683594 81.95919799804688 -15.008543968200684 289.3168029785156 81.95919799804688 -15.063506126403809 290.1369934082031 81.95919799804688 -15.240097045898438 290.9398193359375 81.95919799804688 -15.53437328338623 291.7073974609375 81.95919799804688 -15.939760208129883 292.4225158691406 81.95919799804688 -16.447202682495117 293.0692138671875 81.95919799804688 -17.045364379882812 293.6330871582031 81.95919799804688 -17.720884323120117 294.10150146484375 81.95919799804688 -18.45867156982422 294.4639892578125 81.95919799804688 -19.242246627807617 294.71246337890625 81.95919799804688 -20.05410385131836 294.8414001464844 81.95919799804688 -20.876110076904297 294.8478698730469 81.95919799804688 -21.68990135192871 294.7317810058594 81.95919799804688 -22.477298736572266 294.4956970214844 81.95919799804688 -23.220712661743164 294.1448669433594 81.95919799804688 -23.903539657592773 293.6871643066406 81.95919799804688 -24.510522842407227 293.1328125 81.95919799804688 -25.028104782104492 292.49420166015625 81.95919799804688 -25.44472312927246 291.7855529785156 81.95919799804688 -25.75107192993164 291.02276611328125 81.95919799804688 -25.940305709838867 290.2228088378906 81.95919799804688 -26.008201599121094 289.403564453125 81.95919799804688 -25.832027435302734 287.9786376953125 81.95919799804688 -25.29305648803711 286.6478576660156 81.95919799804688 -24.428016662597656 285.50189208984375 81.95919799804688 -23.295860290527344 284.618896484375 81.95919799804688 -21.97374153137207 284.0589904785156 81.95919799804688 -20.5517578125 283.8603515625 81.95919799804688 -19.126819610595703 284.0365295410156 81.95919799804688 -17.796031951904297 284.57550048828125 81.95919799804688 -16.65008544921875 285.4405517578125 81.95919799804688 -15.767073631286621 286.57269287109375 81.95919799804688 -15.207175254821777 287.8948059082031 81.95919799804688 -14.426233291625977 287.9214172363281 81.95919799804688 -14.898883819580078 286.60406494140625 81.95919799804688 -15.652817726135254 285.4249572753906 81.95919799804688 -16.65022850036621 284.4431457519531 81.95919799804688 -17.841102600097656 283.7079162597656 81.95919799804688 -19.165725708007812 283.256103515625 81.95919799804688 -20.557674407958984 283.1103820800781 81.95919799804688 -21.94715118408203 283.2780456542969 81.95919799804688 -23.264480590820312 283.7507019042969 81.95919799804688 -24.4436092376709 284.504638671875 81.95919799804688 -25.42540740966797 285.5020446777344 81.95919799804688 -26.16064453125 286.69293212890625 81.95919799804688 -26.61245346069336 288.0175476074219 81.95919799804688 -14.258566856384277 289.3108825683594 93.35919952392578 -26.7581787109375 289.40948486328125 94.95919799804688 -26.7581787109375 289.40948486328125 93.35919952392578 -26.7581787109375 289.40948486328125 94.1592025756836 -14.35592269897461 290.4601135253906 93.35919952392578 -14.662792205810547 291.5718994140625 93.35919952392578 -15.168725967407227 292.6083679199219 93.35919952392578 -15.85649585723877 293.5342102050781 93.35919952392578 -16.702678680419922 294.31793212890625 93.35919952392578 -17.6784610748291 294.93280029296875 93.35919952392578 -18.750612258911133 295.35791015625 93.35919952392578 -19.88262176513672 295.57879638671875 93.35919952392578 -21.035940170288086 295.587890625 93.35919952392578 -22.171293258666992 295.3849182128906 93.35919952392578 -23.250017166137695 294.9767761230469 93.35919952392578 -24.23537826538086 294.3773498535156 93.35919952392578 -25.09381866455078 293.6070861816406 93.35919952392578 -25.796110153198242 292.69219970703125 93.35919952392578 -26.31833267211914 291.6638488769531 93.35919952392578 -26.642704010009766 290.5570373535156 93.35919952392578 -14.258566856384277 289.3108825683594 94.95919799804688 -14.258566856384277 289.3108825683594 94.1592025756836 -26.642704010009766 290.5570373535156 94.95919799804688 -26.31833267211914 291.6638488769531 94.95919799804688 -25.796110153198242 292.69219970703125 94.95919799804688 -25.09381866455078 293.6070861816406 94.95919799804688 -24.23537826538086 294.3773498535156 94.95919799804688 -23.250017166137695 294.9767761230469 94.95919799804688 -22.171293258666992 295.3849182128906 94.95919799804688 -21.035940170288086 295.587890625 94.95919799804688 -19.88262176513672 295.57879638671875 94.95919799804688 -18.750612258911133 295.35791015625 94.95919799804688 -17.6784610748291 294.93280029296875 94.95919799804688 -16.702678680419922 294.31793212890625 94.95919799804688 -15.85649585723877 293.5342102050781 94.95919799804688 -15.168725967407227 292.6083679199219 94.95919799804688 -14.662792205810547 291.5718994140625 94.95919799804688 -14.35592269897461 290.4601135253906 94.95919799804688 -14.258566856384277 289.3108825683594 93.35919952392578 -14.35592269897461 290.4601135253906 93.35919952392578 -14.662792205810547 291.5718994140625 93.35919952392578 -15.168725967407227 292.6083679199219 93.35919952392578 -15.85649585723877 293.5342102050781 93.35919952392578 -16.702678680419922 294.31793212890625 93.35919952392578 -17.6784610748291 294.93280029296875 93.35919952392578 -18.750612258911133 295.35791015625 93.35919952392578 -19.88262176513672 295.57879638671875 93.35919952392578 -21.035940170288086 295.587890625 93.35919952392578 -22.171293258666992 295.3849182128906 93.35919952392578 -23.250017166137695 294.9767761230469 93.35919952392578 -24.23537826538086 294.3773498535156 93.35919952392578 -25.09381866455078 293.6070861816406 93.35919952392578 -25.796110153198242 292.69219970703125 93.35919952392578 -26.31833267211914 291.6638488769531 93.35919952392578 -26.642704010009766 290.5570373535156 93.35919952392578 -26.7581787109375 289.40948486328125 93.35919952392578 -26.008201599121094 289.403564453125 93.35919952392578 -25.93370246887207 290.2633972167969 93.35919952392578 -25.72561264038086 291.1009826660156 93.35919952392578 -25.38905906677246 291.8957214355469 93.35919952392578 -24.93232536315918 292.6280212402344 93.35919952392578 -24.36665916442871 293.27984619140625 93.35919952392578 -23.705989837646484 293.83514404296875 93.35919952392578 -22.966585159301758 294.2802734375 93.35919952392578 -22.166650772094727 294.604248046875 93.35919952392578 -21.325883865356445 294.7991027832031 93.35919952392578 -20.46498680114746 294.8600158691406 93.35919952392578 -19.60515785217285 294.7855224609375 93.35919952392578 -18.767568588256836 294.5774230957031 93.35919952392578 -17.97284507751465 294.2408752441406 93.35919952392578 -17.240554809570312 293.7841491699219 93.35919952392578 -16.588727951049805 293.2184753417969 93.35919952392578 -16.033414840698242 292.55780029296875 93.35919952392578 -15.588292121887207 291.8183898925781 93.35919952392578 -15.264317512512207 291.0184631347656 93.35919952392578 -15.06946849822998 290.1777038574219 93.35919952392578 -15.008543968200684 289.3168029785156 93.35919952392578 -15.083043098449707 288.45697021484375 93.35919952392578 -15.291131019592285 287.619384765625 93.35919952392578 -15.627685546875 286.8246765136719 93.35919952392578 -16.08441925048828 286.0923767089844 93.35919952392578 -16.65008544921875 285.4405517578125 93.35919952392578 -17.310754776000977 284.8852233886719 93.35919952392578 -18.050159454345703 284.4400939941406 93.35919952392578 -18.850093841552734 284.1161193847656 93.35919952392578 -19.690860748291016 283.9212951660156 93.35919952392578 -20.5517578125 283.8603515625 93.35919952392578 -21.41158676147461 283.9348449707031 93.35919952392578 -22.249176025390625 284.1429443359375 93.35919952392578 -23.043899536132812 284.4794921875 93.35919952392578 -23.77619171142578 284.9362487792969 93.35919952392578 -24.428016662597656 285.50189208984375 93.35919952392578 -24.98332977294922 286.1625671386719 93.35919952392578 -25.42845344543457 286.9019775390625 93.35919952392578 -25.75242805480957 287.701904296875 93.35919952392578 -25.947277069091797 288.54266357421875 93.35919952392578 -26.66082191467285 288.26025390625 93.35919952392578 -26.353952407836914 287.1484680175781 93.35919952392578 -25.848018646240234 286.11199951171875 93.35919952392578 -25.160249710083008 285.1861572265625 93.35919952392578 -24.31406593322754 284.4024353027344 93.35919952392578 -23.33828353881836 283.7875671386719 93.35919952392578 -22.266132354736328 283.3624572753906 93.35919952392578 -21.134124755859375 283.1416015625 93.35919952392578 -19.980804443359375 283.13250732421875 93.35919952392578 -18.8454532623291 283.3354797363281 93.35919952392578 -17.766727447509766 283.7436218261719 93.35919952392578 -16.781368255615234 284.343017578125 93.35919952392578 -15.922924995422363 285.11328125 93.35919952392578 -15.220635414123535 286.0281677246094 93.35919952392578 -14.69841194152832 287.0565185546875 93.35919952392578 -14.374040603637695 288.163330078125 93.35919952392578 15.740499496459961 289.0742492675781 93.35919952392578 3.2408885955810547 289.1728515625 94.95919799804688 3.2408885955810547 289.1728515625 93.35919952392578 3.2408885955810547 289.1728515625 94.1592025756836 15.643144607543945 290.2234802246094 93.35919952392578 15.336274147033691 291.33526611328125 93.35919952392578 14.830340385437012 292.3717041015625 93.35919952392578 14.142571449279785 293.2975769042969 93.35919952392578 13.296387672424316 294.0812683105469 93.35919952392578 12.320606231689453 294.6961669921875 93.35919952392578 11.248455047607422 295.12127685546875 93.35919952392578 10.116445541381836 295.3421325683594 93.35919952392578 8.963127136230469 295.3512268066406 93.35919952392578 7.8277740478515625 295.14825439453125 93.35919952392578 6.749050140380859 294.7401123046875 93.35919952392578 5.763689041137695 294.14068603515625 93.35919952392578 4.905247211456299 293.3704528808594 93.35919952392578 4.202956676483154 292.45556640625 93.35919952392578 3.680734157562256 291.4272155761719 93.35919952392578 3.356362819671631 290.3204040527344 93.35919952392578 15.740499496459961 289.0742492675781 94.95919799804688 15.740499496459961 289.0742492675781 94.1592025756836 3.356362819671631 290.3204040527344 94.95919799804688 3.680734157562256 291.4272155761719 94.95919799804688 4.202956676483154 292.45556640625 94.95919799804688 4.905247211456299 293.3704528808594 94.95919799804688 5.763689041137695 294.14068603515625 94.95919799804688 6.749050140380859 294.7401123046875 94.95919799804688 7.8277740478515625 295.14825439453125 94.95919799804688 8.963127136230469 295.3512268066406 94.95919799804688 10.116445541381836 295.3421325683594 94.95919799804688 11.248455047607422 295.12127685546875 94.95919799804688 12.320606231689453 294.6961669921875 94.95919799804688 13.296387672424316 294.0812683105469 94.95919799804688 14.142571449279785 293.2975769042969 94.95919799804688 14.830340385437012 292.3717041015625 94.95919799804688 15.336274147033691 291.33526611328125 94.95919799804688 15.643144607543945 290.2234802246094 94.95919799804688 15.740499496459961 289.0742492675781 93.35919952392578 15.643144607543945 290.2234802246094 93.35919952392578 15.336274147033691 291.33526611328125 93.35919952392578 14.830340385437012 292.3717041015625 93.35919952392578 14.142571449279785 293.2975769042969 93.35919952392578 13.296387672424316 294.0812683105469 93.35919952392578 12.320606231689453 294.6961669921875 93.35919952392578 11.248455047607422 295.12127685546875 93.35919952392578 10.116445541381836 295.3421325683594 93.35919952392578 8.963127136230469 295.3512268066406 93.35919952392578 7.8277740478515625 295.14825439453125 93.35919952392578 6.749050140380859 294.7401123046875 93.35919952392578 5.763689041137695 294.14068603515625 93.35919952392578 4.905247211456299 293.3704528808594 93.35919952392578 4.202956676483154 292.45556640625 93.35919952392578 3.680734157562256 291.4272155761719 93.35919952392578 3.356362819671631 290.3204040527344 93.35919952392578 3.2408885955810547 289.1728515625 93.35919952392578 3.9908652305603027 289.16693115234375 93.35919952392578 4.065364360809326 290.0267639160156 93.35919952392578 4.273453235626221 290.8643493652344 93.35919952392578 4.6100077629089355 291.6590576171875 93.35919952392578 5.066740989685059 292.391357421875 93.35919952392578 5.632406711578369 293.0431823730469 93.35919952392578 6.293076038360596 293.5984802246094 93.35919952392578 7.032481670379639 294.0436096191406 93.35919952392578 7.832416534423828 294.3675842285156 93.35919952392578 8.67318344116211 294.56243896484375 93.35919952392578 9.534080505371094 294.62335205078125 93.35919952392578 10.393909454345703 294.5488586425781 93.35919952392578 11.231497764587402 294.3407897949219 93.35919952392578 12.02622127532959 294.00421142578125 93.35919952392578 12.758512496948242 293.5474853515625 93.35919952392578 13.41033935546875 292.9818115234375 93.35919952392578 13.96565055847168 292.3211669921875 93.35919952392578 14.410774230957031 291.5817565917969 93.35919952392578 14.734749794006348 290.7818298339844 93.35919952392578 14.929597854614258 289.9410400390625 93.35919952392578 14.990523338317871 289.08013916015625 93.35919952392578 14.707935333251953 287.3827209472656 93.35919952392578 13.914647102355957 285.855712890625 93.35919952392578 12.688312530517578 284.6485900878906 93.35919952392578 11.148972511291504 283.8794860839844 93.35919952392578 9.447307586669922 283.62371826171875 93.35919952392578 7.7498908042907715 283.90631103515625 93.35919952392578 6.222875595092773 284.6995849609375 93.35919952392578 5.015737533569336 285.9259338378906 93.35919952392578 4.246639251708984 287.46527099609375 93.35919952392578 3.3382441997528076 288.0235900878906 93.35919952392578 3.645113945007324 286.9118347167969 93.35919952392578 4.151048183441162 285.8753662109375 93.35919952392578 4.838817119598389 284.9494934082031 93.35919952392578 5.685000419616699 284.1658020019531 93.35919952392578 6.660782337188721 283.5509033203125 93.35919952392578 7.732933521270752 283.12579345703125 93.35919952392578 8.86494255065918 282.9049377441406 93.35919952392578 10.018260955810547 282.8958435058594 93.35919952392578 11.153614044189453 283.09881591796875 93.35919952392578 12.232338905334473 283.5069580078125 93.35919952392578 13.21769905090332 284.10638427734375 93.35919952392578 14.076141357421875 284.87664794921875 93.35919952392578 14.77843189239502 285.7915344238281 93.35919952392578 15.300654411315918 286.81988525390625 93.35919952392578 15.625025749206543 287.9266662597656 93.35919952392578 47.643795013427734 297.8228454589844 82.38101959228516 47.08317565917969 285.826904296875 82.45366668701172 47.11472702026367 289.8267517089844 82.45366668701172 47.14628219604492 293.8266296386719 82.45366668701172 46.75876235961914 285.8294372558594 82.67044067382812 46.790313720703125 289.8293151855469 82.67044067382812 46.821868896484375 293.8291931152344 82.67044067382812 46.541996002197266 285.8311462402344 82.99486541748047 46.573551177978516 289.8310241699219 82.99486541748047 46.6051025390625 293.8309020996094 82.99486541748047 46.434322357177734 281.8318786621094 83.37754821777344 46.497432708740234 289.8316345214844 83.37754821777344 46.56053924560547 297.8313903808594 83.37754821777344 46.644832611083984 297.8307189941406 82.97569274902344 46.88351058959961 297.8288269042969 82.64158630371094 47.236324310302734 297.8260498046875 82.43155670166016 46.455360412597656 284.49847412109375 83.37754821777344 46.47639465332031 287.1650390625 83.37754821777344 46.51846694946289 292.49822998046875 83.37754821777344 46.53950119018555 295.164794921875 83.37754821777344 47.517578125 281.8233337402344 82.38101959228516 47.110107421875 281.8265380859375 82.43155670166016 46.757293701171875 281.829345703125 82.64158630371094 46.518619537353516 281.8312072753906 82.97569274902344 47.62275695800781 295.15625 82.38101959228516 47.601722717285156 292.48968505859375 82.38101959228516 47.580684661865234 289.8230895996094 82.38101959228516 47.55965042114258 287.156494140625 82.38101959228516 47.53861618041992 284.48992919921875 82.38101959228516 46.434322357177734 281.8318786621094 91.54084777832031 46.56053924560547 297.8313903808594 91.54084777832031 46.541996002197266 285.8311462402344 91.92353057861328 46.573551177978516 289.8310241699219 91.92353057861328 46.6051025390625 293.8309020996094 91.92353057861328 46.75876235961914 285.8294372558594 92.24795532226562 46.790313720703125 289.8293151855469 92.24795532226562 46.821868896484375 293.8291931152344 92.24795532226562 47.08317565917969 285.826904296875 92.46472930908203 47.11472702026367 289.8267517089844 92.46472930908203 47.14628219604492 293.8266296386719 92.46472930908203 47.560508728027344 297.823486328125 92.54084777832031 47.43429183959961 281.8240051269531 92.54084777832031 47.45532989501953 284.4905700683594 92.54084777832031 47.47636413574219 287.15716552734375 92.54084777832031 47.497398376464844 289.8237609863281 92.54084777832031 47.518436431884766 292.4903259277344 92.54084777832031 47.53947067260742 295.15692138671875 92.54084777832031 46.510440826416016 281.831298828125 91.92353057861328 46.72720718383789 281.8295593261719 92.24795532226562 47.05162048339844 281.8270263671875 92.46472930908203 46.53950119018555 295.164794921875 91.54084777832031 46.51846694946289 292.49822998046875 91.54084777832031 46.497432708740234 289.8316345214844 91.54084777832031 46.47639465332031 287.1650390625 91.54084777832031 46.455360412597656 284.49847412109375 91.54084777832031 47.17783737182617 297.8265075683594 92.46472930908203 46.853424072265625 297.8290710449219 92.24795532226562 46.63665771484375 297.8307800292969 91.92353057861328 44.43438720703125 281.84765625 84.95919799804688 44.38982009887695 285.84814453125 84.5765151977539 44.4213752746582 289.8480224609375 84.5765151977539 44.45293045043945 293.847900390625 84.5765151977539 44.173057556152344 285.849853515625 84.25209045410156 44.20460891723633 289.8497314453125 84.25209045410156 44.23616409301758 293.849609375 84.25209045410156 43.8486442565918 285.8524169921875 84.03531646728516 43.88019561767578 289.852294921875 84.03531646728516 43.91175079345703 293.8521423339844 84.03531646728516 43.560630798339844 297.85504150390625 83.95919799804688 43.943302154541016 297.8520202636719 84.03531646728516 44.26771545410156 297.8494873046875 84.25209045410156 44.48448181152344 297.8477783203125 84.5765151977539 43.434417724609375 281.8555603027344 83.95919799804688 43.45545196533203 284.5221252441406 83.95919799804688 43.47649002075195 287.188720703125 83.95919799804688 43.49752426147461 289.85528564453125 83.95919799804688 43.51856231689453 292.5218811035156 83.95919799804688 43.53959655761719 295.1884765625 83.95919799804688 44.38544464111328 281.8480529785156 84.65018463134766 44.243408203125 281.84918212890625 84.37141418457031 44.022186279296875 281.8509216308594 84.15018463134766 43.74342346191406 281.8531188964844 84.00814056396484 44.56060028076172 297.84716796875 84.95919799804688 44.53956604003906 295.1805725097656 84.95919799804688 44.51852798461914 292.5140075683594 84.95919799804688 44.497493743896484 289.847412109375 84.95919799804688 44.47645950317383 287.1808166503906 84.95919799804688 44.455421447753906 284.5142517089844 84.95919799804688 44.56060028076172 297.84716796875 89.95919799804688 44.43438720703125 281.84765625 89.95919799804688 44.45293045043945 293.847900390625 90.34188079833984 44.4213752746582 289.8480224609375 90.34188079833984 44.38982009887695 285.84814453125 90.34188079833984 44.23616409301758 293.849609375 90.66630554199219 44.20460891723633 289.8497314453125 90.66630554199219 44.173057556152344 285.849853515625 90.66630554199219 43.91175079345703 293.8521423339844 90.8830795288086 43.88019561767578 289.852294921875 90.8830795288086 43.8486442565918 285.8524169921875 90.8830795288086 43.434417724609375 281.8555603027344 90.95919799804688 43.74342346191406 281.8531188964844 90.9102554321289 44.022186279296875 281.8509216308594 90.76821899414062 44.243408203125 281.84918212890625 90.54698181152344 44.38544464111328 281.8480529785156 90.26821899414062 43.560630798339844 297.85504150390625 90.95919799804688 43.53959655761719 295.1884765625 90.95919799804688 43.51856231689453 292.5218811035156 90.95919799804688 43.49752426147461 289.85528564453125 90.95919799804688 43.47649002075195 287.188720703125 90.95919799804688 43.45545196533203 284.5221252441406 90.95919799804688 44.48448181152344 297.8477783203125 90.34188079833984 44.26771545410156 297.8494873046875 90.66630554199219 43.943302154541016 297.8520202636719 90.8830795288086 44.455421447753906 284.5142517089844 89.95919799804688 44.47645950317383 287.1808166503906 89.95919799804688 44.497493743896484 289.847412109375 89.95919799804688 44.51852798461914 292.5140075683594 89.95919799804688 44.53956604003906 295.1805725097656 89.95919799804688 46.434322357177734 281.8318786621094 83.37754821777344 46.434322357177734 281.8318786621094 91.54084777832031 46.56053924560547 297.8313903808594 83.37754821777344 46.56053924560547 297.8313903808594 91.54084777832031 46.455360412597656 284.49847412109375 83.37754821777344 46.47639465332031 287.1650390625 83.37754821777344 46.497432708740234 289.8316345214844 83.37754821777344 46.51846694946289 292.49822998046875 83.37754821777344 46.53950119018555 295.164794921875 83.37754821777344 46.53950119018555 295.164794921875 91.54084777832031 46.51846694946289 292.49822998046875 91.54084777832031 46.497432708740234 289.8316345214844 91.54084777832031 46.47639465332031 287.1650390625 91.54084777832031 46.455360412597656 284.49847412109375 91.54084777832031 148.7415771484375 295.0252685546875 96.95919799804688 148.7415771484375 295.0252685546875 77.95919799804688 150.34153747558594 295.01263427734375 96.95867919921875 150.34153747558594 295.01263427734375 90.62569427490234 150.34153747558594 295.01263427734375 84.2927017211914 150.34153747558594 295.01263427734375 77.959716796875 149.54786682128906 295.81890869140625 96.79222869873047 149.855712890625 295.7546691894531 96.8161849975586 149.86990356445312 295.7484436035156 96.8183822631836 149.88446044921875 295.7417297363281 96.82075500488281 149.91456604003906 295.7266540527344 96.82598876953125 149.97813415527344 295.6893310546875 96.83842468261719 150.11184692382812 295.5799865722656 96.87122344970703 150.14695739746094 295.5419006347656 96.88152313232422 150.17730712890625 295.5045471191406 96.89095306396484 150.2253875732422 295.4341125488281 96.90719604492188 150.2823486328125 295.32098388671875 96.92920684814453 150.28628540039062 295.3111267089844 96.93081665039062 150.29006958007812 295.3013000488281 96.93238830566406 150.29721069335938 295.2815856933594 96.93538665771484 150.3097686767578 295.2422180175781 96.94085693359375 150.32830810546875 295.1639099121094 96.94965362548828 148.80599975585938 295.3335266113281 96.93521881103516 148.80882263183594 295.34002685546875 96.93418884277344 148.811767578125 295.3466796875 96.93309783935547 148.8180694580078 295.3603515625 96.93077850341797 148.83238220214844 295.38916015625 96.925537109375 148.8687744140625 295.4518127441406 96.91268920898438 148.9805908203125 295.58929443359375 96.8774642944336 149.0184326171875 295.62420654296875 96.86681365966797 149.05560302734375 295.6544189453125 96.8570785522461 149.1258087158203 295.7024230957031 96.84036254882812 149.2393035888672 295.7596435546875 96.81793975830078 149.24903869628906 295.7635498046875 96.81636047363281 149.2587890625 295.7673034667969 96.81482696533203 149.2783203125 295.7743835449219 96.8119125366211 149.31744384765625 295.7868957519531 96.80669403076172 149.39553833007812 295.8055114746094 96.79866027832031 148.7415771484375 295.0252685546875 84.29253387451172 148.7415771484375 295.0252685546875 90.62586212158203 149.54786682128906 295.81890869140625 78.12616729736328 149.2389373779297 295.7594909667969 78.09966278076172 149.23248291015625 295.7568359375 78.09859466552734 149.22589111328125 295.7540283203125 78.09746551513672 149.21231079101562 295.748046875 78.0950698852539 149.18356323242188 295.734375 78.08969116210938 149.1205596923828 295.69921875 78.07657623291016 148.98045349121094 295.58917236328125 78.0408935546875 148.8057861328125 295.3330078125 77.98310089111328 148.80177307128906 295.3234558105469 77.98162841796875 148.79791259765625 295.3138732910156 77.9802017211914 148.7905731201172 295.2946472167969 77.97749328613281 148.77749633789062 295.25604248046875 77.97264099121094 148.75762939453125 295.1784973144531 77.96517181396484 150.28253173828125 295.3205261230469 77.98912048339844 150.28016662597656 295.3262939453125 77.9900894165039 150.2776641845703 295.3322448730469 77.9911117553711 150.27223205566406 295.3446960449219 77.99331665039062 150.25953674316406 295.3717956542969 77.9983901977539 150.2255859375 295.4338073730469 78.0111312866211 150.11231994628906 295.5794982910156 78.04703521728516 150.07713317871094 295.61322021484375 78.05669403076172 150.04209899902344 295.64300537109375 78.06558227539062 149.97421264648438 295.6918640136719 78.08106994628906 149.8558349609375 295.754638671875 78.10284423828125 149.8462371826172 295.7586669921875 78.10427856445312 149.83660888671875 295.7625427246094 78.10567474365234 149.8173065185547 295.7699279785156 78.10831451416016 149.77854919433594 295.78302001953125 78.11305236816406 149.7008514404297 295.80291748046875 78.1203384399414 148.8048858642578 295.3309020996094 87.45919799804688 149.2412567138672 295.76043701171875 87.45919799804688 149.54786682128906 295.81890869140625 87.45919799804688 149.85353088378906 295.755615234375 87.45919799804688 150.1116943359375 295.58013916015625 87.45919799804688 150.28305053710938 295.3192443847656 87.45919799804688 155.68614196777344 287.9702453613281 96.95919799804688 155.68614196777344 287.9702453613281 77.95919799804688 157.28610229492188 287.9576416015625 96.79222869873047 157.28610229492188 287.9576416015625 90.57020568847656 157.28610229492188 287.9576416015625 84.34819030761719 157.28610229492188 287.9576416015625 78.12616729736328 156.4467010498047 288.7629699707031 96.95919799804688 156.7681884765625 288.7125549316406 96.93427276611328 156.77474975585938 288.7100524902344 96.9332504272461 156.78146362304688 288.7074279785156 96.93218231201172 156.79537963867188 288.7017517089844 96.92988586425781 156.82505798339844 288.6885986328125 96.92466735839844 156.8909912109375 288.6539306640625 96.91171264648438 157.04005432128906 288.5411376953125 96.87574005126953 157.22250366210938 288.2765808105469 96.81708526611328 157.22666931152344 288.2666015625 96.8155517578125 157.2306671142578 288.256591796875 96.81407165527344 157.23825073242188 288.2365417480469 96.8112564086914 157.2516326904297 288.1962890625 96.80621337890625 157.27159118652344 288.1156921386719 96.79844665527344 155.78887939453125 288.3561706542969 96.95919799804688 156.06536865234375 288.64434814453125 96.95919799804688 155.68614196777344 287.9702453613281 84.29253387451172 155.68614196777344 287.9702453613281 90.62586212158203 156.4467010498047 288.7629699707031 77.95919799804688 156.06536865234375 288.64434814453125 77.95919799804688 155.78887939453125 288.3561706542969 77.95919799804688 157.22256469726562 288.27642822265625 78.10133361816406 157.21983337402344 288.2828063964844 78.10033416748047 157.2169647216797 288.289306640625 78.09927368164062 157.21078491210938 288.3028564453125 78.09700012207031 157.19656372070312 288.33172607421875 78.09180450439453 157.159423828125 288.3959655761719 78.07887268066406 157.0404510498047 288.540771484375 78.04277038574219 156.7686767578125 288.7123718261719 77.98419952392578 156.7584686279297 288.7161560058594 77.982666015625 156.7482452392578 288.71978759765625 77.9811782836914 156.727783203125 288.7265625 77.97834014892578 156.68679809570312 288.7383728027344 77.9732666015625 156.6051788330078 288.7550354003906 77.96544647216797 155.74945068359375 288.2759094238281 87.45919799804688 156.18580627441406 288.7054443359375 87.45919799804688 156.492431640625 288.763916015625 87.45919799804688 156.79808044433594 288.70062255859375 87.45919799804688 157.2276153564453 288.2642517089844 87.45919799804688 157.05624389648438 288.525146484375 87.45919799804688 148.6311492919922 281.02569580078125 96.95919799804688 148.6311492919922 281.02569580078125 77.95919799804688 150.23109436035156 281.0130615234375 96.95867919921875 150.23109436035156 281.0130615234375 90.62569427490234 150.23109436035156 281.0130615234375 84.2927017211914 150.23109436035156 281.0130615234375 77.959716796875 150.2301483154297 281.05877685546875 96.95919799804688 148.73764038085938 281.4182434082031 96.95919799804688 149.02340698242188 281.70770263671875 96.95919799804688 149.41456604003906 281.8192138671875 96.95919799804688 149.80999755859375 281.7239685058594 96.95919799804688 150.1074981689453 281.44659423828125 96.95919799804688 148.6311492919922 281.02569580078125 84.29253387451172 148.6311492919922 281.02569580078125 90.62586212158203 150.2301483154297 281.05877685546875 77.95919799804688 150.1074981689453 281.44659423828125 77.95919799804688 149.80999755859375 281.7239685058594 77.95919799804688 149.41456604003906 281.8192138671875 77.95919799804688 149.02340698242188 281.70770263671875 77.95919799804688 148.73764038085938 281.4182434082031 77.95919799804688 148.6944580078125 281.33135986328125 87.45919799804688 149.1308135986328 281.7608642578125 87.45919799804688 149.4374237060547 281.8193664550781 87.45919799804688 149.7430877685547 281.75604248046875 87.45919799804688 150.00125122070312 281.5805969238281 87.45919799804688 150.17262268066406 281.3196716308594 87.45919799804688 141.68658447265625 288.0806884765625 96.95919799804688 141.68658447265625 288.0806884765625 77.95919799804688 143.28652954101562 288.06805419921875 77.95919799804688 143.28652954101562 288.06805419921875 96.95919799804688 143.28652954101562 288.06805419921875 90.62586212158203 143.28652954101562 288.06805419921875 84.29253387451172 141.76853942871094 288.4271545410156 96.95919799804688 141.99270629882812 288.7037658691406 96.95919799804688 142.314697265625 288.855712890625 96.95919799804688 142.67071533203125 288.8529052734375 96.95919799804688 142.99026489257812 288.6958923339844 96.95919799804688 143.21005249023438 288.4158020019531 96.95919799804688 141.68658447265625 288.0806884765625 84.29253387451172 141.68658447265625 288.0806884765625 90.62586212158203 143.21005249023438 288.4158020019531 77.95919799804688 142.99026489257812 288.6958923339844 77.95919799804688 142.67071533203125 288.8529052734375 77.95919799804688 142.314697265625 288.855712890625 77.95919799804688 141.99270629882812 288.7037658691406 77.95919799804688 141.76853942871094 288.4271545410156 77.95919799804688 141.74989318847656 288.3863525390625 87.45919799804688 142.18624877929688 288.8158874511719 87.45919799804688 142.4928741455078 288.8743591308594 87.45919799804688 143.0566864013672 288.6355895996094 87.45919799804688 142.79852294921875 288.81103515625 87.45919799804688 143.22805786132812 288.37469482421875 87.45919799804688 140.431396484375 281.0903625488281 80.45919799804688 140.431396484375 281.0903625488281 94.45919799804688 140.4866180419922 288.09014892578125 94.45919799804688 140.4866180419922 288.09014892578125 80.45919799804688 140.4866180419922 288.09014892578125 85.12586212158203 140.4866180419922 288.09014892578125 89.79253387451172 62.007328033447266 297.70953369140625 80.45919799804688 60.47373962402344 285.72125244140625 80.51846313476562 60.50529479980469 289.72113037109375 80.51846313476562 60.53684997558594 293.72100830078125 80.51846313476562 59.10335922241211 285.7320556640625 80.6861801147461 59.13491439819336 289.73193359375 80.6861801147461 59.166465759277344 293.7318115234375 80.6861801147461 57.76324462890625 285.7426452636719 80.95828247070312 57.794795989990234 289.7425231933594 80.95828247070312 57.826351165771484 293.7424011230469 80.95828247070312 56.41691207885742 281.7531433105469 81.33419799804688 61.8811149597168 281.71002197265625 80.45919799804688 59.11420822143555 281.7318420410156 80.67933654785156 61.98629379272461 295.0429382324219 80.45919799804688 61.96525573730469 292.3763732910156 80.45919799804688 61.94422149658203 289.70977783203125 80.45919799804688 61.923187255859375 287.0431823730469 80.45919799804688 61.90214920043945 284.3766174316406 80.45919799804688 56.54312515258789 297.75262451171875 81.33419799804688 59.240421295166016 297.7313537597656 80.67933654785156 56.43794631958008 284.4197082519531 81.33419799804688 56.458980560302734 287.0863037109375 81.33419799804688 56.480018615722656 289.7528991699219 81.33419799804688 56.50105285644531 292.4194641113281 81.33419799804688 56.522090911865234 295.0860595703125 81.33419799804688 49.51771926879883 297.80804443359375 82.45919799804688 51.273109436035156 285.7938232421875 82.38300323486328 51.30466079711914 289.793701171875 82.38300323486328 51.33621597290039 293.7935791015625 82.38300323486328 53.03502655029297 285.7799377441406 82.16737365722656 53.06658172607422 289.7798156738281 82.16737365722656 53.0981330871582 293.7796936035156 82.16737365722656 54.758033752441406 285.766357421875 81.81752014160156 54.789588928222656 289.7662353515625 81.81752014160156 54.82114028930664 293.7660827636719 81.81752014160156 56.41691207885742 281.7531433105469 81.33419799804688 56.43794631958008 284.4197082519531 81.33419799804688 56.458980560302734 287.0863037109375 81.33419799804688 56.480018615722656 289.7528991699219 81.33419799804688 56.50105285644531 292.4194641113281 81.33419799804688 56.522090911865234 295.0860595703125 81.33419799804688 49.49668502807617 295.1414794921875 82.45919799804688 49.475650787353516 292.4748840332031 82.45919799804688 49.454612731933594 289.8083190917969 82.45919799804688 49.43357849121094 287.1417236328125 82.45919799804688 49.412540435791016 284.4751281738281 82.45919799804688 49.39150619506836 281.8085632324219 82.45919799804688 51.76869201660156 281.789794921875 82.33325958251953 54.1192626953125 281.7712707519531 81.95685577392578 56.54312515258789 297.75262451171875 81.33419799804688 54.24547576904297 297.770751953125 81.95685577392578 51.89490509033203 297.789306640625 82.33325958251953 57.73930358886719 285.7428283691406 93.95425415039062 57.77085876464844 289.7427062988281 93.95425415039062 57.80241012573242 293.7425842285156 93.95425415039062 59.10371398925781 285.7320556640625 94.2322769165039 59.1352653503418 289.73193359375 94.2322769165039 59.16682052612305 293.7318115234375 94.2322769165039 60.50361633300781 285.72100830078125 94.40237426757812 60.5351676940918 289.72088623046875 94.40237426757812 60.56672286987305 293.72076416015625 94.40237426757812 62.007328033447266 297.70953369140625 94.45919799804688 56.41691207885742 281.7531433105469 93.58419799804688 59.11420822143555 281.7318420410156 94.23906707763672 56.54312515258789 297.75262451171875 93.58419799804688 56.522090911865234 295.0860595703125 93.58419799804688 56.50105285644531 292.4194641113281 93.58419799804688 56.480018615722656 289.7528991699219 93.58419799804688 56.458980560302734 287.0863037109375 93.58419799804688 56.43794631958008 284.4197082519531 93.58419799804688 59.240421295166016 297.7313537597656 94.23906707763672 61.8811149597168 281.71002197265625 94.45919799804688 61.90214920043945 284.3766174316406 94.45919799804688 61.923187255859375 287.0431823730469 94.45919799804688 61.94422149658203 289.70977783203125 94.45919799804688 61.96525573730469 292.3763732910156 94.45919799804688 61.98629379272461 295.0429382324219 94.45919799804688 56.54312515258789 297.75262451171875 93.58419799804688 54.31367874145508 285.76983642578125 92.99717712402344 54.34523010253906 289.76971435546875 92.99717712402344 54.37678527832031 293.76959228515625 92.99717712402344 52.127010345458984 285.787109375 92.62227630615234 52.15856170654297 289.7869873046875 92.62227630615234 52.19011688232422 293.786865234375 92.62227630615234 49.86157989501953 285.8049621582031 92.46347045898438 49.893131256103516 289.8048400878906 92.46347045898438 49.924686431884766 293.8047180175781 92.46347045898438 56.522090911865234 295.0860595703125 93.58419799804688 56.50105285644531 292.4194641113281 93.58419799804688 56.480018615722656 289.7528991699219 93.58419799804688 56.458980560302734 287.0863037109375 93.58419799804688 56.43794631958008 284.4197082519531 93.58419799804688 56.41691207885742 281.7531433105469 93.58419799804688 54.24274826049805 281.7702941894531 92.98844909667969 52.0198860168457 281.7878112792969 92.6132583618164 49.770633697509766 281.8055725097656 92.46239471435547 47.517578125 281.8233337402344 92.5373764038086 47.53861618041992 284.48992919921875 92.5373764038086 47.55965042114258 287.156494140625 92.5373764038086 47.580684661865234 289.8230895996094 92.5373764038086 47.601722717285156 292.48968505859375 92.5373764038086 47.62275695800781 295.15625 92.5373764038086 47.643795013427734 297.8228454589844 92.5373764038086 49.8968505859375 297.8050537109375 92.46239471435547 52.14609909057617 297.7873229980469 92.6132583618164 54.368961334228516 297.769775390625 92.98844909667969 44.35432434082031 281.3482666015625 90.34188079833984 44.350379943847656 280.8482971191406 90.34188079833984 44.346435546875 280.3482971191406 90.34188079833984 44.13755798339844 281.3499755859375 90.66630554199219 44.13361358642578 280.8500061035156 90.66630554199219 44.129669189453125 280.3500061035156 90.66630554199219 43.81314468383789 281.3525390625 90.8830795288086 43.809200286865234 280.8525695800781 90.8830795288086 43.80525588989258 280.3525695800781 90.8830795288086 43.434417724609375 281.8555603027344 90.95919799804688 43.42652893066406 280.8555908203125 90.95919799804688 43.41864013671875 279.8556213378906 90.95919799804688 44.43438720703125 281.84765625 89.95919799804688 44.38544464111328 281.8480529785156 90.26821899414062 44.243408203125 281.84918212890625 90.54698181152344 44.022186279296875 281.8509216308594 90.76821899414062 43.74342346191406 281.8531188964844 90.9102554321289 43.7276496887207 279.8531799316406 90.9102554321289 44.00640869140625 279.8509826660156 90.76821899414062 44.22763442993164 279.8492431640625 90.54698181152344 44.369667053222656 279.8481140136719 90.26821899414062 43.43178939819336 281.522216796875 90.95919799804688 43.42915725708008 281.18890380859375 90.95919799804688 43.42390060424805 280.5222473144531 90.95919799804688 43.421268463134766 280.1889343261719 90.95919799804688 44.418609619140625 279.84771728515625 89.95919799804688 44.42123794555664 280.1810607910156 89.95919799804688 44.42387008666992 280.5143737792969 89.95919799804688 44.42649841308594 280.8476867675781 89.95919799804688 44.42912673950195 281.1809997558594 89.95919799804688 44.43175506591797 281.51434326171875 89.95919799804688 43.434417724609375 281.8555603027344 83.95919799804688 43.41864013671875 279.8556213378906 83.95919799804688 43.81314468383789 281.3525390625 84.03531646728516 43.809200286865234 280.8525695800781 84.03531646728516 43.80525588989258 280.3525695800781 84.03531646728516 44.13755798339844 281.3499755859375 84.25209045410156 44.13361358642578 280.8500061035156 84.25209045410156 44.129669189453125 280.3500061035156 84.25209045410156 44.35432434082031 281.3482666015625 84.5765151977539 44.350379943847656 280.8482971191406 84.5765151977539 44.346435546875 280.3482971191406 84.5765151977539 43.74342346191406 281.8531188964844 84.00814056396484 44.022186279296875 281.8509216308594 84.15018463134766 44.243408203125 281.84918212890625 84.37141418457031 44.38544464111328 281.8480529785156 84.65018463134766 44.418609619140625 279.84771728515625 84.95919799804688 44.369667053222656 279.8481140136719 84.65018463134766 44.22763442993164 279.8492431640625 84.37141418457031 44.00640869140625 279.8509826660156 84.15018463134766 43.7276496887207 279.8531799316406 84.00814056396484 44.43438720703125 281.84765625 84.95919799804688 44.43175506591797 281.51434326171875 84.95919799804688 44.42912673950195 281.1809997558594 84.95919799804688 44.42649841308594 280.8476867675781 84.95919799804688 44.42387008666992 280.5143737792969 84.95919799804688 44.42123794555664 280.1810607910156 84.95919799804688 43.421268463134766 280.1889343261719 83.95919799804688 43.42390060424805 280.5222473144531 83.95919799804688 43.42652893066406 280.8555908203125 83.95919799804688 43.42915725708008 281.18890380859375 83.95919799804688 43.43178939819336 281.522216796875 83.95919799804688 49.513099670410156 297.2222900390625 94.3734130859375 51.16498565673828 296.5603942871094 94.87519836425781 51.205753326416016 297.20892333984375 94.44312286376953 51.26252365112305 297.6420593261719 93.79647064208984 52.74305725097656 296.5479431152344 95.0683364868164 52.81777572631836 297.19622802734375 94.64041137695312 52.92535400390625 297.6289367675781 93.99998474121094 54.286277770996094 296.5357666015625 95.38167572021484 54.394195556640625 297.18377685546875 94.96049499511719 54.55146408081055 297.6160888671875 94.33015441894531 56.38700485229492 297.7538757324219 94.05919647216797 49.51771926879883 297.80804443359375 92.95919799804688 49.51652145385742 297.65582275390625 93.72456359863281 49.50798034667969 296.5734558105469 94.80696105957031 49.50194549560547 295.80810546875 94.95919799804688 50.55995178222656 295.7997741699219 94.9872055053711 51.61499786376953 295.79144287109375 95.0711441040039 52.66412353515625 295.7831726074219 95.21078491210938 53.70439529418945 295.77496337890625 95.40572357177734 54.73289489746094 295.766845703125 95.65543365478516 55.74674606323242 295.75885009765625 95.95919799804688 55.80031967163086 296.5238342285156 95.81456756591797 55.94081115722656 297.17156982421875 95.40270233154297 56.146827697753906 297.603515625 94.78630065917969 55.271766662597656 297.7626647949219 93.72505187988281 54.14041519165039 297.7716064453125 93.45037841796875 52.996116638183594 297.7806091308594 93.2359390258789 51.842079162597656 297.78973388671875 93.08233642578125 50.6815299987793 297.79888916015625 92.99000549316406 61.99155044555664 295.7095947265625 96.95919799804688 60.463157653808594 297.5694580078125 95.66101837158203 60.40638732910156 297.1363525390625 96.30767059326172 60.36561965942383 296.4878234863281 96.73974609375 58.99368667602539 297.5810546875 95.4811782836914 58.8861083984375 297.1483459472656 96.1216049194336 58.8113899230957 296.50006103515625 96.54953002929688 57.556671142578125 297.5924072265625 95.18939971923828 57.3994026184082 297.1600646972656 95.81974029541016 57.29148864746094 296.5120544433594 96.24092102050781 55.74674606323242 295.75885009765625 95.95919799804688 56.38700485229492 297.7538757324219 94.05919647216797 56.146827697753906 297.603515625 94.78630065917969 55.94081115722656 297.17156982421875 95.40270233154297 55.80031967163086 296.5238342285156 95.81456756591797 61.997589111328125 296.4749450683594 96.80696105957031 62.002708435058594 297.1237487792969 96.3734130859375 62.006126403808594 297.5572814941406 95.72456359863281 62.007328033447266 297.70953369140625 94.95919799804688 61.05512237548828 297.717041015625 94.93399047851562 60.1055793762207 297.72454833984375 94.85845184326172 59.1613655090332 297.73199462890625 94.73277282714844 58.22512435913086 297.7393798828125 94.55732727050781 57.29947280883789 297.7466735839844 94.33258819580078 56.76060104370117 295.7508544921875 96.26296997070312 57.789100646972656 295.74273681640625 96.5126724243164 58.82937240600586 295.7345275878906 96.7076187133789 59.87849807739258 295.72625732421875 96.84725189208984 60.93354415893555 295.7179260253906 96.93119049072266 -20.437376022338867 298.35992431640625 92.95919799804688 14.540172576904297 298.083984375 92.95919799804688 49.51771926879883 297.80804443359375 92.95919799804688 -2.949803352355957 298.0697021484375 93.72456359863281 14.538970947265625 297.9317626953125 93.72456359863281 32.02774429321289 297.7937927246094 93.72456359863281 -20.441997528076172 297.7741394042969 94.3734130859375 -2.95322322845459 297.63616943359375 94.3734130859375 14.535551071166992 297.49822998046875 94.3734130859375 32.02432632446289 297.3602600097656 94.3734130859375 -2.958341598510742 296.98736572265625 94.80696105957031 14.53043270111084 296.8493957519531 94.80696105957031 32.01920700073242 296.71142578125 94.80696105957031 -20.453153610229492 296.3599853515625 94.95919799804688 14.524394989013672 296.08404541015625 94.95919799804688 49.50194549560547 295.80810546875 94.95919799804688 49.50798034667969 296.5734558105469 94.80696105957031 49.513099670410156 297.2222900390625 94.3734130859375 49.51652145385742 297.65582275390625 93.72456359863281 -20.43857765197754 298.2076721191406 93.72456359863281 -20.44711685180664 297.12530517578125 94.80696105957031 -8.793971061706543 296.26800537109375 94.95919799804688 2.8652124404907227 296.176025390625 94.95919799804688 26.183578491210938 295.9920654296875 94.95919799804688 37.8427619934082 295.90008544921875 94.95919799804688 37.85853958129883 297.9000244140625 92.95919799804688 26.19935417175293 297.99200439453125 92.95919799804688 2.8809890747070312 298.17596435546875 92.95919799804688 -8.778193473815918 298.2679443359375 92.95919799804688 62.007328033447266 297.70953369140625 94.95919799804688 149.5573272705078 297.0188903808594 94.95919799804688 83.89363098144531 297.3846435546875 95.72456359863281 105.7811279296875 297.21197509765625 95.72456359863281 127.66863250732422 297.039306640625 95.72456359863281 83.89020538330078 296.95111083984375 96.3734130859375 105.7777099609375 296.7784423828125 96.3734130859375 127.66521453857422 296.60577392578125 96.3734130859375 83.88509368896484 296.3022766113281 96.80696105957031 105.77259063720703 296.1296081542969 96.80696105957031 127.66009521484375 295.9569396972656 96.80696105957031 61.99155044555664 295.7095947265625 96.95919799804688 148.7415771484375 295.0252685546875 96.95919799804688 148.80599975585938 295.3335266113281 96.93521881103516 148.80882263183594 295.34002685546875 96.93418884277344 148.811767578125 295.3466796875 96.93309783935547 148.8180694580078 295.3603515625 96.93077850341797 148.83238220214844 295.38916015625 96.925537109375 148.8687744140625 295.4518127441406 96.91268920898438 148.9805908203125 295.58929443359375 96.8774642944336 149.0184326171875 295.62420654296875 96.86681365966797 149.05560302734375 295.6544189453125 96.8570785522461 149.1258087158203 295.7024230957031 96.84036254882812 149.2393035888672 295.7596435546875 96.81793975830078 149.24903869628906 295.7635498046875 96.81636047363281 149.2587890625 295.7673034667969 96.81482696533203 149.2783203125 295.7743835449219 96.8119125366211 149.31744384765625 295.7868957519531 96.80669403076172 149.39553833007812 295.8055114746094 96.79866027832031 62.006126403808594 297.5572814941406 95.72456359863281 62.002708435058594 297.1237487792969 96.3734130859375 61.997589111328125 296.4749450683594 96.80696105957031 149.54786682128906 295.81890869140625 96.79222869873047 149.5528564453125 296.45074462890625 96.35556030273438 149.55616760253906 296.87139892578125 95.71295928955078 134.96566772460938 297.1340026855469 94.95919799804688 120.3740005493164 297.24908447265625 94.95919799804688 105.78233337402344 297.36419677734375 94.95919799804688 91.19066619873047 297.47930908203125 94.95919799804688 76.5989990234375 297.59442138671875 94.95919799804688 76.44989013671875 295.5955505371094 96.95919799804688 90.9082260131836 295.4814758300781 96.95919799804688 105.36656951904297 295.367431640625 96.95919799804688 119.82490539550781 295.25335693359375 96.95919799804688 134.2832489013672 295.1393127441406 96.95919799804688 -20.437376022338867 298.35992431640625 92.95919799804688 -20.43857765197754 298.2076721191406 93.72456359863281 -20.441997528076172 297.7741394042969 94.3734130859375 -20.44711685180664 297.12530517578125 94.80696105957031 -22.165977478027344 298.0513000488281 93.72456359863281 -22.084753036499023 297.62542724609375 94.3734130859375 -21.963193893432617 296.9880676269531 94.80696105957031 -23.829675674438477 297.5609130859375 93.72456359863281 -23.666929244995117 297.1590576171875 94.3734130859375 -23.423364639282227 296.55767822265625 94.80696105957031 -25.365737915039062 296.75537109375 93.72456359863281 -25.12772560119629 296.39300537109375 94.3734130859375 -24.771512985229492 295.8506774902344 94.80696105957031 -26.71513557434082 295.6656494140625 93.72456359863281 -26.411001205444336 295.356689453125 94.3734130859375 -25.955829620361328 294.894287109375 94.80696105957031 -27.82600975036621 294.3336181640625 93.72456359863281 -27.46744155883789 294.08990478515625 94.3734130859375 -26.930805206298828 293.7251892089844 94.80696105957031 -28.655672073364258 292.8104553222656 93.72456359863281 -28.256450653076172 292.6413879394531 94.3734130859375 -27.658971786499023 292.38836669921875 94.80696105957031 -29.172237396240234 291.1546936035156 93.72456359863281 -28.747703552246094 291.0667724609375 94.3734130859375 -28.112342834472656 290.9351806640625 94.80696105957031 -29.35585594177246 289.42999267578125 93.72456359863281 -28.92232322692871 289.42657470703125 94.3734130859375 -28.27349853515625 289.42144775390625 94.80696105957031 -29.19947052001953 287.70257568359375 93.72456359863281 -28.773601531982422 287.7838134765625 94.3734130859375 -28.13624382019043 287.9053649902344 94.80696105957031 -28.709091186523438 286.03887939453125 93.72456359863281 -28.3072509765625 286.2016296386719 94.3734130859375 -27.705854415893555 286.4451904296875 94.80696105957031 -27.903562545776367 284.5028076171875 93.72456359863281 -27.54119300842285 284.7408447265625 94.3734130859375 -26.998870849609375 285.0970458984375 94.80696105957031 -26.813840866088867 283.1534118652344 93.72456359863281 -26.50486946105957 283.4575500488281 94.3734130859375 -26.04245948791504 283.9127197265625 94.80696105957031 -25.48180389404297 282.04254150390625 93.72456359863281 -25.238101959228516 282.401123046875 94.3734130859375 -24.873376846313477 282.937744140625 94.80696105957031 -23.95863914489746 281.212890625 93.72456359863281 -23.789573669433594 281.61212158203125 94.3734130859375 -23.536550521850586 282.2095947265625 94.80696105957031 -22.302885055541992 280.6963195800781 93.72456359863281 -22.21495246887207 281.120849609375 94.3734130859375 -22.08335304260254 281.7562255859375 94.80696105957031 -20.579368591308594 280.3604736328125 92.95919799804688 -20.453153610229492 296.3599853515625 94.95919799804688 -20.44711685180664 297.12530517578125 94.80696105957031 -20.441997528076172 297.7741394042969 94.3734130859375 -20.43857765197754 298.2076721191406 93.72456359863281 -20.578166961669922 280.5126953125 93.72456359863281 -20.57474708557129 280.94622802734375 94.3734130859375 -20.569629669189453 281.5950622558594 94.80696105957031 -20.56359100341797 282.36041259765625 94.95919799804688 -21.77825164794922 282.4763488769531 94.95919799804688 -22.954328536987305 282.8014221191406 94.95919799804688 -24.05608367919922 283.3258056640625 94.95919799804688 -25.050045013427734 284.0335388183594 94.95919799804688 -25.906009674072266 284.9031066894531 94.95919799804688 -26.597970962524414 285.9081115722656 94.95919799804688 -27.104902267456055 287.01800537109375 94.95919799804688 -27.411401748657227 288.1990661621094 94.95919799804688 -27.508153915405273 289.4154052734375 94.95919799804688 -27.392223358154297 290.63006591796875 94.95919799804688 -27.06713104248047 291.80615234375 94.95919799804688 -26.54275131225586 292.90789794921875 94.95919799804688 -25.83502197265625 293.90185546875 94.95919799804688 -24.96544647216797 294.7578125 94.95919799804688 -23.9604434967041 295.4497985839844 94.95919799804688 -22.850549697875977 295.95672607421875 94.95919799804688 -21.669492721557617 296.2632141113281 94.95919799804688 -21.66349983215332 298.2857666015625 92.95919799804688 -22.868104934692383 298.0453186035156 92.95919799804688 -24.02875328063965 297.64312744140625 92.95919799804688 -25.123823165893555 297.08660888671875 92.95919799804688 -26.132915496826172 296.38616943359375 92.95919799804688 -27.037233352661133 295.55487060546875 92.95919799804688 -27.819931030273438 294.608154296875 92.95919799804688 -28.466428756713867 293.5636901855469 92.95919799804688 -28.96468162536621 292.44091796875 92.95919799804688 -29.305410385131836 291.2607421875 92.95919799804688 -29.482267379760742 290.0451965332031 92.95919799804688 -29.49195671081543 288.8168640136719 92.95919799804688 -29.334299087524414 287.5986633300781 92.95919799804688 -29.012231826782227 286.41326904296875 92.95919799804688 -28.531753540039062 285.28277587890625 92.95919799804688 -27.901813507080078 284.2282409667969 92.95919799804688 -27.1341495513916 283.269287109375 92.95919799804688 -26.243059158325195 282.4237976074219 92.95919799804688 -25.245141983032227 281.7075500488281 92.95919799804688 -24.15898895263672 281.1338195800781 92.95919799804688 -23.004831314086914 280.7133483886719 92.95919799804688 -21.804168701171875 280.4539489746094 92.95919799804688 158.48605346679688 287.9481506347656 94.95919799804688 158.28546142578125 289.6973571777344 95.36819458007812 158.16783142089844 289.6749267578125 95.74774932861328 157.9822998046875 289.6395568847656 96.09078216552734 157.73777770996094 289.5929260253906 96.3873062133789 157.4417266845703 289.53643798828125 96.63032531738281 157.10523986816406 289.4722595214844 96.81071472167969 156.74090576171875 289.40277099609375 96.9217300415039 157.7889862060547 291.3817443847656 95.36819458007812 157.67799377441406 291.3367919921875 95.74774932861328 157.5029296875 291.2658996582031 96.09078216552734 157.27220153808594 291.1724548339844 96.3873062133789 156.99285888671875 291.059326171875 96.63032531738281 156.67535400390625 290.93072509765625 96.81071472167969 156.3315887451172 290.79150390625 96.9217300415039 156.97344970703125 292.9368896484375 95.36819458007812 156.87335205078125 292.87115478515625 95.74774932861328 156.71548461914062 292.7674560546875 96.09078216552734 156.50743103027344 292.63079833984375 96.3873062133789 156.25552368164062 292.4653625488281 96.63032531738281 155.96920776367188 292.27728271484375 96.81071472167969 155.65919494628906 292.07366943359375 96.9217300415039 155.87017822265625 294.3030700683594 95.36819458007812 155.7848358154297 294.21905517578125 95.74774932861328 155.6502227783203 294.0865478515625 96.09078216552734 155.47283935546875 293.9119567871094 96.3873062133789 155.25804138183594 293.7005310058594 96.63032531738281 155.013916015625 293.460205078125 96.81071472167969 154.7495880126953 293.20001220703125 96.9217300415039 154.52159118652344 295.4277648925781 95.36819458007812 154.4542694091797 295.3287048339844 95.74774932861328 154.3480987548828 295.1724853515625 96.09078216552734 154.2081756591797 294.96661376953125 96.3873062133789 154.0387725830078 294.71734619140625 96.63032531738281 153.84620666503906 294.4340515136719 96.81071472167969 153.63772583007812 294.1272888183594 96.9217300415039 152.9794921875 296.2677307128906 95.36819458007812 152.93280029296875 296.157470703125 95.74774932861328 152.859130859375 295.9835205078125 96.09078216552734 152.76206970214844 295.7543029785156 96.3873062133789 152.64454650878906 295.4767761230469 96.63032531738281 152.51095581054688 295.1613464355469 96.81071472167969 152.36631774902344 294.81982421875 96.9217300415039 151.30316162109375 296.79071044921875 95.36819458007812 151.27886962890625 296.6734619140625 95.74774932861328 151.2405548095703 296.4884948730469 96.09078216552734 151.19007873535156 296.2447509765625 96.3873062133789 151.1289520263672 295.9496154785156 96.63032531738281 151.05946350097656 295.61419677734375 96.81071472167969 150.98423767089844 295.2510070800781 96.9217300415039 149.54786682128906 295.81890869140625 96.79222869873047 149.855712890625 295.7546691894531 96.8161849975586 149.86990356445312 295.7484436035156 96.8183822631836 149.88446044921875 295.7417297363281 96.82075500488281 149.91456604003906 295.7266540527344 96.82598876953125 149.97813415527344 295.6893310546875 96.83842468261719 150.11184692382812 295.5799865722656 96.87122344970703 150.14695739746094 295.5419006347656 96.88152313232422 150.17730712890625 295.5045471191406 96.89095306396484 150.2253875732422 295.4341125488281 96.90719604492188 150.2823486328125 295.32098388671875 96.92920684814453 150.28628540039062 295.3111267089844 96.93081665039062 150.29006958007812 295.3013000488281 96.93238830566406 150.29721069335938 295.2815856933594 96.93538665771484 150.3097686767578 295.2422180175781 96.94085693359375 150.32830810546875 295.1639099121094 96.94965362548828 150.34153747558594 295.01263427734375 96.95867919921875 156.4467010498047 288.7629699707031 96.95919799804688 156.7681884765625 288.7125549316406 96.93427276611328 156.77474975585938 288.7100524902344 96.9332504272461 156.78146362304688 288.7074279785156 96.93218231201172 156.79537963867188 288.7017517089844 96.92988586425781 156.82505798339844 288.6885986328125 96.92466735839844 156.8909912109375 288.6539306640625 96.91171264648438 157.04005432128906 288.5411376953125 96.87574005126953 157.22250366210938 288.2765808105469 96.81708526611328 157.22666931152344 288.2666015625 96.8155517578125 157.2306671142578 288.256591796875 96.81407165527344 157.23825073242188 288.2365417480469 96.8112564086914 157.2516326904297 288.1962890625 96.80621337890625 157.27159118652344 288.1156921386719 96.79844665527344 157.28610229492188 287.9576416015625 96.79222869873047 149.5573272705078 297.0188903808594 94.95919799804688 149.55616760253906 296.87139892578125 95.71295928955078 149.5528564453125 296.45074462890625 96.35556030273438 157.9179229736328 287.95263671875 96.35556030273438 158.33859252929688 287.9493408203125 95.71295928955078 150.33985900878906 294.9669189453125 96.95919799804688 151.4879913330078 294.72686767578125 96.95919799804688 152.57992553710938 294.2984619140625 96.95919799804688 153.58499145507812 293.6937561035156 96.95919799804688 154.4749755859375 292.9297180175781 96.95919799804688 155.22488403320312 292.02777099609375 96.95919799804688 155.8136749267578 291.0133056640625 96.95919799804688 156.22479248046875 289.91473388671875 96.95919799804688 152.86537170410156 296.3607482910156 94.95919799804688 151.79324340820312 296.7184753417969 94.95919799804688 150.6847381591797 296.93902587890625 94.95919799804688 158.41639709472656 289.1390686035156 94.95919799804688 158.18983459472656 290.3102722167969 94.95919799804688 157.81036376953125 291.4412536621094 94.95919799804688 157.28465270996094 292.5120849609375 94.95919799804688 156.62191772460938 293.5039978027344 94.95919799804688 155.83383178710938 294.3995361328125 94.95919799804688 154.93423461914062 295.1829833984375 94.95919799804688 153.9389190673828 295.840576171875 94.95919799804688 -20.579368591308594 280.3604736328125 92.95919799804688 49.376930236816406 279.9608459472656 93.72456359863281 31.88815689086914 280.09881591796875 93.72456359863281 14.399381637573242 280.2367858886719 93.72456359863281 -3.08939266204834 280.374755859375 93.72456359863281 31.891576766967773 280.5323486328125 94.3734130859375 14.402801513671875 280.6703186035156 94.3734130859375 -3.085972547531128 280.80828857421875 94.3734130859375 31.89669418334961 281.1811828613281 94.80696105957031 14.407919883728027 281.31915283203125 94.80696105957031 -3.0808541774749756 281.45709228515625 94.80696105957031 49.39150619506836 281.8085632324219 94.95919799804688 -20.56359100341797 282.36041259765625 94.95919799804688 -20.569629669189453 281.5950622558594 94.80696105957031 -20.57474708557129 280.94622802734375 94.3734130859375 -20.578166961669922 280.5126953125 93.72456359863281 49.375728607177734 279.8086242675781 92.95919799804688 49.38035202026367 280.3943786621094 94.3734130859375 49.385467529296875 281.043212890625 94.80696105957031 37.732322692871094 281.9005432128906 94.95919799804688 26.07314109802246 281.99249267578125 94.95919799804688 14.413957595825195 282.08447265625 94.95919799804688 2.754774808883667 282.17645263671875 94.95919799804688 -8.90440845489502 282.2684326171875 94.95919799804688 -8.920185089111328 280.26849365234375 92.95919799804688 2.7389979362487793 280.176513671875 92.95919799804688 14.398180961608887 280.08453369140625 92.95919799804688 26.057363510131836 279.9925537109375 92.95919799804688 37.71654510498047 279.9006042480469 92.95919799804688 61.86533737182617 279.7100830078125 94.95919799804688 127.52904510498047 279.3443298339844 95.72456359863281 105.64154052734375 279.5169982910156 95.72456359863281 83.75403594970703 279.6896667480469 95.72456359863281 127.53246307373047 279.7778625488281 96.3734130859375 105.64495849609375 279.9505310058594 96.3734130859375 83.75746154785156 280.1231994628906 96.3734130859375 61.869956970214844 280.2958679199219 96.3734130859375 127.53758239746094 280.42669677734375 96.80696105957031 105.65007781982422 280.599365234375 96.80696105957031 83.76258087158203 280.77203369140625 96.80696105957031 61.87507629394531 280.9446716308594 96.80696105957031 61.8811149597168 281.71002197265625 96.95919799804688 148.6311492919922 281.02569580078125 96.95919799804688 134.1728057861328 281.1397399902344 96.95919799804688 119.71446990966797 281.2538146972656 96.95919799804688 105.2561264038086 281.36785888671875 96.95919799804688 90.79779052734375 281.4819030761719 96.95919799804688 76.3394546508789 281.5959777832031 96.95919799804688 61.866539001464844 279.8623352050781 95.72456359863281 76.4570083618164 279.594970703125 94.95919799804688 91.04867553710938 279.4798889160156 94.95919799804688 105.64034271240234 279.3647766113281 94.95919799804688 120.23200988769531 279.2496643066406 94.95919799804688 134.82366943359375 279.1345520019531 94.95919799804688 149.41534423828125 279.0194396972656 94.95919799804688 149.41650390625 279.1669006347656 95.71295928955078 149.41983032226562 279.58758544921875 96.35556030273438 149.4248046875 280.2193908691406 96.79222869873047 149.11685180664062 280.28369140625 96.81873321533203 149.11044311523438 280.2864685058594 96.81980895996094 149.10389709472656 280.28936767578125 96.82093048095703 149.0904083251953 280.2955627441406 96.82332611083984 149.0618896484375 280.3096923828125 96.82870483398438 148.9994354248047 280.3458557128906 96.84182739257812 148.86109924316406 280.45806884765625 96.87750244140625 148.69049072265625 280.7169494628906 96.935302734375 148.68663024902344 280.7265625 96.936767578125 148.6829071044922 280.7362060546875 96.93819427490234 148.67587280273438 280.75555419921875 96.94090270996094 148.66342163085938 280.79437255859375 96.94575500488281 148.644775390625 280.8722229003906 96.9532241821289 54.19133377075195 281.00531005859375 95.388427734375 54.28960418701172 280.35565185546875 94.96739196777344 54.440921783447266 279.9208984375 94.33726501464844 52.620140075683594 281.0177001953125 95.06826782226562 52.684608459472656 280.3683166503906 94.64034271240234 52.785335540771484 279.9339599609375 93.99991607666016 51.00807189941406 281.0304260253906 94.87239074707031 51.03786087036133 280.3813171386719 94.44025421142578 51.08668518066406 279.9473571777344 93.79351806640625 49.39150619506836 281.8085632324219 94.95919799804688 49.375728607177734 279.8086242675781 92.95919799804688 49.385467529296875 281.043212890625 94.80696105957031 49.38035202026367 280.3943786621094 94.3734130859375 49.376930236816406 279.9608459472656 93.72456359863281 56.24501419067383 279.7544250488281 94.05919647216797 56.00723648071289 279.9085388183594 94.78630065917969 55.80805969238281 280.34368896484375 95.40270233154297 55.67780685424805 280.9935607910156 95.81456756591797 55.63631057739258 281.7593078613281 95.95919799804688 54.622459411621094 281.7673034667969 95.65543365478516 53.593955993652344 281.775390625 95.40572357177734 52.55368423461914 281.7835998535156 95.21078491210938 51.50455856323242 281.7919006347656 95.0711441040039 50.44951248168945 281.8002014160156 94.9872055053711 50.5395393371582 279.7994384765625 92.99000549316406 51.70008850097656 279.790283203125 93.08233642578125 52.8541259765625 279.78118896484375 93.2359390258789 53.9984245300293 279.77215576171875 93.45037841796875 55.12977600097656 279.7632141113281 93.72505187988281 55.63631057739258 281.7593078613281 95.95919799804688 57.39141082763672 279.89764404296875 95.18311309814453 57.24009704589844 280.3323974609375 95.81324005126953 57.141822814941406 280.9820251464844 96.2342758178711 58.85447692871094 279.8860778808594 95.48123931884766 58.75374984741211 280.3204345703125 96.12167358398438 58.68927764892578 280.9698181152344 96.54959106445312 60.3556022644043 279.8742370605469 95.66363525390625 60.30677795410156 280.3081970214844 96.31037139892578 60.2769889831543 280.9573059082031 96.74251556396484 61.8811149597168 281.71002197265625 96.95919799804688 61.86533737182617 279.7100830078125 94.95919799804688 61.866539001464844 279.8623352050781 95.72456359863281 61.869956970214844 280.2958679199219 96.3734130859375 61.87507629394531 280.9446716308594 96.80696105957031 55.67780685424805 280.9935607910156 95.81456756591797 55.80805969238281 280.34368896484375 95.40270233154297 56.00723648071289 279.9085388183594 94.78630065917969 56.24501419067383 279.7544250488281 94.05919647216797 57.1574821472168 279.7472229003906 94.33258819580078 58.083133697509766 279.73992919921875 94.55732727050781 59.01937484741211 279.7325439453125 94.73277282714844 59.96358871459961 279.72509765625 94.85845184326172 60.91313171386719 279.71759033203125 94.93399047851562 60.82310485839844 281.7183837890625 96.93119049072266 59.768062591552734 281.7266845703125 96.84725189208984 58.71893310546875 281.7349853515625 96.7076187133789 57.67866516113281 281.7431945800781 96.5126724243164 56.65016174316406 281.75128173828125 96.26296997070312 151.30062866210938 296.7785339355469 79.49462890625 151.2691650390625 296.6265869140625 79.06730651855469 151.22035217285156 296.3909606933594 78.69465637207031 151.15631103515625 296.08172607421875 78.38504028320312 151.08001708984375 295.71343994140625 78.15239715576172 150.9952392578125 295.3040771484375 78.00809478759766 152.97463989257812 296.25628662109375 79.49462890625 152.91412353515625 296.1133728027344 79.06730651855469 152.82029724121094 295.8918151855469 78.69465637207031 152.6971435546875 295.60101318359375 78.38504028320312 152.55047607421875 295.2546691894531 78.15239715576172 152.387451171875 294.8697204589844 78.00809478759766 154.5146026611328 295.41748046875 79.49462890625 154.4273681640625 295.28912353515625 79.06730651855469 154.2921142578125 295.0901184082031 78.69465637207031 154.11459350585938 294.8289489746094 78.38504028320312 153.90318298339844 294.5178527832031 78.15239715576172 153.66819763183594 294.172119140625 78.00809478759766 155.86131286621094 294.2943420410156 79.49462890625 155.750732421875 294.18548583984375 79.06730651855469 155.57923889160156 294.0166931152344 78.69465637207031 155.35418701171875 293.795166015625 78.38504028320312 155.08615112304688 293.53131103515625 78.15239715576172 154.78822326660156 293.238037109375 78.00809478759766 156.9630584716797 292.9300842285156 79.49462890625 156.83335876464844 292.8448791503906 79.06730651855469 156.63223266601562 292.7127685546875 78.69465637207031 156.3682861328125 292.5393981933594 78.38504028320312 156.0539093017578 292.3329162597656 78.15239715576172 155.70449829101562 292.1034240722656 78.00809478759766 157.7774658203125 291.3770751953125 79.49462890625 157.63363647460938 291.3188171386719 79.06730651855469 157.4105987548828 291.2284851074219 78.69465637207031 157.11790466308594 291.1099548339844 78.38504028320312 156.76930236816406 290.9687805175781 78.15239715576172 156.38182067871094 290.81182861328125 78.00809478759766 158.2732391357422 289.6950378417969 79.49462890625 158.12081909179688 289.66595458984375 79.06730651855469 157.8844451904297 289.6208801269531 78.69465637207031 157.57424926757812 289.5617370605469 78.38504028320312 157.2047882080078 289.49127197265625 78.15239715576172 156.7941436767578 289.4129333496094 78.00809478759766 158.4313507080078 287.9486083984375 79.49462890625 158.27618408203125 287.9498291015625 79.06730651855469 158.0355682373047 287.95172119140625 78.69465637207031 157.71978759765625 287.9542236328125 78.38504028320312 158.24571228027344 286.2048645019531 79.49462890625 158.09376525878906 286.236328125 79.06730651855469 157.85813903808594 286.28515625 78.69465637207031 157.5489044189453 286.34918212890625 78.38504028320312 157.18060302734375 286.42547607421875 78.15239715576172 156.77125549316406 286.51025390625 78.00809478759766 157.72344970703125 284.5308532714844 79.49462890625 157.58056640625 284.59136962890625 79.06730651855469 157.35897827148438 284.6852111816406 78.69465637207031 157.0681915283203 284.808349609375 78.38504028320312 156.7218475341797 284.95501708984375 78.15239715576172 156.33689880371094 285.1180419921875 78.00809478759766 156.8846435546875 282.99090576171875 79.49462890625 156.7563018798828 283.078125 79.06730651855469 156.5572967529297 283.21337890625 78.69465637207031 156.29611206054688 283.3908996582031 78.38504028320312 155.98504638671875 283.6023254394531 78.15239715576172 155.63929748535156 283.8373107910156 78.00809478759766 155.7615203857422 281.6441955566406 79.49462890625 155.6526641845703 281.7547607421875 79.06730651855469 155.48387145996094 281.92626953125 78.69465637207031 155.2623291015625 282.15130615234375 78.38504028320312 154.9984893798828 282.4193420410156 78.15239715576172 154.70523071289062 282.71728515625 78.00809478759766 154.39724731445312 280.5424499511719 79.49462890625 154.3120574951172 280.6721496582031 79.06730651855469 154.17996215820312 280.8732604980469 78.69465637207031 154.006591796875 281.13720703125 78.38504028320312 153.80010986328125 281.45159912109375 78.15239715576172 153.5706024169922 281.8009948730469 78.00809478759766 152.84425354003906 279.72802734375 79.49462890625 152.7860107421875 279.8718566894531 79.06730651855469 152.6956787109375 280.09490966796875 78.69465637207031 152.57713317871094 280.3876037597656 78.38504028320312 152.43594360351562 280.7362060546875 78.15239715576172 152.27902221679688 281.1236877441406 78.00809478759766 151.16221618652344 279.23223876953125 79.49462890625 151.13314819335938 279.3846740722656 79.06730651855469 151.0880584716797 279.6210632324219 78.69465637207031 151.02890014648438 279.9312438964844 78.38504028320312 150.95843505859375 280.3006896972656 78.15239715576172 150.88011169433594 280.7113342285156 78.00809478759766 150.34153747558594 295.01263427734375 77.959716796875 150.28253173828125 295.3205261230469 77.98912048339844 150.28016662597656 295.3262939453125 77.9900894165039 150.2776641845703 295.3322448730469 77.9911117553711 150.27223205566406 295.3446960449219 77.99331665039062 150.25953674316406 295.3717956542969 77.9983901977539 150.2255859375 295.4338073730469 78.0111312866211 150.11231994628906 295.5794982910156 78.04703521728516 150.07713317871094 295.61322021484375 78.05669403076172 150.04209899902344 295.64300537109375 78.06558227539062 149.97421264648438 295.6918640136719 78.08106994628906 149.8558349609375 295.754638671875 78.10284423828125 149.8462371826172 295.7586669921875 78.10427856445312 149.83660888671875 295.7625427246094 78.10567474365234 149.8173065185547 295.7699279785156 78.10831451416016 149.77854919433594 295.78302001953125 78.11305236816406 149.7008514404297 295.80291748046875 78.1203384399414 149.54786682128906 295.81890869140625 78.12616729736328 150.23109436035156 281.0130615234375 77.959716796875 149.5528564453125 296.45074462890625 78.56283569335938 149.55616760253906 296.87139892578125 79.20543670654297 149.41534423828125 279.0194396972656 79.95919799804688 149.41650390625 279.1669006347656 79.20543670654297 149.41983032226562 279.58758544921875 78.56283569335938 149.4248046875 280.2193908691406 78.12616729736328 150.2301483154297 281.05877685546875 77.95919799804688 151.38192749023438 281.28070068359375 77.95919799804688 152.48048400878906 281.69183349609375 77.95919799804688 153.49496459960938 282.2806091308594 77.95919799804688 154.39688110351562 283.030517578125 77.95919799804688 155.1609344482422 283.9205017089844 77.95919799804688 155.76564025878906 284.9255676269531 77.95919799804688 156.1940460205078 286.01751708984375 77.95919799804688 157.28610229492188 287.9576416015625 78.12616729736328 157.22256469726562 288.27642822265625 78.10133361816406 157.21983337402344 288.2828063964844 78.10033416748047 157.2169647216797 288.289306640625 78.09927368164062 157.21078491210938 288.3028564453125 78.09700012207031 157.19656372070312 288.33172607421875 78.09180450439453 157.159423828125 288.3959655761719 78.07887268066406 157.0404510498047 288.540771484375 78.04277038574219 156.7686767578125 288.7123718261719 77.98419952392578 156.7584686279297 288.7161560058594 77.982666015625 156.7482452392578 288.71978759765625 77.9811782836914 156.727783203125 288.7265625 77.97834014892578 156.68679809570312 288.7383728027344 77.9732666015625 156.6051788330078 288.7550354003906 77.96544647216797 156.4467010498047 288.7629699707031 77.95919799804688 156.22479248046875 289.91473388671875 77.95919799804688 155.8136749267578 291.0133056640625 77.95919799804688 155.22488403320312 292.02777099609375 77.95919799804688 154.4749755859375 292.9297180175781 77.95919799804688 153.58499145507812 293.6937561035156 77.95919799804688 152.57992553710938 294.2984619140625 77.95919799804688 151.4879913330078 294.72686767578125 77.95919799804688 152.86537170410156 296.3607482910156 79.95919799804688 154.03912353515625 295.7826843261719 79.95919799804688 155.11666870117188 295.04052734375 79.95919799804688 156.07521057128906 294.14996337890625 79.95919799804688 156.89450073242188 293.1298522949219 79.95919799804688 157.55723571777344 292.001708984375 79.95919799804688 158.04937744140625 290.7893981933594 79.95919799804688 158.36056518554688 289.5185546875 79.95919799804688 158.48419189453125 288.21600341796875 79.95919799804688 158.4176483154297 286.9093017578125 79.95919799804688 158.16233825683594 285.6260681152344 79.95919799804688 157.7236785888672 284.3934020996094 79.95919799804688 157.11093139648438 283.23736572265625 79.95919799804688 156.3370361328125 282.182373046875 79.95919799804688 155.41835021972656 281.2507629394531 79.95919799804688 154.37429809570312 280.4621887207031 79.95919799804688 153.22694396972656 279.83331298828125 79.95919799804688 152.0005340576172 279.3774719238281 79.95919799804688 150.72097778320312 279.104248046875 79.95919799804688 149.5573272705078 297.0188903808594 79.95919799804688 150.6847381591797 296.93902587890625 79.95919799804688 151.79324340820312 296.7184753417969 79.95919799804688 149.73362731933594 280.2787780761719 78.10221862792969 149.7479248046875 280.2847900390625 78.10001373291016 149.76258850097656 280.2912902832031 78.09764099121094 149.7929229736328 280.3058776855469 78.09241485595703 149.8570556640625 280.3421936035156 78.07997131347656 149.99249267578125 280.44940185546875 78.04717254638672 150.02818298339844 280.4869079589844 78.03687286376953 150.0591278076172 280.5238037109375 78.0274429321289 150.1083221435547 280.5934753417969 78.0112075805664 150.16705322265625 280.7056884765625 77.98918914794922 150.171142578125 280.7154846191406 77.98757934570312 150.1750946044922 280.7252502441406 77.98600769042969 150.1825408935547 280.7448425292969 77.9830093383789 150.19570922851562 280.7840270996094 77.9775390625 150.21548461914062 280.86199951171875 77.96874237060547 156.43411254882812 287.1656494140625 77.95919799804688 156.7559356689453 287.2108154296875 77.98406982421875 156.76254272460938 287.2132263183594 77.9850845336914 156.76931762695312 287.2157287597656 77.98615264892578 156.7833251953125 287.22119140625 77.98844909667969 156.81321716308594 287.2338562011719 77.99365997314453 156.87965393066406 287.2674255371094 78.00659942626953 157.0302734375 287.3775329589844 78.04249572753906 157.15208435058594 287.5206604003906 78.07872009277344 157.21719360351562 287.6390686035156 78.10121154785156 157.22152709960938 287.6490173339844 78.10274505615234 157.2257080078125 287.6589660644531 78.10423278808594 157.23362731933594 287.678955078125 78.10706329345703 157.2477264404297 287.71905517578125 78.11212921142578 157.26904296875 287.79949951171875 78.11992645263672 150.33985900878906 294.9669189453125 77.95919799804688 61.99155044555664 295.7095947265625 77.95919799804688 83.88509368896484 296.3022766113281 78.11144256591797 105.77259063720703 296.1296081542969 78.11144256591797 127.66009521484375 295.9569396972656 78.11144256591797 83.89020538330078 296.95111083984375 78.54498291015625 105.7777099609375 296.7784423828125 78.54498291015625 127.66521453857422 296.60577392578125 78.54498291015625 83.89363098144531 297.3846435546875 79.19383239746094 105.7811279296875 297.21197509765625 79.19383239746094 127.66863250732422 297.039306640625 79.19383239746094 149.5573272705078 297.0188903808594 79.95919799804688 149.54786682128906 295.81890869140625 78.12616729736328 149.2389373779297 295.7594909667969 78.09966278076172 149.23248291015625 295.7568359375 78.09859466552734 149.22589111328125 295.7540283203125 78.09746551513672 149.21231079101562 295.748046875 78.0950698852539 149.18356323242188 295.734375 78.08969116210938 149.1205596923828 295.69921875 78.07657623291016 148.98045349121094 295.58917236328125 78.0408935546875 148.8057861328125 295.3330078125 77.98310089111328 148.80177307128906 295.3234558105469 77.98162841796875 148.79791259765625 295.3138732910156 77.9802017211914 148.7905731201172 295.2946472167969 77.97749328613281 148.77749633789062 295.25604248046875 77.97264099121094 148.75762939453125 295.1784973144531 77.96517181396484 148.7415771484375 295.0252685546875 77.95919799804688 149.55616760253906 296.87139892578125 79.20543670654297 149.5528564453125 296.45074462890625 78.56283569335938 134.2832489013672 295.1393127441406 77.95919799804688 119.82490539550781 295.25335693359375 77.95919799804688 105.36656951904297 295.367431640625 77.95919799804688 90.9082260131836 295.4814758300781 77.95919799804688 76.44989013671875 295.5955505371094 77.95919799804688 61.997589111328125 296.4749450683594 78.11144256591797 62.002708435058594 297.1237487792969 78.54498291015625 62.006126403808594 297.5572814941406 79.19383239746094 62.007328033447266 297.70953369140625 79.95919799804688 76.5989990234375 297.59442138671875 79.95919799804688 91.19066619873047 297.47930908203125 79.95919799804688 105.78233337402344 297.36419677734375 79.95919799804688 120.3740005493164 297.24908447265625 79.95919799804688 134.96566772460938 297.1340026855469 79.95919799804688 61.8811149597168 281.71002197265625 77.95919799804688 127.53758239746094 280.42669677734375 78.11144256591797 105.65007781982422 280.599365234375 78.11144256591797 83.76258087158203 280.77203369140625 78.11144256591797 127.53246307373047 279.7778625488281 78.54498291015625 105.64495849609375 279.9505310058594 78.54498291015625 83.75746154785156 280.1231994628906 78.54498291015625 127.52904510498047 279.3443298339844 79.19383239746094 105.64154052734375 279.5169982910156 79.19383239746094 83.75403594970703 279.6896667480469 79.19383239746094 61.866539001464844 279.8623352050781 79.19383239746094 149.4248046875 280.2193908691406 78.12616729736328 149.41983032226562 279.58758544921875 78.56283569335938 149.41650390625 279.1669006347656 79.20543670654297 149.41534423828125 279.0194396972656 79.95919799804688 134.82366943359375 279.1345520019531 79.95919799804688 120.23200988769531 279.2496643066406 79.95919799804688 105.64034271240234 279.3647766113281 79.95919799804688 91.04867553710938 279.4798889160156 79.95919799804688 76.4570083618164 279.594970703125 79.95919799804688 61.86533737182617 279.7100830078125 79.95919799804688 61.869956970214844 280.2958679199219 78.54498291015625 61.87507629394531 280.9446716308594 78.11144256591797 76.3394546508789 281.5959777832031 77.95919799804688 90.79779052734375 281.4819030761719 77.95919799804688 105.2561264038086 281.36785888671875 77.95919799804688 119.71446990966797 281.2538146972656 77.95919799804688 134.1728057861328 281.1397399902344 77.95919799804688 148.6311492919922 281.02569580078125 77.95919799804688 148.69068908691406 280.7164611816406 77.9831771850586 148.6934051513672 280.70989990234375 77.98421478271484 148.69625854492188 280.70318603515625 77.98529815673828 148.70233154296875 280.6894226074219 77.98761749267578 148.7161865234375 280.660400390625 77.99285888671875 148.75160217285156 280.5971984863281 78.0057144165039 148.86122131347656 280.45794677734375 78.04093170166016 148.8985137939453 280.4224548339844 78.05158996582031 148.93519592285156 280.3916320800781 78.06131744384766 149.004638671875 280.342529296875 78.07803344726562 149.11721801757812 280.2835388183594 78.10045623779297 149.12689208984375 280.27947998046875 78.10203552246094 149.13656616210938 280.27557373046875 78.10356903076172 149.15599060058594 280.2681884765625 78.10648345947266 149.19491577148438 280.2550354003906 78.11170959472656 149.27272033691406 280.2352294921875 78.11974334716797 56.38700485229492 297.7538757324219 80.85919952392578 57.531002044677734 297.59259033203125 79.73528289794922 57.37284469604492 297.1602783203125 79.10516357421875 57.26433563232422 296.51226806640625 78.68412780761719 58.99406814575195 297.5810546875 79.4371566772461 58.88650131225586 297.1483459472656 78.7967300415039 58.811790466308594 296.50006103515625 78.36880493164062 60.49518966674805 297.5692138671875 79.2547607421875 60.43952941894531 297.1361083984375 78.60802459716797 60.39950180053711 296.487548828125 78.17588806152344 62.002708435058594 297.1237487792969 78.54498291015625 61.99155044555664 295.7095947265625 77.95919799804688 62.007328033447266 297.70953369140625 79.95919799804688 62.006126403808594 297.5572814941406 79.19383239746094 61.997589111328125 296.4749450683594 78.11144256591797 55.74674606323242 295.75885009765625 78.95919799804688 55.80031967163086 296.5238342285156 79.10382843017578 55.94081115722656 297.17156982421875 79.51569366455078 56.146827697753906 297.603515625 80.1321029663086 57.29947280883789 297.7466735839844 80.58580780029297 58.22512435913086 297.7393798828125 80.36107635498047 59.1613655090332 297.73199462890625 80.18562316894531 60.1055793762207 297.72454833984375 80.05995178222656 61.05512237548828 297.717041015625 79.98440551757812 60.93354415893555 295.7179260253906 77.9872055053711 59.87849807739258 295.72625732421875 78.0711441040039 58.82937240600586 295.7345275878906 78.21078491210938 57.789100646972656 295.74273681640625 78.40572357177734 56.76060104370117 295.7508544921875 78.65543365478516 61.869956970214844 280.2958679199219 78.54498291015625 61.8811149597168 281.71002197265625 77.95919799804688 60.32356643676758 279.87451171875 79.25737762451172 60.27363586425781 280.3084411621094 78.61072540283203 60.243106842041016 280.9575500488281 78.17864990234375 58.85409927368164 279.8860778808594 79.43722534179688 58.75335693359375 280.3204345703125 78.79679107666016 58.688880920410156 280.9698181152344 78.36886596679688 57.417083740234375 279.8974304199219 79.72900390625 57.26665496826172 280.3321838378906 79.0986557006836 57.168975830078125 280.9818115234375 78.67747497558594 56.24501419067383 279.7544250488281 80.85919952392578 61.87507629394531 280.9446716308594 78.11144256591797 61.866539001464844 279.8623352050781 79.19383239746094 56.00723648071289 279.9085388183594 80.1321029663086 55.80805969238281 280.34368896484375 79.51569366455078 55.67780685424805 280.9935607910156 79.10382843017578 61.86533737182617 279.7100830078125 79.95919799804688 60.91313171386719 279.71759033203125 79.98440551757812 59.96358871459961 279.72509765625 80.05995178222656 59.01937484741211 279.7325439453125 80.18562316894531 58.083133697509766 279.73992919921875 80.36107635498047 57.1574821472168 279.7472229003906 80.58580780029297 55.63631057739258 281.7593078613281 78.95919799804688 56.65016174316406 281.75128173828125 78.65543365478516 57.67866516113281 281.7431945800781 78.40572357177734 58.71893310546875 281.7349853515625 78.21078491210938 59.768062591552734 281.7266845703125 78.0711441040039 60.82310485839844 281.7183837890625 77.9872055053711 55.74674606323242 295.75885009765625 78.95919799804688 54.313846588134766 296.5355529785156 79.52996826171875 54.42235565185547 297.1835632324219 79.95100402832031 54.580509185791016 297.6158752441406 80.58113098144531 52.742652893066406 296.5479431152344 79.85012817382812 52.817359924316406 297.19622802734375 80.2780532836914 52.9249267578125 297.6289367675781 80.91848754882812 51.130584716796875 296.5606689453125 80.04600524902344 51.17061233520508 297.209228515625 80.47814178466797 51.22627639770508 297.642333984375 81.12488555908203 49.50798034667969 296.5734558105469 80.11144256591797 49.51771926879883 297.80804443359375 81.95919799804688 56.38700485229492 297.7538757324219 80.85919952392578 56.146827697753906 297.603515625 80.1321029663086 55.94081115722656 297.17156982421875 79.51569366455078 55.80031967163086 296.5238342285156 79.10382843017578 49.50194549560547 295.80810546875 79.95919799804688 49.513099670410156 297.2222900390625 80.54498291015625 49.51652145385742 297.65582275390625 81.19383239746094 50.6815299987793 297.79888916015625 81.92839050292969 51.842079162597656 297.78973388671875 81.8360595703125 52.996116638183594 297.7806091308594 81.68245697021484 54.14041519165039 297.7716064453125 81.468017578125 55.271766662597656 297.7626647949219 81.19334411621094 54.73289489746094 295.766845703125 79.26296997070312 53.70439529418945 295.77496337890625 79.5126724243164 52.66412353515625 295.7831726074219 79.7076187133789 51.61499786376953 295.79144287109375 79.84725189208984 50.55995178222656 295.7997741699219 79.93119049072266 49.39150619506836 281.8085632324219 79.95919799804688 49.38035202026367 280.3943786621094 80.54498291015625 49.375728607177734 279.8086242675781 81.95919799804688 51.04247283935547 281.0301513671875 80.04319763183594 51.073001861572266 280.38104248046875 80.47527313232422 51.1229362487793 279.94708251953125 81.1219253540039 52.62054443359375 281.0177001953125 79.85005950927734 52.68502426147461 280.3683166503906 80.27798461914062 52.7857666015625 279.9339599609375 80.91841888427734 54.16376495361328 281.0055236816406 79.5367202758789 54.261444091796875 280.35589599609375 79.95790100097656 54.41187286376953 279.921142578125 80.58824157714844 55.63631057739258 281.7593078613281 78.95919799804688 55.67780685424805 280.9935607910156 79.10382843017578 55.80805969238281 280.34368896484375 79.51569366455078 56.00723648071289 279.9085388183594 80.1321029663086 49.376930236816406 279.9608459472656 81.19383239746094 49.385467529296875 281.043212890625 80.11144256591797 50.44951248168945 281.8002014160156 79.93119049072266 51.50455856323242 281.7919006347656 79.84725189208984 52.55368423461914 281.7835998535156 79.7076187133789 53.593955993652344 281.775390625 79.5126724243164 54.622459411621094 281.7673034667969 79.26296997070312 56.24501419067383 279.7544250488281 80.85919952392578 55.12977600097656 279.7632141113281 81.19334411621094 53.9984245300293 279.77215576171875 81.468017578125 52.8541259765625 279.78118896484375 81.68245697021484 51.70008850097656 279.790283203125 81.8360595703125 50.5395393371582 279.7994384765625 81.92839050292969 49.51771926879883 297.80804443359375 81.95919799804688 -20.437376022338867 298.35992431640625 81.95919799804688 32.02774429321289 297.7937927246094 81.19383239746094 14.538970947265625 297.9317626953125 81.19383239746094 -2.949803352355957 298.0697021484375 81.19383239746094 32.02432632446289 297.3602600097656 80.54498291015625 14.535551071166992 297.49822998046875 80.54498291015625 -2.95322322845459 297.63616943359375 80.54498291015625 32.01920700073242 296.71142578125 80.11144256591797 14.53043270111084 296.8493957519531 80.11144256591797 -2.958341598510742 296.98736572265625 80.11144256591797 -20.453153610229492 296.3599853515625 79.95919799804688 49.51652145385742 297.65582275390625 81.19383239746094 49.513099670410156 297.2222900390625 80.54498291015625 49.50798034667969 296.5734558105469 80.11144256591797 -20.44711685180664 297.12530517578125 80.11144256591797 -20.441997528076172 297.7741394042969 80.54498291015625 -20.43857765197754 298.2076721191406 81.19383239746094 -8.778193473815918 298.2679443359375 81.95919799804688 2.8809890747070312 298.17596435546875 81.95919799804688 14.540172576904297 298.083984375 81.95919799804688 26.19935417175293 297.99200439453125 81.95919799804688 37.85853958129883 297.9000244140625 81.95919799804688 49.50194549560547 295.80810546875 79.95919799804688 37.8427619934082 295.90008544921875 79.95919799804688 26.183578491210938 295.9920654296875 79.95919799804688 14.524394989013672 296.08404541015625 79.95919799804688 2.8652124404907227 296.176025390625 79.95919799804688 -8.793971061706543 296.26800537109375 79.95919799804688 49.375728607177734 279.8086242675781 81.95919799804688 -3.08939266204834 280.374755859375 81.19383239746094 14.399381637573242 280.2367858886719 81.19383239746094 31.88815689086914 280.09881591796875 81.19383239746094 -3.085972547531128 280.80828857421875 80.54498291015625 14.402801513671875 280.6703186035156 80.54498291015625 31.891576766967773 280.5323486328125 80.54498291015625 -3.0808541774749756 281.45709228515625 80.11144256591797 14.407919883728027 281.31915283203125 80.11144256591797 31.89669418334961 281.1811828613281 80.11144256591797 -20.56359100341797 282.36041259765625 79.95919799804688 49.39150619506836 281.8085632324219 79.95919799804688 49.385467529296875 281.043212890625 80.11144256591797 49.38035202026367 280.3943786621094 80.54498291015625 49.376930236816406 279.9608459472656 81.19383239746094 -20.579368591308594 280.3604736328125 81.95919799804688 -20.578166961669922 280.5126953125 81.19383239746094 -20.57474708557129 280.94622802734375 80.54498291015625 -20.569629669189453 281.5950622558594 80.11144256591797 -8.90440845489502 282.2684326171875 79.95919799804688 2.754774808883667 282.17645263671875 79.95919799804688 14.413957595825195 282.08447265625 79.95919799804688 26.07314109802246 281.99249267578125 79.95919799804688 37.732322692871094 281.9005432128906 79.95919799804688 37.71654510498047 279.9006042480469 81.95919799804688 26.057363510131836 279.9925537109375 81.95919799804688 14.398180961608887 280.08453369140625 81.95919799804688 2.7389979362487793 280.176513671875 81.95919799804688 -8.920185089111328 280.26849365234375 81.95919799804688 -20.453153610229492 296.3599853515625 79.95919799804688 -20.44711685180664 297.12530517578125 80.11144256591797 -20.441997528076172 297.7741394042969 80.54498291015625 -20.43857765197754 298.2076721191406 81.19383239746094 -21.963193893432617 296.9880676269531 80.11144256591797 -22.084753036499023 297.62542724609375 80.54498291015625 -22.165977478027344 298.0513000488281 81.19383239746094 -23.423364639282227 296.55767822265625 80.11144256591797 -23.666929244995117 297.1590576171875 80.54498291015625 -23.829675674438477 297.5609130859375 81.19383239746094 -24.771512985229492 295.8506774902344 80.11144256591797 -25.12772560119629 296.39300537109375 80.54498291015625 -25.365737915039062 296.75537109375 81.19383239746094 -25.955829620361328 294.894287109375 80.11144256591797 -26.411001205444336 295.356689453125 80.54498291015625 -26.71513557434082 295.6656494140625 81.19383239746094 -26.930805206298828 293.7251892089844 80.11144256591797 -27.46744155883789 294.08990478515625 80.54498291015625 -27.82600975036621 294.3336181640625 81.19383239746094 -27.658971786499023 292.38836669921875 80.11144256591797 -28.256450653076172 292.6413879394531 80.54498291015625 -28.655672073364258 292.8104553222656 81.19383239746094 -28.112342834472656 290.9351806640625 80.11144256591797 -28.747703552246094 291.0667724609375 80.54498291015625 -29.172237396240234 291.1546936035156 81.19383239746094 -28.27349853515625 289.42144775390625 80.11144256591797 -28.92232322692871 289.42657470703125 80.54498291015625 -29.35585594177246 289.42999267578125 81.19383239746094 -28.13624382019043 287.9053649902344 80.11144256591797 -28.773601531982422 287.7838134765625 80.54498291015625 -29.19947052001953 287.70257568359375 81.19383239746094 -27.705854415893555 286.4451904296875 80.11144256591797 -28.3072509765625 286.2016296386719 80.54498291015625 -28.709091186523438 286.03887939453125 81.19383239746094 -26.998870849609375 285.0970458984375 80.11144256591797 -27.54119300842285 284.7408447265625 80.54498291015625 -27.903562545776367 284.5028076171875 81.19383239746094 -26.04245948791504 283.9127197265625 80.11144256591797 -26.50486946105957 283.4575500488281 80.54498291015625 -26.813840866088867 283.1534118652344 81.19383239746094 -24.873376846313477 282.937744140625 80.11144256591797 -25.238101959228516 282.401123046875 80.54498291015625 -25.48180389404297 282.04254150390625 81.19383239746094 -23.536550521850586 282.2095947265625 80.11144256591797 -23.789573669433594 281.61212158203125 80.54498291015625 -23.95863914489746 281.212890625 81.19383239746094 -22.08335304260254 281.7562255859375 80.11144256591797 -22.21495246887207 281.120849609375 80.54498291015625 -22.302885055541992 280.6963195800781 81.19383239746094 -20.437376022338867 298.35992431640625 81.95919799804688 -20.43857765197754 298.2076721191406 81.19383239746094 -20.441997528076172 297.7741394042969 80.54498291015625 -20.44711685180664 297.12530517578125 80.11144256591797 -20.56359100341797 282.36041259765625 79.95919799804688 -20.569629669189453 281.5950622558594 80.11144256591797 -20.57474708557129 280.94622802734375 80.54498291015625 -20.578166961669922 280.5126953125 81.19383239746094 -21.669492721557617 296.2632141113281 79.95919799804688 -22.850549697875977 295.95672607421875 79.95919799804688 -23.9604434967041 295.4497985839844 79.95919799804688 -24.96544647216797 294.7578125 79.95919799804688 -25.83502197265625 293.90185546875 79.95919799804688 -26.54275131225586 292.90789794921875 79.95919799804688 -27.06713104248047 291.80615234375 79.95919799804688 -27.392223358154297 290.63006591796875 79.95919799804688 -27.508153915405273 289.4154052734375 79.95919799804688 -27.411401748657227 288.1990661621094 79.95919799804688 -27.104902267456055 287.01800537109375 79.95919799804688 -26.597970962524414 285.9081115722656 79.95919799804688 -25.906009674072266 284.9031066894531 79.95919799804688 -25.050045013427734 284.0335388183594 79.95919799804688 -24.05608367919922 283.3258056640625 79.95919799804688 -22.954328536987305 282.8014221191406 79.95919799804688 -21.77825164794922 282.4763488769531 79.95919799804688 -29.508092880249023 289.4311828613281 81.95919799804688 -29.421831130981445 290.60528564453125 81.95919799804688 -29.183059692382812 291.758056640625 81.95919799804688 -28.795860290527344 292.86981201171875 81.95919799804688 -28.266860961914062 293.9215393066406 81.95919799804688 -27.60511016845703 294.89520263671875 81.95919799804688 -26.82193374633789 295.7741394042969 81.95919799804688 -25.93073081970215 296.5433654785156 81.95919799804688 -24.946748733520508 297.1896667480469 81.95919799804688 -23.886825561523438 297.7020263671875 81.95919799804688 -22.769094467163086 298.0716247558594 81.95919799804688 -21.61268424987793 298.29217529296875 81.95919799804688 -20.579368591308594 280.3604736328125 81.95919799804688 -21.753459930419922 280.44671630859375 81.95919799804688 -22.906248092651367 280.6855163574219 81.95919799804688 -24.018007278442383 281.07269287109375 81.95919799804688 -25.06971549987793 281.6017150878906 81.95919799804688 -26.043378829956055 282.2634582519531 81.95919799804688 -26.92233657836914 283.046630859375 81.95919799804688 -27.69154930114746 283.9378356933594 81.95919799804688 -28.33785629272461 284.92181396484375 81.95919799804688 -28.85019874572754 285.98175048828125 81.95919799804688 -29.21980857849121 287.0994567871094 81.95919799804688 -29.440364837646484 288.2558898925781 81.95919799804688 54.18867492675781 285.27081298828125 95.5362777709961 54.21628189086914 288.7707214355469 95.5362777709961 54.243892669677734 292.2705993652344 95.5362777709961 52.62934875488281 285.2831115722656 95.21853637695312 52.656959533691406 288.78302001953125 95.21853637695312 52.684566497802734 292.28289794921875 95.21853637695312 51.02946090698242 285.2957458496094 95.02413940429688 51.057071685791016 288.7956237792969 95.02413940429688 51.084678649902344 292.2955322265625 95.02413940429688 49.50194549560547 295.80810546875 94.95919799804688 50.55995178222656 295.7997741699219 94.9872055053711 51.61499786376953 295.79144287109375 95.0711441040039 52.66412353515625 295.7831726074219 95.21078491210938 53.70439529418945 295.77496337890625 95.40572357177734 54.73289489746094 295.766845703125 95.65543365478516 55.63631057739258 281.7593078613281 95.95919799804688 54.622459411621094 281.7673034667969 95.65543365478516 53.593955993652344 281.775390625 95.40572357177734 52.55368423461914 281.7835998535156 95.21078491210938 51.50455856323242 281.7919006347656 95.0711441040039 50.44951248168945 281.8002014160156 94.9872055053711 55.74674606323242 295.75885009765625 95.95919799804688 55.72834014892578 293.42559814453125 95.95919799804688 55.70993423461914 291.09234619140625 95.95919799804688 55.6915283203125 288.7590637207031 95.95919799804688 55.67312240600586 286.4258117675781 95.95919799804688 55.65471649169922 284.0925598144531 95.95919799804688 49.39150619506836 281.8085632324219 94.95919799804688 49.409912109375 284.1418151855469 94.95919799804688 49.42831802368164 286.4750671386719 94.95919799804688 49.44672393798828 288.808349609375 94.95919799804688 49.46512985229492 291.1416015625 94.95919799804688 49.48353958129883 293.474853515625 94.95919799804688 49.50194549560547 295.80810546875 79.95919799804688 51.063602447509766 285.29547119140625 79.89147186279297 51.09121322631836 288.7953796386719 79.89147186279297 51.11882019042969 292.2952575683594 79.89147186279297 52.62975311279297 285.2831115722656 79.69979858398438 52.65736389160156 288.78302001953125 79.69979858398438 52.68497085571289 292.28289794921875 79.69979858398438 54.16131591796875 285.2710266113281 79.3888168334961 54.18892288208008 288.77093505859375 79.3888168334961 54.21653366088867 292.27081298828125 79.3888168334961 55.74674606323242 295.75885009765625 78.95919799804688 54.73289489746094 295.766845703125 79.26296997070312 53.70439529418945 295.77496337890625 79.5126724243164 52.66412353515625 295.7831726074219 79.7076187133789 51.61499786376953 295.79144287109375 79.84725189208984 50.55995178222656 295.7997741699219 79.93119049072266 49.39150619506836 281.8085632324219 79.95919799804688 50.44951248168945 281.8002014160156 79.93119049072266 51.50455856323242 281.7919006347656 79.84725189208984 52.55368423461914 281.7835998535156 79.7076187133789 53.593955993652344 281.775390625 79.5126724243164 54.622459411621094 281.7673034667969 79.26296997070312 55.63631057739258 281.7593078613281 78.95919799804688 55.65471649169922 284.0925598144531 78.95919799804688 55.67312240600586 286.4258117675781 78.95919799804688 55.6915283203125 288.7590637207031 78.95919799804688 55.70993423461914 291.09234619140625 78.95919799804688 55.72834014892578 293.42559814453125 78.95919799804688 49.48353958129883 293.474853515625 79.95919799804688 49.46512985229492 291.1416015625 79.95919799804688 49.44672393798828 288.808349609375 79.95919799804688 49.42831802368164 286.4750671386719 79.95919799804688 49.409912109375 284.1418151855469 79.95919799804688 55.63631057739258 281.7593078613281 95.95919799804688 57.139163970947266 285.24755859375 96.38211822509766 57.16677474975586 288.7474365234375 96.38211822509766 57.19438552856445 292.247314453125 96.38211822509766 58.698490142822266 285.2352600097656 96.69985961914062 58.72610092163086 288.7351379394531 96.69985961914062 58.75370788574219 292.2350158691406 96.69985961914062 60.298377990722656 285.2226257324219 96.89425659179688 60.32598876953125 288.7225036621094 96.89425659179688 60.35359573364258 292.222412109375 96.89425659179688 61.99155044555664 295.7095947265625 96.95919799804688 60.93354415893555 295.7179260253906 96.93119049072266 59.87849807739258 295.72625732421875 96.84725189208984 58.82937240600586 295.7345275878906 96.7076187133789 57.789100646972656 295.74273681640625 96.5126724243164 56.76060104370117 295.7508544921875 96.26296997070312 56.65016174316406 281.75128173828125 96.26296997070312 57.67866516113281 281.7431945800781 96.5126724243164 58.71893310546875 281.7349853515625 96.7076187133789 59.768062591552734 281.7266845703125 96.84725189208984 60.82310485839844 281.7183837890625 96.93119049072266 55.74674606323242 295.75885009765625 95.95919799804688 55.72834014892578 293.42559814453125 95.95919799804688 55.70993423461914 291.09234619140625 95.95919799804688 55.6915283203125 288.7590637207031 95.95919799804688 55.67312240600586 286.4258117675781 95.95919799804688 55.65471649169922 284.0925598144531 95.95919799804688 61.8811149597168 281.71002197265625 96.95919799804688 61.89952087402344 284.0433044433594 96.95919799804688 61.91792678833008 286.3765563964844 96.95919799804688 61.93633270263672 288.7098083496094 96.95919799804688 61.95473861694336 291.0430603027344 96.95919799804688 61.97314453125 293.3763427734375 96.95919799804688 61.99155044555664 295.7095947265625 77.95919799804688 60.26423645019531 285.222900390625 78.02692413330078 60.291847229003906 288.7227783203125 78.02692413330078 60.319454193115234 292.2226867675781 78.02692413330078 58.69808578491211 285.2352600097656 78.2186050415039 58.7256965637207 288.7351379394531 78.2186050415039 58.75330352783203 292.2350158691406 78.2186050415039 57.16652297973633 285.2473449707031 78.52957916259766 57.19413375854492 288.7472229003906 78.52957916259766 57.221744537353516 292.2471008300781 78.52957916259766 55.63631057739258 281.7593078613281 78.95919799804688 55.74674606323242 295.75885009765625 78.95919799804688 56.76060104370117 295.7508544921875 78.65543365478516 57.789100646972656 295.74273681640625 78.40572357177734 58.82937240600586 295.7345275878906 78.21078491210938 59.87849807739258 295.72625732421875 78.0711441040039 60.93354415893555 295.7179260253906 77.9872055053711 61.8811149597168 281.71002197265625 77.95919799804688 60.82310485839844 281.7183837890625 77.9872055053711 59.768062591552734 281.7266845703125 78.0711441040039 58.71893310546875 281.7349853515625 78.21078491210938 57.67866516113281 281.7431945800781 78.40572357177734 56.65016174316406 281.75128173828125 78.65543365478516 55.65471649169922 284.0925598144531 78.95919799804688 55.67312240600586 286.4258117675781 78.95919799804688 55.6915283203125 288.7590637207031 78.95919799804688 55.70993423461914 291.09234619140625 78.95919799804688 55.72834014892578 293.42559814453125 78.95919799804688 61.97314453125 293.3763427734375 77.95919799804688 61.95473861694336 291.0430603027344 77.95919799804688 61.93633270263672 288.7098083496094 77.95919799804688 61.91792678833008 286.3765563964844 77.95919799804688 61.89952087402344 284.0433044433594 77.95919799804688 61.99155044555664 295.7095947265625 77.95919799804688 61.8811149597168 281.71002197265625 77.95919799804688 156.4467010498047 288.7629699707031 77.95919799804688 156.06536865234375 288.64434814453125 77.95919799804688 155.78887939453125 288.3561706542969 77.95919799804688 155.68614196777344 287.9702453613281 77.95919799804688 150.2301483154297 281.05877685546875 77.95919799804688 150.1074981689453 281.44659423828125 77.95919799804688 149.80999755859375 281.7239685058594 77.95919799804688 149.41456604003906 281.8192138671875 77.95919799804688 149.02340698242188 281.70770263671875 77.95919799804688 148.73764038085938 281.4182434082031 77.95919799804688 143.28652954101562 288.06805419921875 77.95919799804688 143.21005249023438 288.4158020019531 77.95919799804688 142.99026489257812 288.6958923339844 77.95919799804688 142.67071533203125 288.8529052734375 77.95919799804688 142.314697265625 288.855712890625 77.95919799804688 141.99270629882812 288.7037658691406 77.95919799804688 141.76853942871094 288.4271545410156 77.95919799804688 141.68658447265625 288.0806884765625 77.95919799804688 156.43411254882812 287.1656494140625 77.95919799804688 156.1940460205078 286.01751708984375 77.95919799804688 155.76564025878906 284.9255676269531 77.95919799804688 155.1609344482422 283.9205017089844 77.95919799804688 154.39688110351562 283.030517578125 77.95919799804688 153.49496459960938 282.2806091308594 77.95919799804688 152.48048400878906 281.69183349609375 77.95919799804688 151.38192749023438 281.28070068359375 77.95919799804688 150.33985900878906 294.9669189453125 77.95919799804688 151.4879913330078 294.72686767578125 77.95919799804688 152.57992553710938 294.2984619140625 77.95919799804688 153.58499145507812 293.6937561035156 77.95919799804688 154.4749755859375 292.9297180175781 77.95919799804688 155.22488403320312 292.02777099609375 77.95919799804688 155.8136749267578 291.0133056640625 77.95919799804688 156.22479248046875 289.91473388671875 77.95919799804688 76.44989013671875 295.5955505371094 77.95919799804688 90.9082260131836 295.4814758300781 77.95919799804688 105.36656951904297 295.367431640625 77.95919799804688 119.82490539550781 295.25335693359375 77.95919799804688 134.2832489013672 295.1393127441406 77.95919799804688 148.6311492919922 281.02569580078125 77.95919799804688 134.1728057861328 281.1397399902344 77.95919799804688 119.71446990966797 281.2538146972656 77.95919799804688 105.2561264038086 281.36785888671875 77.95919799804688 90.79779052734375 281.4819030761719 77.95919799804688 76.3394546508789 281.5959777832031 77.95919799804688 61.89952087402344 284.0433044433594 77.95919799804688 61.91792678833008 286.3765563964844 77.95919799804688 61.93633270263672 288.7098083496094 77.95919799804688 61.95473861694336 291.0430603027344 77.95919799804688 61.97314453125 293.3763427734375 77.95919799804688 154.9861602783203 287.97576904296875 77.95919799804688 154.80999755859375 289.4007263183594 77.95919799804688 154.27102661132812 290.73150634765625 77.95919799804688 153.40599060058594 291.87744140625 77.95919799804688 152.27381896972656 292.7604675292969 77.95919799804688 150.9517059326172 293.32037353515625 77.95919799804688 149.52972412109375 293.51898193359375 77.95919799804688 148.1047821044922 293.3428039550781 77.95919799804688 146.7740020751953 292.8038330078125 77.95919799804688 145.6280517578125 291.9388122558594 77.95919799804688 144.7450408935547 290.806640625 77.95919799804688 144.1851348876953 289.4845275878906 77.95919799804688 143.98651123046875 288.06256103515625 77.95919799804688 144.3033447265625 286.1788635253906 77.95919799804688 145.24533081054688 284.5171813964844 77.95919799804688 146.6988525390625 283.2778625488281 77.95919799804688 148.4885711669922 282.61041259765625 77.95919799804688 150.39865112304688 282.5953674316406 77.95919799804688 152.1986846923828 283.2344665527344 77.95919799804688 153.67156982421875 284.4507141113281 77.95919799804688 154.6396484375 286.09735107421875 77.95919799804688 141.7630615234375 287.73297119140625 77.95919799804688 141.98284912109375 287.452880859375 77.95919799804688 142.30239868164062 287.2958679199219 77.95919799804688 142.65841674804688 287.2930603027344 77.95919799804688 142.9803924560547 287.44500732421875 77.95919799804688 143.20457458496094 287.7215881347656 77.95919799804688 155.78277587890625 287.582763671875 77.95919799804688 156.0546875 287.2902526855469 77.95919799804688 148.7415771484375 295.0252685546875 77.95919799804688 148.8418731689453 294.6310729980469 77.95919799804688 149.12303161621094 294.337158203125 77.95919799804688 149.51239013671875 294.219482421875 77.95919799804688 149.90927124023438 294.3084716796875 77.95919799804688 150.2111053466797 294.58111572265625 77.95919799804688 -29.508092880249023 289.4311828613281 83.95919799804688 -20.437376022338867 298.35992431640625 81.95919799804688 -21.61268424987793 298.29217529296875 81.95919799804688 -22.769094467163086 298.0716247558594 81.95919799804688 -23.886825561523438 297.7020263671875 81.95919799804688 -24.946748733520508 297.1896667480469 81.95919799804688 -25.93073081970215 296.5433654785156 81.95919799804688 -26.82193374633789 295.7741394042969 81.95919799804688 -27.60511016845703 294.89520263671875 81.95919799804688 -28.266860961914062 293.9215393066406 81.95919799804688 -28.795860290527344 292.86981201171875 81.95919799804688 -29.183059692382812 291.758056640625 81.95919799804688 -29.421831130981445 290.60528564453125 81.95919799804688 -29.508092880249023 289.4311828613281 81.95919799804688 -29.508092880249023 289.4311828613281 82.95919799804688 -29.406383514404297 290.71124267578125 83.95919799804688 -29.123538970947266 291.9638366699219 83.95919799804688 -28.665313720703125 293.16339111328125 83.95919799804688 -28.041034698486328 294.2855224609375 83.95919799804688 -27.26341438293457 295.3074035644531 83.95919799804688 -26.34827995300293 296.2082214355469 83.95919799804688 -25.31426239013672 296.9696044921875 83.95919799804688 -24.182411193847656 297.57611083984375 83.95919799804688 -22.975767135620117 298.0153503417969 83.95919799804688 -21.71889305114746 298.2784118652344 83.95919799804688 -20.437376022338867 298.35992431640625 83.95919799804688 -20.437376022338867 298.35992431640625 82.95919799804688 -29.321313858032227 291.1855773925781 82.95919799804688 -27.951923370361328 294.419189453125 82.95919799804688 -26.82193374633789 295.7741394042969 82.95919799804688 -25.449317932128906 296.88262939453125 82.95919799804688 -23.886825561523438 297.7020263671875 82.95919799804688 -22.194499969482422 298.2008361816406 82.95919799804688 -20.437376022338867 298.35992431640625 90.95919799804688 -20.579368591308594 280.3604736328125 92.95919799804688 -21.804168701171875 280.4539489746094 92.95919799804688 -23.004831314086914 280.7133483886719 92.95919799804688 -24.15898895263672 281.1338195800781 92.95919799804688 -25.245141983032227 281.7075500488281 92.95919799804688 -26.243059158325195 282.4237976074219 92.95919799804688 -27.1341495513916 283.269287109375 92.95919799804688 -27.901813507080078 284.2282409667969 92.95919799804688 -28.531753540039062 285.28277587890625 92.95919799804688 -29.012231826782227 286.41326904296875 92.95919799804688 -29.334299087524414 287.5986633300781 92.95919799804688 -29.49195671081543 288.8168640136719 92.95919799804688 -29.482267379760742 290.0451965332031 92.95919799804688 -29.305410385131836 291.2607421875 92.95919799804688 -28.96468162536621 292.44091796875 92.95919799804688 -28.466428756713867 293.5636901855469 92.95919799804688 -27.819931030273438 294.608154296875 92.95919799804688 -27.037233352661133 295.55487060546875 92.95919799804688 -26.132915496826172 296.38616943359375 92.95919799804688 -25.123823165893555 297.08660888671875 92.95919799804688 -24.02875328063965 297.64312744140625 92.95919799804688 -22.868104934692383 298.0453186035156 92.95919799804688 -21.66349983215332 298.2857666015625 92.95919799804688 -20.579368591308594 280.3604736328125 90.95919799804688 -20.579368591308594 280.3604736328125 91.95919799804688 -20.437376022338867 298.35992431640625 92.95919799804688 -20.437376022338867 298.35992431640625 91.95919799804688 -21.91965103149414 298.24884033203125 90.95919799804688 -23.363428115844727 297.89532470703125 90.95919799804688 -24.729326248168945 297.3089904785156 90.95919799804688 -25.98008918762207 296.5058288574219 90.95919799804688 -27.08159828186035 295.5077819824219 90.95919799804688 -28.00380516052246 294.3420104980469 90.95919799804688 -28.7215576171875 293.04034423828125 90.95919799804688 -29.215274810791016 291.6383056640625 90.95919799804688 -29.47149085998535 290.17413330078125 90.95919799804688 -29.483217239379883 288.687744140625 90.95919799804688 -29.250131607055664 287.2197265625 90.95919799804688 -28.778594970703125 285.81005859375 90.95919799804688 -28.081466674804688 284.49725341796875 90.95919799804688 -27.177764892578125 283.31707763671875 90.95919799804688 -26.092140197753906 282.3017578125 90.95919799804688 -24.854204177856445 281.4789733886719 90.95919799804688 -23.497726440429688 280.87115478515625 90.95919799804688 -22.05970573425293 280.4949035644531 90.95919799804688 149.41534423828125 279.0194396972656 94.95919799804688 44.418609619140625 279.84771728515625 89.95919799804688 44.369667053222656 279.8481140136719 90.26821899414062 44.22763442993164 279.8492431640625 90.54698181152344 44.00640869140625 279.8509826660156 90.76821899414062 43.7276496887207 279.8531799316406 90.9102554321289 43.41864013671875 279.8556213378906 90.95919799804688 43.41864013671875 279.8556213378906 83.95919799804688 43.7276496887207 279.8531799316406 84.00814056396484 44.00640869140625 279.8509826660156 84.15018463134766 44.22763442993164 279.8492431640625 84.37141418457031 44.369667053222656 279.8481140136719 84.65018463134766 44.418609619140625 279.84771728515625 84.95919799804688 -20.579368591308594 280.3604736328125 92.95919799804688 -8.920185089111328 280.26849365234375 92.95919799804688 2.7389979362487793 280.176513671875 92.95919799804688 14.398180961608887 280.08453369140625 92.95919799804688 26.057363510131836 279.9925537109375 92.95919799804688 37.71654510498047 279.9006042480469 92.95919799804688 49.375728607177734 279.8086242675781 92.95919799804688 61.86533737182617 279.7100830078125 94.95919799804688 76.4570083618164 279.594970703125 94.95919799804688 91.04867553710938 279.4798889160156 94.95919799804688 105.64034271240234 279.3647766113281 94.95919799804688 120.23200988769531 279.2496643066406 94.95919799804688 134.82366943359375 279.1345520019531 94.95919799804688 50.5395393371582 279.7994384765625 92.99000549316406 51.70008850097656 279.790283203125 93.08233642578125 52.8541259765625 279.78118896484375 93.2359390258789 53.9984245300293 279.77215576171875 93.45037841796875 55.12977600097656 279.7632141113281 93.72505187988281 56.24501419067383 279.7544250488281 94.05919647216797 57.1574821472168 279.7472229003906 94.33258819580078 58.083133697509766 279.73992919921875 94.55732727050781 59.01937484741211 279.7325439453125 94.73277282714844 59.96358871459961 279.72509765625 94.85845184326172 60.91313171386719 279.71759033203125 94.93399047851562 149.41534423828125 279.0194396972656 79.95919799804688 134.82366943359375 279.1345520019531 79.95919799804688 120.23200988769531 279.2496643066406 79.95919799804688 105.64034271240234 279.3647766113281 79.95919799804688 91.04867553710938 279.4798889160156 79.95919799804688 76.4570083618164 279.594970703125 79.95919799804688 61.86533737182617 279.7100830078125 79.95919799804688 60.91313171386719 279.71759033203125 79.98440551757812 59.96358871459961 279.72509765625 80.05995178222656 59.01937484741211 279.7325439453125 80.18562316894531 58.083133697509766 279.73992919921875 80.36107635498047 57.1574821472168 279.7472229003906 80.58580780029297 56.24501419067383 279.7544250488281 80.85919952392578 55.12977600097656 279.7632141113281 81.19334411621094 53.9984245300293 279.77215576171875 81.468017578125 52.8541259765625 279.78118896484375 81.68245697021484 51.70008850097656 279.790283203125 81.8360595703125 50.5395393371582 279.7994384765625 81.92839050292969 49.375728607177734 279.8086242675781 81.95919799804688 37.71654510498047 279.9006042480469 81.95919799804688 26.057363510131836 279.9925537109375 81.95919799804688 14.398180961608887 280.08453369140625 81.95919799804688 2.7389979362487793 280.176513671875 81.95919799804688 -8.920185089111328 280.26849365234375 81.95919799804688 -20.579368591308594 280.3604736328125 90.95919799804688 -20.579368591308594 280.3604736328125 91.95919799804688 149.41534423828125 279.0194396972656 89.95919799804688 149.41534423828125 279.0194396972656 84.95919799804688 -20.579368591308594 280.3604736328125 83.95919799804688 -20.579368591308594 280.3604736328125 81.95919799804688 -20.579368591308594 280.3604736328125 82.95919799804688 44.418609619140625 279.84771728515625 84.95919799804688 44.56060028076172 297.84716796875 84.95919799804688 44.56060028076172 297.84716796875 89.95919799804688 44.43438720703125 281.84765625 84.95919799804688 44.455421447753906 284.5142517089844 84.95919799804688 44.47645950317383 287.1808166503906 84.95919799804688 44.497493743896484 289.847412109375 84.95919799804688 44.51852798461914 292.5140075683594 84.95919799804688 44.53956604003906 295.1805725097656 84.95919799804688 44.53956604003906 295.1805725097656 89.95919799804688 44.51852798461914 292.5140075683594 89.95919799804688 44.497493743896484 289.847412109375 89.95919799804688 44.47645950317383 287.1808166503906 89.95919799804688 44.455421447753906 284.5142517089844 89.95919799804688 44.43438720703125 281.84765625 89.95919799804688 44.43175506591797 281.51434326171875 89.95919799804688 44.42912673950195 281.1809997558594 89.95919799804688 44.42649841308594 280.8476867675781 89.95919799804688 44.42387008666992 280.5143737792969 89.95919799804688 44.42123794555664 280.1810607910156 89.95919799804688 44.42123794555664 280.1810607910156 84.95919799804688 44.42387008666992 280.5143737792969 84.95919799804688 44.42649841308594 280.8476867675781 84.95919799804688 44.42912673950195 281.1809997558594 84.95919799804688 44.43175506591797 281.51434326171875 84.95919799804688 44.418609619140625 279.84771728515625 89.95919799804688 149.5573272705078 297.0188903808594 94.95919799804688 47.643795013427734 297.8228454589844 82.38101959228516 47.236324310302734 297.8260498046875 82.43155670166016 46.88351058959961 297.8288269042969 82.64158630371094 46.644832611083984 297.8307189941406 82.97569274902344 46.56053924560547 297.8313903808594 83.37754821777344 46.56053924560547 297.8313903808594 91.54084777832031 46.63665771484375 297.8307800292969 91.92353057861328 46.853424072265625 297.8290710449219 92.24795532226562 47.17783737182617 297.8265075683594 92.46472930908203 47.560508728027344 297.823486328125 92.54084777832031 44.56060028076172 297.84716796875 84.95919799804688 44.48448181152344 297.8477783203125 84.5765151977539 44.26771545410156 297.8494873046875 84.25209045410156 43.943302154541016 297.8520202636719 84.03531646728516 43.560630798339844 297.85504150390625 83.95919799804688 43.560630798339844 297.85504150390625 90.95919799804688 43.943302154541016 297.8520202636719 90.8830795288086 44.26771545410156 297.8494873046875 90.66630554199219 44.48448181152344 297.8477783203125 90.34188079833984 44.56060028076172 297.84716796875 89.95919799804688 62.007328033447266 297.70953369140625 80.45919799804688 59.240421295166016 297.7313537597656 80.67933654785156 56.54312515258789 297.75262451171875 81.33419799804688 54.24547576904297 297.770751953125 81.95685577392578 51.89490509033203 297.789306640625 82.33325958251953 49.51771926879883 297.80804443359375 82.45919799804688 56.54312515258789 297.75262451171875 93.58419799804688 59.240421295166016 297.7313537597656 94.23906707763672 62.007328033447266 297.70953369140625 94.45919799804688 47.643795013427734 297.8228454589844 92.5373764038086 49.8968505859375 297.8050537109375 92.46239471435547 52.14609909057617 297.7873229980469 92.6132583618164 54.368961334228516 297.769775390625 92.98844909667969 56.38700485229492 297.7538757324219 94.05919647216797 55.271766662597656 297.7626647949219 93.72505187988281 54.14041519165039 297.7716064453125 93.45037841796875 52.996116638183594 297.7806091308594 93.2359390258789 51.842079162597656 297.78973388671875 93.08233642578125 50.6815299987793 297.79888916015625 92.99000549316406 49.51771926879883 297.80804443359375 92.95919799804688 62.007328033447266 297.70953369140625 94.95919799804688 61.05512237548828 297.717041015625 94.93399047851562 60.1055793762207 297.72454833984375 94.85845184326172 59.1613655090332 297.73199462890625 94.73277282714844 58.22512435913086 297.7393798828125 94.55732727050781 57.29947280883789 297.7466735839844 94.33258819580078 37.85853958129883 297.9000244140625 92.95919799804688 26.19935417175293 297.99200439453125 92.95919799804688 14.540172576904297 298.083984375 92.95919799804688 2.8809890747070312 298.17596435546875 92.95919799804688 -8.778193473815918 298.2679443359375 92.95919799804688 134.96566772460938 297.1340026855469 94.95919799804688 120.3740005493164 297.24908447265625 94.95919799804688 105.78233337402344 297.36419677734375 94.95919799804688 91.19066619873047 297.47930908203125 94.95919799804688 76.5989990234375 297.59442138671875 94.95919799804688 62.007328033447266 297.70953369140625 79.95919799804688 76.5989990234375 297.59442138671875 79.95919799804688 91.19066619873047 297.47930908203125 79.95919799804688 105.78233337402344 297.36419677734375 79.95919799804688 120.3740005493164 297.24908447265625 79.95919799804688 134.96566772460938 297.1340026855469 79.95919799804688 56.38700485229492 297.7538757324219 80.85919952392578 57.29947280883789 297.7466735839844 80.58580780029297 58.22512435913086 297.7393798828125 80.36107635498047 59.1613655090332 297.73199462890625 80.18562316894531 60.1055793762207 297.72454833984375 80.05995178222656 61.05512237548828 297.717041015625 79.98440551757812 49.51771926879883 297.80804443359375 81.95919799804688 50.6815299987793 297.79888916015625 81.92839050292969 51.842079162597656 297.78973388671875 81.8360595703125 52.996116638183594 297.7806091308594 81.68245697021484 54.14041519165039 297.7716064453125 81.468017578125 55.271766662597656 297.7626647949219 81.19334411621094 -20.437376022338867 298.35992431640625 81.95919799804688 -8.778193473815918 298.2679443359375 81.95919799804688 2.8809890747070312 298.17596435546875 81.95919799804688 14.540172576904297 298.083984375 81.95919799804688 26.19935417175293 297.99200439453125 81.95919799804688 37.85853958129883 297.9000244140625 81.95919799804688 -20.437376022338867 298.35992431640625 83.95919799804688 -20.437376022338867 298.35992431640625 82.95919799804688 -20.437376022338867 298.35992431640625 92.95919799804688 -20.437376022338867 298.35992431640625 91.95919799804688 149.5573272705078 297.0188903808594 80.45919799804688 149.5573272705078 297.0188903808594 79.95919799804688 149.5573272705078 297.0188903808594 94.45919799804688 -20.437376022338867 298.35992431640625 90.95919799804688 3.2408885955810547 289.1728515625 79.95919799804688 3.408555269241333 290.56231689453125 79.95919799804688 3.8812055587768555 291.879638671875 79.95919799804688 4.635138988494873 293.05877685546875 79.95919799804688 5.632550239562988 294.0405578613281 79.95919799804688 6.82342529296875 294.77581787109375 79.95919799804688 8.148048400878906 295.2276306152344 79.95919799804688 9.539997100830078 295.37335205078125 79.95919799804688 10.929472923278809 295.2056884765625 79.95919799804688 12.246803283691406 294.7330322265625 79.95919799804688 13.42593002319336 293.9790954589844 79.95919799804688 14.40772819519043 292.981689453125 79.95919799804688 15.142966270446777 291.7908020019531 79.95919799804688 15.594775199890137 290.4661865234375 79.95919799804688 15.740499496459961 289.0742492675781 79.95919799804688 -26.7581787109375 289.40948486328125 79.95919799804688 -26.590511322021484 290.7989807128906 79.95919799804688 -26.117860794067383 292.1163024902344 79.95919799804688 -25.363927841186523 293.2954406738281 79.95919799804688 -24.36651611328125 294.2772216796875 79.95919799804688 -23.175642013549805 295.012451171875 79.95919799804688 -21.85101890563965 295.4642639160156 79.95919799804688 -20.459070205688477 295.6099853515625 79.95919799804688 -19.06959342956543 295.44232177734375 79.95919799804688 -17.75226402282715 294.96966552734375 79.95919799804688 -16.573135375976562 294.21575927734375 79.95919799804688 -15.591338157653809 293.21832275390625 79.95919799804688 -14.856101036071777 292.0274658203125 79.95919799804688 -14.404292106628418 290.7028503417969 79.95919799804688 -14.258566856384277 289.3108825683594 79.95919799804688 49.50194549560547 295.80810546875 79.95919799804688 37.8427619934082 295.90008544921875 79.95919799804688 26.183578491210938 295.9920654296875 79.95919799804688 14.524394989013672 296.08404541015625 79.95919799804688 2.8652124404907227 296.176025390625 79.95919799804688 -8.793971061706543 296.26800537109375 79.95919799804688 -20.453153610229492 296.3599853515625 79.95919799804688 -20.56359100341797 282.36041259765625 79.95919799804688 -8.90440845489502 282.2684326171875 79.95919799804688 2.754774808883667 282.17645263671875 79.95919799804688 14.413957595825195 282.08447265625 79.95919799804688 26.07314109802246 281.99249267578125 79.95919799804688 37.732322692871094 281.9005432128906 79.95919799804688 -21.669492721557617 296.2632141113281 79.95919799804688 -22.850549697875977 295.95672607421875 79.95919799804688 -23.9604434967041 295.4497985839844 79.95919799804688 -24.96544647216797 294.7578125 79.95919799804688 -25.83502197265625 293.90185546875 79.95919799804688 -26.54275131225586 292.90789794921875 79.95919799804688 -27.06713104248047 291.80615234375 79.95919799804688 -27.392223358154297 290.63006591796875 79.95919799804688 -27.508153915405273 289.4154052734375 79.95919799804688 -27.411401748657227 288.1990661621094 79.95919799804688 -27.104902267456055 287.01800537109375 79.95919799804688 -26.597970962524414 285.9081115722656 79.95919799804688 -25.906009674072266 284.9031066894531 79.95919799804688 -25.050045013427734 284.0335388183594 79.95919799804688 -24.05608367919922 283.3258056640625 79.95919799804688 -22.954328536987305 282.8014221191406 79.95919799804688 -21.77825164794922 282.4763488769531 79.95919799804688 49.39150619506836 281.8085632324219 79.95919799804688 49.409912109375 284.1418151855469 79.95919799804688 49.42831802368164 286.4750671386719 79.95919799804688 49.44672393798828 288.808349609375 79.95919799804688 49.46512985229492 291.1416015625 79.95919799804688 49.48353958129883 293.474853515625 79.95919799804688 -14.426233291625977 287.9214172363281 79.95919799804688 -14.898883819580078 286.60406494140625 79.95919799804688 -15.652817726135254 285.4249572753906 79.95919799804688 -16.65022850036621 284.4431457519531 79.95919799804688 -17.841102600097656 283.7079162597656 79.95919799804688 -19.165725708007812 283.256103515625 79.95919799804688 -20.557674407958984 283.1103820800781 79.95919799804688 -21.94715118408203 283.2780456542969 79.95919799804688 -23.264480590820312 283.7507019042969 79.95919799804688 -24.4436092376709 284.504638671875 79.95919799804688 -25.42540740966797 285.5020446777344 79.95919799804688 -26.16064453125 286.69293212890625 79.95919799804688 -26.61245346069336 288.0175476074219 79.95919799804688 15.572833061218262 287.68475341796875 79.95919799804688 15.10018253326416 286.367431640625 79.95919799804688 14.3462495803833 285.18829345703125 79.95919799804688 13.348837852478027 284.2065124511719 79.95919799804688 12.157962799072266 283.47125244140625 79.95919799804688 10.833340644836426 283.01947021484375 79.95919799804688 9.441391944885254 282.87371826171875 79.95919799804688 8.051915168762207 283.0414123535156 79.95919799804688 6.734585285186768 283.5140380859375 79.95919799804688 5.555458068847656 284.2679748535156 79.95919799804688 4.573659896850586 285.265380859375 79.95919799804688 3.8384225368499756 286.4562683105469 79.95919799804688 3.386613607406616 287.7808837890625 79.95919799804688 -26.7581787109375 289.40948486328125 94.95919799804688 -26.642704010009766 290.5570373535156 94.95919799804688 -26.31833267211914 291.6638488769531 94.95919799804688 -25.796110153198242 292.69219970703125 94.95919799804688 -25.09381866455078 293.6070861816406 94.95919799804688 -24.23537826538086 294.3773498535156 94.95919799804688 -23.250017166137695 294.9767761230469 94.95919799804688 -22.171293258666992 295.3849182128906 94.95919799804688 -21.035940170288086 295.587890625 94.95919799804688 -19.88262176513672 295.57879638671875 94.95919799804688 -18.750612258911133 295.35791015625 94.95919799804688 -17.6784610748291 294.93280029296875 94.95919799804688 -16.702678680419922 294.31793212890625 94.95919799804688 -15.85649585723877 293.5342102050781 94.95919799804688 -15.168725967407227 292.6083679199219 94.95919799804688 -14.662792205810547 291.5718994140625 94.95919799804688 -14.35592269897461 290.4601135253906 94.95919799804688 -14.258566856384277 289.3108825683594 94.95919799804688 3.2408885955810547 289.1728515625 94.95919799804688 3.356362819671631 290.3204040527344 94.95919799804688 3.680734157562256 291.4272155761719 94.95919799804688 4.202956676483154 292.45556640625 94.95919799804688 4.905247211456299 293.3704528808594 94.95919799804688 5.763689041137695 294.14068603515625 94.95919799804688 6.749050140380859 294.7401123046875 94.95919799804688 7.8277740478515625 295.14825439453125 94.95919799804688 8.963127136230469 295.3512268066406 94.95919799804688 10.116445541381836 295.3421325683594 94.95919799804688 11.248455047607422 295.12127685546875 94.95919799804688 12.320606231689453 294.6961669921875 94.95919799804688 13.296387672424316 294.0812683105469 94.95919799804688 14.142571449279785 293.2975769042969 94.95919799804688 14.830340385437012 292.3717041015625 94.95919799804688 15.336274147033691 291.33526611328125 94.95919799804688 15.643144607543945 290.2234802246094 94.95919799804688 15.740499496459961 289.0742492675781 94.95919799804688 49.50194549560547 295.80810546875 94.95919799804688 37.8427619934082 295.90008544921875 94.95919799804688 26.183578491210938 295.9920654296875 94.95919799804688 14.524394989013672 296.08404541015625 94.95919799804688 2.8652124404907227 296.176025390625 94.95919799804688 -8.793971061706543 296.26800537109375 94.95919799804688 -20.453153610229492 296.3599853515625 94.95919799804688 -21.669492721557617 296.2632141113281 94.95919799804688 -22.850549697875977 295.95672607421875 94.95919799804688 -23.9604434967041 295.4497985839844 94.95919799804688 -24.96544647216797 294.7578125 94.95919799804688 -25.83502197265625 293.90185546875 94.95919799804688 -26.54275131225586 292.90789794921875 94.95919799804688 -27.06713104248047 291.80615234375 94.95919799804688 -27.392223358154297 290.63006591796875 94.95919799804688 -27.508153915405273 289.4154052734375 94.95919799804688 -27.411401748657227 288.1990661621094 94.95919799804688 -27.104902267456055 287.01800537109375 94.95919799804688 -26.597970962524414 285.9081115722656 94.95919799804688 -25.906009674072266 284.9031066894531 94.95919799804688 -25.050045013427734 284.0335388183594 94.95919799804688 -24.05608367919922 283.3258056640625 94.95919799804688 -22.954328536987305 282.8014221191406 94.95919799804688 -21.77825164794922 282.4763488769531 94.95919799804688 -20.56359100341797 282.36041259765625 94.95919799804688 -8.90440845489502 282.2684326171875 94.95919799804688 2.754774808883667 282.17645263671875 94.95919799804688 14.413957595825195 282.08447265625 94.95919799804688 26.07314109802246 281.99249267578125 94.95919799804688 37.732322692871094 281.9005432128906 94.95919799804688 49.39150619506836 281.8085632324219 94.95919799804688 49.409912109375 284.1418151855469 94.95919799804688 49.42831802368164 286.4750671386719 94.95919799804688 49.44672393798828 288.808349609375 94.95919799804688 49.46512985229492 291.1416015625 94.95919799804688 49.48353958129883 293.474853515625 94.95919799804688 15.625025749206543 287.9266662597656 94.95919799804688 15.300654411315918 286.81988525390625 94.95919799804688 14.77843189239502 285.7915344238281 94.95919799804688 14.076141357421875 284.87664794921875 94.95919799804688 13.21769905090332 284.10638427734375 94.95919799804688 12.232338905334473 283.5069580078125 94.95919799804688 11.153614044189453 283.09881591796875 94.95919799804688 10.018260955810547 282.8958435058594 94.95919799804688 8.86494255065918 282.9049377441406 94.95919799804688 7.732933521270752 283.12579345703125 94.95919799804688 6.660782337188721 283.5509033203125 94.95919799804688 5.685000419616699 284.1658020019531 94.95919799804688 4.838817119598389 284.9494934082031 94.95919799804688 4.151048183441162 285.8753662109375 94.95919799804688 3.645113945007324 286.9118347167969 94.95919799804688 3.3382441997528076 288.0235900878906 94.95919799804688 -14.374040603637695 288.163330078125 94.95919799804688 -14.69841194152832 287.0565185546875 94.95919799804688 -15.220635414123535 286.0281677246094 94.95919799804688 -15.922924995422363 285.11328125 94.95919799804688 -16.781368255615234 284.343017578125 94.95919799804688 -17.766727447509766 283.7436218261719 94.95919799804688 -18.8454532623291 283.3354797363281 94.95919799804688 -19.980804443359375 283.13250732421875 94.95919799804688 -21.134124755859375 283.1416015625 94.95919799804688 -22.266132354736328 283.3624572753906 94.95919799804688 -23.33828353881836 283.7875671386719 94.95919799804688 -24.31406593322754 284.4024353027344 94.95919799804688 -25.160249710083008 285.1861572265625 94.95919799804688 -25.848018646240234 286.11199951171875 94.95919799804688 -26.353952407836914 287.1484680175781 94.95919799804688 -26.66082191467285 288.26025390625 94.95919799804688 144.98648071289062 288.0546569824219 92.95919799804688 145.34259033203125 289.77398681640625 92.95919799804688 146.32955932617188 291.22613525390625 92.95919799804688 147.797119140625 292.1900634765625 92.95919799804688 149.52183532714844 292.5190124511719 92.95919799804688 151.24114990234375 292.16290283203125 92.95919799804688 152.6933135986328 291.1759338378906 92.95919799804688 153.65725708007812 289.7083740234375 92.95919799804688 153.98619079589844 287.9836730957031 92.95919799804688 154.9861602783203 287.97576904296875 92.95919799804688 154.66932678222656 289.85943603515625 92.95919799804688 153.7273406982422 291.5211486816406 92.95919799804688 152.27381896972656 292.7604675292969 92.95919799804688 150.48410034179688 293.4278869628906 92.95919799804688 148.57403564453125 293.4429626464844 92.95919799804688 146.7740020751953 292.8038330078125 92.95919799804688 145.30111694335938 291.5876159667969 92.95919799804688 144.33302307128906 289.94097900390625 92.95919799804688 143.98651123046875 288.06256103515625 92.95919799804688 144.16268920898438 286.6376037597656 92.95919799804688 144.70166015625 285.30682373046875 92.95919799804688 145.5666961669922 284.1608581542969 92.95919799804688 146.6988525390625 283.2778625488281 92.95919799804688 148.02096557617188 282.71795654296875 92.95919799804688 149.4429473876953 282.5193176269531 92.95919799804688 150.86788940429688 282.69549560546875 92.95919799804688 152.1986846923828 283.2344665527344 92.95919799804688 153.34461975097656 284.0995178222656 92.95919799804688 154.22763061523438 285.2316589355469 92.95919799804688 154.78753662109375 286.5538024902344 92.95919799804688 153.6300811767578 286.26434326171875 92.95919799804688 152.6431121826172 284.8121643066406 92.95919799804688 151.17556762695312 283.8482360839844 92.95919799804688 149.45083618164062 283.519287109375 92.95919799804688 147.7315216064453 283.87542724609375 92.95919799804688 146.27935791015625 284.86236572265625 92.95919799804688 145.3154296875 286.3299255371094 92.95919799804688 153.98619079589844 287.9836730957031 81.95919799804688 153.65725708007812 289.7083740234375 81.95919799804688 152.6933135986328 291.1759338378906 81.95919799804688 151.24114990234375 292.16290283203125 81.95919799804688 149.52183532714844 292.5190124511719 81.95919799804688 147.797119140625 292.1900634765625 81.95919799804688 146.32955932617188 291.22613525390625 81.95919799804688 145.34259033203125 289.77398681640625 81.95919799804688 144.98648071289062 288.0546569824219 81.95919799804688 143.98651123046875 288.06256103515625 81.95919799804688 144.1851348876953 289.4845275878906 81.95919799804688 144.7450408935547 290.806640625 81.95919799804688 145.6280517578125 291.9388122558594 81.95919799804688 146.7740020751953 292.8038330078125 81.95919799804688 148.1047821044922 293.3428039550781 81.95919799804688 149.52972412109375 293.51898193359375 81.95919799804688 150.9517059326172 293.32037353515625 81.95919799804688 152.27381896972656 292.7604675292969 81.95919799804688 153.40599060058594 291.87744140625 81.95919799804688 154.27102661132812 290.73150634765625 81.95919799804688 154.80999755859375 289.4007263183594 81.95919799804688 154.9861602783203 287.97576904296875 81.95919799804688 154.6396484375 286.09735107421875 81.95919799804688 153.67156982421875 284.4507141113281 81.95919799804688 152.1986846923828 283.2344665527344 81.95919799804688 150.39865112304688 282.5953674316406 81.95919799804688 148.4885711669922 282.61041259765625 81.95919799804688 146.6988525390625 283.2778625488281 81.95919799804688 145.24533081054688 284.5171813964844 81.95919799804688 144.3033447265625 286.1788635253906 81.95919799804688 145.3154296875 286.3299255371094 81.95919799804688 146.27935791015625 284.86236572265625 81.95919799804688 147.7315216064453 283.87542724609375 81.95919799804688 149.45083618164062 283.519287109375 81.95919799804688 151.17556762695312 283.8482360839844 81.95919799804688 152.6431121826172 284.8121643066406 81.95919799804688 153.6300811767578 286.26434326171875 81.95919799804688 144.98648071289062 288.0546569824219 92.95919799804688 153.98619079589844 287.9836730957031 81.95919799804688 153.98619079589844 287.9836730957031 92.95919799804688 153.98619079589844 287.9836730957031 89.29253387451172 153.98619079589844 287.9836730957031 85.62586212158203 145.34259033203125 289.77398681640625 92.95919799804688 146.32955932617188 291.22613525390625 92.95919799804688 147.797119140625 292.1900634765625 92.95919799804688 149.52183532714844 292.5190124511719 92.95919799804688 151.24114990234375 292.16290283203125 92.95919799804688 152.6933135986328 291.1759338378906 92.95919799804688 153.65725708007812 289.7083740234375 92.95919799804688 144.98648071289062 288.0546569824219 81.95919799804688 144.98648071289062 288.0546569824219 85.62586212158203 144.98648071289062 288.0546569824219 89.29253387451172 153.65725708007812 289.7083740234375 81.95919799804688 152.6933135986328 291.1759338378906 81.95919799804688 151.24114990234375 292.16290283203125 81.95919799804688 149.52183532714844 292.5190124511719 81.95919799804688 147.797119140625 292.1900634765625 81.95919799804688 146.32955932617188 291.22613525390625 81.95919799804688 145.34259033203125 289.77398681640625 81.95919799804688 145.34259033203125 289.77398681640625 87.45919799804688 147.797119140625 292.1900634765625 87.45919799804688 149.52183532714844 292.5190124511719 87.45919799804688 151.24114990234375 292.16290283203125 87.45919799804688 152.6933135986328 291.1759338378906 87.45919799804688 153.65725708007812 289.7083740234375 87.45919799804688 152.86537170410156 296.3607482910156 94.95919799804688 152.86537170410156 296.3607482910156 79.95919799804688 157.8279266357422 284.64013671875 87.45919799804688 156.46560668945312 282.33673095703125 87.45919799804688 149.41534423828125 279.0194396972656 79.95919799804688 156.46560668945312 282.33673095703125 91.20919799804688 157.2328643798828 283.4375305175781 87.45919799804688 157.8279266357422 284.64013671875 91.20919799804688 157.2328643798828 283.4375305175781 91.20919799804688 156.46560668945312 282.33673095703125 83.70919799804688 157.8279266357422 284.64013671875 83.70919799804688 157.2328643798828 283.4375305175781 83.70919799804688 149.41534423828125 279.0194396972656 94.95919799804688 149.41534423828125 279.0194396972656 89.95919799804688 149.41534423828125 279.0194396972656 84.95919799804688 153.9389190673828 295.840576171875 94.95919799804688 154.93423461914062 295.1829833984375 94.95919799804688 155.83383178710938 294.3995361328125 94.95919799804688 156.62191772460938 293.5039978027344 94.95919799804688 157.28465270996094 292.5120849609375 94.95919799804688 157.81036376953125 291.4412536621094 94.95919799804688 158.18983459472656 290.3102722167969 94.95919799804688 158.41639709472656 289.1390686035156 94.95919799804688 158.48605346679688 287.9481506347656 94.95919799804688 158.3843536376953 286.6680908203125 94.95919799804688 158.10150146484375 285.41552734375 94.95919799804688 157.64328002929688 284.2159729003906 94.95919799804688 157.0189971923828 283.09381103515625 94.95919799804688 156.2413787841797 282.0719299316406 94.95919799804688 155.3262481689453 281.171142578125 94.95919799804688 154.292236328125 280.40972900390625 94.95919799804688 153.16036987304688 279.80322265625 94.95919799804688 151.9537353515625 279.3639831542969 94.95919799804688 150.6968536376953 279.1009521484375 94.95919799804688 150.72097778320312 279.104248046875 79.95919799804688 152.0005340576172 279.3774719238281 79.95919799804688 153.22694396972656 279.83331298828125 79.95919799804688 154.37429809570312 280.4621887207031 79.95919799804688 155.41835021972656 281.2507629394531 79.95919799804688 156.3370361328125 282.182373046875 79.95919799804688 157.11093139648438 283.23736572265625 79.95919799804688 157.7236785888672 284.3934020996094 79.95919799804688 158.16233825683594 285.6260681152344 79.95919799804688 158.4176483154297 286.9093017578125 79.95919799804688 158.48419189453125 288.21600341796875 79.95919799804688 158.36056518554688 289.5185546875 79.95919799804688 158.04937744140625 290.7893981933594 79.95919799804688 157.55723571777344 292.001708984375 79.95919799804688 156.89450073242188 293.1298522949219 79.95919799804688 156.07521057128906 294.14996337890625 79.95919799804688 155.11666870117188 295.04052734375 79.95919799804688 154.03912353515625 295.7826843261719 79.95919799804688 152.86537170410156 296.3607482910156 84.95919799804688 152.86537170410156 296.3607482910156 89.95919799804688 154.4278106689453 295.541259765625 87.45919799804688 156.93023681640625 293.0776672363281 87.45919799804688 157.77406311035156 291.5282287597656 87.45919799804688 158.29940795898438 289.84393310546875 87.45919799804688 158.48606872558594 288.08953857421875 87.45919799804688 158.3268585205078 286.3324279785156 87.45919799804688 154.4862060546875 280.5357666015625 87.45919799804688 153.3180694580078 279.8755798339844 87.45919799804688 152.06475830078125 279.39642333984375 87.45919799804688 150.75413513183594 279.1089172363281 87.45919799804688 152.86537170410156 296.3607482910156 94.95919799804688 152.86537170410156 296.3607482910156 79.95919799804688 140.4866180419922 288.09014892578125 80.45919799804688 140.4866180419922 288.09014892578125 85.12586212158203 140.4866180419922 288.09014892578125 89.79253387451172 140.4866180419922 288.09014892578125 94.45919799804688 149.5573272705078 297.0188903808594 79.95919799804688 149.5573272705078 297.0188903808594 80.45919799804688 149.5573272705078 297.0188903808594 94.45919799804688 149.5573272705078 297.0188903808594 94.95919799804688 140.8116455078125 290.4170227050781 94.45919799804688 141.72784423828125 292.58050537109375 94.45919799804688 143.1727752685547 294.4331359863281 94.45919799804688 145.04795837402344 295.8486328125 94.45919799804688 147.22561645507812 296.7305908203125 94.45919799804688 150.6847381591797 296.93902587890625 94.95919799804688 151.79324340820312 296.7184753417969 94.95919799804688 151.79324340820312 296.7184753417969 79.95919799804688 150.6847381591797 296.93902587890625 79.95919799804688 147.22561645507812 296.7305908203125 80.45919799804688 145.04795837402344 295.8486328125 80.45919799804688 143.1727752685547 294.4331359863281 80.45919799804688 141.72784423828125 292.58050537109375 80.45919799804688 140.8116455078125 290.4170227050781 80.45919799804688 152.86537170410156 296.3607482910156 89.95919799804688 152.86537170410156 296.3607482910156 84.95919799804688 140.65933227539062 289.7752685546875 87.45919799804688 141.96424865722656 292.96063232421875 87.45919799804688 144.42784118652344 295.46307373046875 87.45919799804688 143.07281494140625 294.3331604003906 87.45919799804688 145.97727966308594 296.306884765625 87.45919799804688 147.66156005859375 296.83221435546875 87.45919799804688 149.4159698486328 297.0188903808594 87.45919799804688 151.17308044433594 296.85968017578125 87.45919799804688 154.9861602783203 287.97576904296875 92.95919799804688 143.98651123046875 288.06256103515625 96.95919799804688 143.98651123046875 288.06256103515625 92.95919799804688 143.98651123046875 288.06256103515625 94.29253387451172 143.98651123046875 288.06256103515625 95.62586212158203 154.66932678222656 289.85943603515625 92.95919799804688 153.7273406982422 291.5211486816406 92.95919799804688 152.27381896972656 292.7604675292969 92.95919799804688 150.48410034179688 293.4278869628906 92.95919799804688 148.57403564453125 293.4429626464844 92.95919799804688 146.7740020751953 292.8038330078125 92.95919799804688 145.30111694335938 291.5876159667969 92.95919799804688 144.33302307128906 289.94097900390625 92.95919799804688 154.9861602783203 287.97576904296875 96.95919799804688 154.9861602783203 287.97576904296875 95.62586212158203 154.9861602783203 287.97576904296875 94.29253387451172 144.33302307128906 289.94097900390625 96.95919799804688 145.30111694335938 291.5876159667969 96.95919799804688 146.7740020751953 292.8038330078125 96.95919799804688 148.57403564453125 293.4429626464844 96.95919799804688 150.48410034179688 293.4278869628906 96.95919799804688 152.27381896972656 292.7604675292969 96.95919799804688 153.7273406982422 291.5211486816406 96.95919799804688 154.66932678222656 289.85943603515625 96.95919799804688 149.5573272705078 297.0188903808594 80.45919799804688 61.8811149597168 281.71002197265625 80.45919799804688 140.4866180419922 288.09014892578125 80.45919799804688 61.90214920043945 284.3766174316406 80.45919799804688 61.923187255859375 287.0431823730469 80.45919799804688 61.94422149658203 289.70977783203125 80.45919799804688 61.96525573730469 292.3763732910156 80.45919799804688 61.98629379272461 295.0429382324219 80.45919799804688 62.007328033447266 297.70953369140625 80.45919799804688 147.22561645507812 296.7305908203125 80.45919799804688 145.04795837402344 295.8486328125 80.45919799804688 143.1727752685547 294.4331359863281 80.45919799804688 141.72784423828125 292.58050537109375 80.45919799804688 140.8116455078125 290.4170227050781 80.45919799804688 140.431396484375 281.0903625488281 80.45919799804688 61.8811149597168 281.71002197265625 94.45919799804688 140.431396484375 281.0903625488281 94.45919799804688 140.4866180419922 288.09014892578125 94.45919799804688 62.007328033447266 297.70953369140625 94.45919799804688 61.98629379272461 295.0429382324219 94.45919799804688 61.96525573730469 292.3763732910156 94.45919799804688 61.94422149658203 289.70977783203125 94.45919799804688 61.923187255859375 287.0431823730469 94.45919799804688 61.90214920043945 284.3766174316406 94.45919799804688 149.5573272705078 297.0188903808594 94.45919799804688 140.8116455078125 290.4170227050781 94.45919799804688 141.72784423828125 292.58050537109375 94.45919799804688 143.1727752685547 294.4331359863281 94.45919799804688 145.04795837402344 295.8486328125 94.45919799804688 147.22561645507812 296.7305908203125 94.45919799804688 140.431396484375 281.0903625488281 94.45919799804688 140.431396484375 281.0903625488281 80.45919799804688 47.517578125 281.8233337402344 82.38101959228516 47.110107421875 281.8265380859375 82.43155670166016 46.757293701171875 281.829345703125 82.64158630371094 46.518619537353516 281.8312072753906 82.97569274902344 46.434322357177734 281.8318786621094 83.37754821777344 46.434322357177734 281.8318786621094 91.54084777832031 46.510440826416016 281.831298828125 91.92353057861328 46.72720718383789 281.8295593261719 92.24795532226562 47.05162048339844 281.8270263671875 92.46472930908203 47.43429183959961 281.8240051269531 92.54084777832031 61.8811149597168 281.71002197265625 80.45919799804688 59.11420822143555 281.7318420410156 80.67933654785156 56.41691207885742 281.7531433105469 81.33419799804688 54.1192626953125 281.7712707519531 81.95685577392578 51.76869201660156 281.789794921875 82.33325958251953 49.39150619506836 281.8085632324219 82.45919799804688 56.41691207885742 281.7531433105469 93.58419799804688 59.11420822143555 281.7318420410156 94.23906707763672 47.517578125 281.8233337402344 92.5373764038086 49.770633697509766 281.8055725097656 92.46239471435547 52.0198860168457 281.7878112792969 92.6132583618164 54.24274826049805 281.7702941894531 92.98844909667969 61.8811149597168 281.71002197265625 94.45919799804688 154.9861602783203 287.97576904296875 77.95919799804688 150.6018524169922 293.40484619140625 79.95919799804688 148.4559326171875 293.4217834472656 79.95919799804688 143.98651123046875 288.06256103515625 81.95919799804688 148.4559326171875 293.4217834472656 78.95919799804688 149.52972412109375 293.51898193359375 79.95919799804688 150.6018524169922 293.40484619140625 78.95919799804688 149.52972412109375 293.51898193359375 78.95919799804688 148.4559326171875 293.4217834472656 80.95919799804688 150.6018524169922 293.40484619140625 80.95919799804688 149.52972412109375 293.51898193359375 80.95919799804688 143.98651123046875 288.06256103515625 77.95919799804688 143.98651123046875 288.06256103515625 79.29253387451172 143.98651123046875 288.06256103515625 80.62586212158203 154.80999755859375 289.4007263183594 77.95919799804688 154.27102661132812 290.73150634765625 77.95919799804688 153.40599060058594 291.87744140625 77.95919799804688 152.27381896972656 292.7604675292969 77.95919799804688 150.9517059326172 293.32037353515625 77.95919799804688 149.52972412109375 293.51898193359375 77.95919799804688 148.1047821044922 293.3428039550781 77.95919799804688 146.7740020751953 292.8038330078125 77.95919799804688 145.6280517578125 291.9388122558594 77.95919799804688 144.7450408935547 290.806640625 77.95919799804688 144.1851348876953 289.4845275878906 77.95919799804688 154.9861602783203 287.97576904296875 81.95919799804688 154.9861602783203 287.97576904296875 80.62586212158203 154.9861602783203 287.97576904296875 79.29253387451172 144.1851348876953 289.4845275878906 81.95919799804688 144.7450408935547 290.806640625 81.95919799804688 145.6280517578125 291.9388122558594 81.95919799804688 146.7740020751953 292.8038330078125 81.95919799804688 148.1047821044922 293.3428039550781 81.95919799804688 149.52972412109375 293.51898193359375 81.95919799804688 150.9517059326172 293.32037353515625 81.95919799804688 152.27381896972656 292.7604675292969 81.95919799804688 153.40599060058594 291.87744140625 81.95919799804688 154.27102661132812 290.73150634765625 81.95919799804688 154.80999755859375 289.4007263183594 81.95919799804688 154.08338928222656 291.03863525390625 79.95919799804688 154.88894653320312 289.049560546875 79.95919799804688 153.40599060058594 291.87744140625 79.95919799804688 152.5779571533203 292.5679931640625 79.95919799804688 151.63111877441406 293.083740234375 79.95919799804688 146.4668731689453 292.6162109375 79.95919799804688 145.6280517578125 291.9388122558594 79.95919799804688 144.9375 291.11077880859375 79.95919799804688 144.42176818847656 290.1639404296875 79.95919799804688 144.10064697265625 289.1346740722656 79.95919799804688 61.8811149597168 281.71002197265625 96.95919799804688 155.68614196777344 287.9702453613281 96.95919799804688 155.78887939453125 288.3561706542969 96.95919799804688 156.06536865234375 288.64434814453125 96.95919799804688 156.4467010498047 288.7629699707031 96.95919799804688 148.6311492919922 281.02569580078125 96.95919799804688 148.73764038085938 281.4182434082031 96.95919799804688 149.02340698242188 281.70770263671875 96.95919799804688 149.41456604003906 281.8192138671875 96.95919799804688 149.80999755859375 281.7239685058594 96.95919799804688 150.1074981689453 281.44659423828125 96.95919799804688 150.2301483154297 281.05877685546875 96.95919799804688 141.68658447265625 288.0806884765625 96.95919799804688 141.76853942871094 288.4271545410156 96.95919799804688 141.99270629882812 288.7037658691406 96.95919799804688 142.314697265625 288.855712890625 96.95919799804688 142.67071533203125 288.8529052734375 96.95919799804688 142.99026489257812 288.6958923339844 96.95919799804688 143.21005249023438 288.4158020019531 96.95919799804688 143.28652954101562 288.06805419921875 96.95919799804688 148.7415771484375 295.0252685546875 96.95919799804688 134.2832489013672 295.1393127441406 96.95919799804688 119.82490539550781 295.25335693359375 96.95919799804688 105.36656951904297 295.367431640625 96.95919799804688 90.9082260131836 295.4814758300781 96.95919799804688 76.44989013671875 295.5955505371094 96.95919799804688 156.22479248046875 289.91473388671875 96.95919799804688 155.8136749267578 291.0133056640625 96.95919799804688 155.22488403320312 292.02777099609375 96.95919799804688 154.4749755859375 292.9297180175781 96.95919799804688 153.58499145507812 293.6937561035156 96.95919799804688 152.57992553710938 294.2984619140625 96.95919799804688 151.4879913330078 294.72686767578125 96.95919799804688 150.33985900878906 294.9669189453125 96.95919799804688 76.3394546508789 281.5959777832031 96.95919799804688 90.79779052734375 281.4819030761719 96.95919799804688 105.2561264038086 281.36785888671875 96.95919799804688 119.71446990966797 281.2538146972656 96.95919799804688 134.1728057861328 281.1397399902344 96.95919799804688 61.99155044555664 295.7095947265625 96.95919799804688 61.97314453125 293.3763427734375 96.95919799804688 61.95473861694336 291.0430603027344 96.95919799804688 61.93633270263672 288.7098083496094 96.95919799804688 61.91792678833008 286.3765563964844 96.95919799804688 61.89952087402344 284.0433044433594 96.95919799804688 143.98651123046875 288.06256103515625 96.95919799804688 144.33302307128906 289.94097900390625 96.95919799804688 145.30111694335938 291.5876159667969 96.95919799804688 146.7740020751953 292.8038330078125 96.95919799804688 148.57403564453125 293.4429626464844 96.95919799804688 150.48410034179688 293.4278869628906 96.95919799804688 152.27381896972656 292.7604675292969 96.95919799804688 153.7273406982422 291.5211486816406 96.95919799804688 154.66932678222656 289.85943603515625 96.95919799804688 154.9861602783203 287.97576904296875 96.95919799804688 154.78753662109375 286.5538024902344 96.95919799804688 154.22763061523438 285.2316589355469 96.95919799804688 153.34461975097656 284.0995178222656 96.95919799804688 152.1986846923828 283.2344665527344 96.95919799804688 150.86788940429688 282.69549560546875 96.95919799804688 149.4429473876953 282.5193176269531 96.95919799804688 148.02096557617188 282.71795654296875 96.95919799804688 146.6988525390625 283.2778625488281 96.95919799804688 145.5666961669922 284.1608581542969 96.95919799804688 144.70166015625 285.30682373046875 96.95919799804688 144.16268920898438 286.6376037597656 96.95919799804688 151.38192749023438 281.28070068359375 96.95919799804688 152.48048400878906 281.69183349609375 96.95919799804688 153.49496459960938 282.2806091308594 96.95919799804688 154.39688110351562 283.030517578125 96.95919799804688 155.1609344482422 283.9205017089844 96.95919799804688 155.76564025878906 284.9255676269531 96.95919799804688 156.1940460205078 286.01751708984375 96.95919799804688 143.20457458496094 287.7215881347656 96.95919799804688 142.9803924560547 287.44500732421875 96.95919799804688 142.65841674804688 287.2930603027344 96.95919799804688 142.30239868164062 287.2958679199219 96.95919799804688 141.98284912109375 287.452880859375 96.95919799804688 141.7630615234375 287.73297119140625 96.95919799804688 156.43411254882812 287.1656494140625 96.95919799804688 156.0546875 287.2902526855469 96.95919799804688 155.78277587890625 287.582763671875 96.95919799804688 150.2111053466797 294.58111572265625 96.95919799804688 149.90927124023438 294.3084716796875 96.95919799804688 149.51239013671875 294.219482421875 96.95919799804688 149.12303161621094 294.337158203125 96.95919799804688 148.8418731689453 294.6310729980469 96.95919799804688 43.41864013671875 279.8556213378906 83.95919799804688 43.560630798339844 297.85504150390625 83.95919799804688 43.53959655761719 295.1884765625 83.95919799804688 43.51856231689453 292.5218811035156 83.95919799804688 43.49752426147461 289.85528564453125 83.95919799804688 43.47649002075195 287.188720703125 83.95919799804688 43.45545196533203 284.5221252441406 83.95919799804688 43.434417724609375 281.8555603027344 83.95919799804688 43.43178939819336 281.522216796875 83.95919799804688 43.42915725708008 281.18890380859375 83.95919799804688 43.42652893066406 280.8555908203125 83.95919799804688 43.42390060424805 280.5222473144531 83.95919799804688 43.421268463134766 280.1889343261719 83.95919799804688 -29.508092880249023 289.4311828613281 83.95919799804688 -29.406383514404297 290.71124267578125 83.95919799804688 -29.123538970947266 291.9638366699219 83.95919799804688 -28.665313720703125 293.16339111328125 83.95919799804688 -28.041034698486328 294.2855224609375 83.95919799804688 -27.26341438293457 295.3074035644531 83.95919799804688 -26.34827995300293 296.2082214355469 83.95919799804688 -25.31426239013672 296.9696044921875 83.95919799804688 -24.182411193847656 297.57611083984375 83.95919799804688 -22.975767135620117 298.0153503417969 83.95919799804688 -21.71889305114746 298.2784118652344 83.95919799804688 -20.437376022338867 298.35992431640625 83.95919799804688 -15.008543968200684 289.3168029785156 83.95919799804688 -15.063506126403809 290.1369934082031 83.95919799804688 -15.240097045898438 290.9398193359375 83.95919799804688 -15.53437328338623 291.7073974609375 83.95919799804688 -15.939760208129883 292.4225158691406 83.95919799804688 -16.447202682495117 293.0692138671875 83.95919799804688 -17.045364379882812 293.6330871582031 83.95919799804688 -17.720884323120117 294.10150146484375 83.95919799804688 -18.45867156982422 294.4639892578125 83.95919799804688 -19.242246627807617 294.71246337890625 83.95919799804688 -20.05410385131836 294.8414001464844 83.95919799804688 -20.876110076904297 294.8478698730469 83.95919799804688 -21.68990135192871 294.7317810058594 83.95919799804688 -22.477298736572266 294.4956970214844 83.95919799804688 -23.220712661743164 294.1448669433594 83.95919799804688 -23.903539657592773 293.6871643066406 83.95919799804688 -24.510522842407227 293.1328125 83.95919799804688 -25.028104782104492 292.49420166015625 83.95919799804688 -25.44472312927246 291.7855529785156 83.95919799804688 -25.75107192993164 291.02276611328125 83.95919799804688 -25.940305709838867 290.2228088378906 83.95919799804688 -26.008201599121094 289.403564453125 83.95919799804688 14.990523338317871 289.08013916015625 83.95919799804688 14.814350128173828 290.5050964355469 83.95919799804688 14.275379180908203 291.83587646484375 83.95919799804688 13.41033935546875 292.9818115234375 83.95919799804688 12.278182029724121 293.8648376464844 83.95919799804688 10.956062316894531 294.42474365234375 83.95919799804688 9.534080505371094 294.62335205078125 83.95919799804688 8.10914134979248 294.44720458984375 83.95919799804688 6.778353214263916 293.9082336425781 83.95919799804688 5.632406711578369 293.0431823730469 83.95919799804688 4.749395847320557 291.9110107421875 83.95919799804688 4.1894965171813965 290.5888977050781 83.95919799804688 3.9908652305603027 289.16693115234375 83.95919799804688 4.167038440704346 287.7419738769531 83.95919799804688 4.706009387969971 286.41119384765625 83.95919799804688 5.571049213409424 285.2652587890625 83.95919799804688 6.7032060623168945 284.3822326660156 83.95919799804688 8.025325775146484 283.82232666015625 83.95919799804688 9.447307586669922 283.62371826171875 83.95919799804688 10.872246742248535 283.7998962402344 83.95919799804688 12.203035354614258 284.3388671875 83.95919799804688 13.348981857299805 285.2038879394531 83.95919799804688 14.231992721557617 286.3360595703125 83.95919799804688 14.791892051696777 287.6581726074219 83.95919799804688 -25.832027435302734 287.9786376953125 83.95919799804688 -25.29305648803711 286.6478576660156 83.95919799804688 -24.428016662597656 285.50189208984375 83.95919799804688 -23.295860290527344 284.618896484375 83.95919799804688 -21.97374153137207 284.0589904785156 83.95919799804688 -20.5517578125 283.8603515625 83.95919799804688 -19.126819610595703 284.0365295410156 83.95919799804688 -17.796031951904297 284.57550048828125 83.95919799804688 -16.65008544921875 285.4405517578125 83.95919799804688 -15.767073631286621 286.57269287109375 83.95919799804688 -15.207175254821777 287.8948059082031 83.95919799804688 -20.579368591308594 280.3604736328125 83.95919799804688 -21.859439849853516 280.4621887207031 83.95919799804688 -23.11200714111328 280.7450256347656 83.95919799804688 -24.31157112121582 281.2032470703125 83.95919799804688 -25.433713912963867 281.8275146484375 83.95919799804688 -26.455591201782227 282.6051330566406 83.95919799804688 -27.356399536132812 283.5202941894531 83.95919799804688 -28.117801666259766 284.5542907714844 83.95919799804688 -28.72429847717285 285.6861572265625 83.95919799804688 -29.163541793823242 286.8927917480469 83.95919799804688 -29.426591873168945 288.149658203125 83.95919799804688 43.41864013671875 279.8556213378906 90.95919799804688 43.434417724609375 281.8555603027344 90.95919799804688 43.45545196533203 284.5221252441406 90.95919799804688 43.47649002075195 287.188720703125 90.95919799804688 43.49752426147461 289.85528564453125 90.95919799804688 43.51856231689453 292.5218811035156 90.95919799804688 43.53959655761719 295.1884765625 90.95919799804688 43.421268463134766 280.1889343261719 90.95919799804688 43.42390060424805 280.5222473144531 90.95919799804688 43.42652893066406 280.8555908203125 90.95919799804688 43.42915725708008 281.18890380859375 90.95919799804688 43.43178939819336 281.522216796875 90.95919799804688 -20.437376022338867 298.35992431640625 90.95919799804688 -21.91965103149414 298.24884033203125 90.95919799804688 -23.363428115844727 297.89532470703125 90.95919799804688 -24.729326248168945 297.3089904785156 90.95919799804688 -25.98008918762207 296.5058288574219 90.95919799804688 -27.08159828186035 295.5077819824219 90.95919799804688 -28.00380516052246 294.3420104980469 90.95919799804688 -28.7215576171875 293.04034423828125 90.95919799804688 -29.215274810791016 291.6383056640625 90.95919799804688 -29.47149085998535 290.17413330078125 90.95919799804688 -29.483217239379883 288.687744140625 90.95919799804688 -29.250131607055664 287.2197265625 90.95919799804688 -28.778594970703125 285.81005859375 90.95919799804688 -28.081466674804688 284.49725341796875 90.95919799804688 -27.177764892578125 283.31707763671875 90.95919799804688 -26.092140197753906 282.3017578125 90.95919799804688 -24.854204177856445 281.4789733886719 90.95919799804688 -23.497726440429688 280.87115478515625 90.95919799804688 -22.05970573425293 280.4949035644531 90.95919799804688 -20.579368591308594 280.3604736328125 90.95919799804688 43.560630798339844 297.85504150390625 90.95919799804688 3.9908652305603027 289.16693115234375 90.95919799804688 4.065364360809326 290.0267639160156 90.95919799804688 4.273453235626221 290.8643493652344 90.95919799804688 4.6100077629089355 291.6590576171875 90.95919799804688 5.066740989685059 292.391357421875 90.95919799804688 5.632406711578369 293.0431823730469 90.95919799804688 6.293076038360596 293.5984802246094 90.95919799804688 7.032481670379639 294.0436096191406 90.95919799804688 7.832416534423828 294.3675842285156 90.95919799804688 8.67318344116211 294.56243896484375 90.95919799804688 9.534080505371094 294.62335205078125 90.95919799804688 10.393909454345703 294.5488586425781 90.95919799804688 11.231497764587402 294.3407897949219 90.95919799804688 12.02622127532959 294.00421142578125 90.95919799804688 12.758512496948242 293.5474853515625 90.95919799804688 13.41033935546875 292.9818115234375 90.95919799804688 13.96565055847168 292.3211669921875 90.95919799804688 14.410774230957031 291.5817565917969 90.95919799804688 14.734749794006348 290.7818298339844 90.95919799804688 14.929597854614258 289.9410400390625 90.95919799804688 14.990523338317871 289.08013916015625 90.95919799804688 -26.008201599121094 289.403564453125 90.95919799804688 -25.93370246887207 290.2633972167969 90.95919799804688 -25.72561264038086 291.1009826660156 90.95919799804688 -25.38905906677246 291.8957214355469 90.95919799804688 -24.93232536315918 292.6280212402344 90.95919799804688 -24.36665916442871 293.27984619140625 90.95919799804688 -23.705989837646484 293.83514404296875 90.95919799804688 -22.966585159301758 294.2802734375 90.95919799804688 -22.166650772094727 294.604248046875 90.95919799804688 -21.325883865356445 294.7991027832031 90.95919799804688 -20.46498680114746 294.8600158691406 90.95919799804688 -19.60515785217285 294.7855224609375 90.95919799804688 -18.767568588256836 294.5774230957031 90.95919799804688 -17.97284507751465 294.2408752441406 90.95919799804688 -17.240554809570312 293.7841491699219 90.95919799804688 -16.588727951049805 293.2184753417969 90.95919799804688 -16.033414840698242 292.55780029296875 90.95919799804688 -15.588292121887207 291.8183898925781 90.95919799804688 -15.264317512512207 291.0184631347656 90.95919799804688 -15.06946849822998 290.1777038574219 90.95919799804688 -15.008543968200684 289.3168029785156 90.95919799804688 -15.083043098449707 288.45697021484375 90.95919799804688 -15.291131019592285 287.619384765625 90.95919799804688 -15.627685546875 286.8246765136719 90.95919799804688 -16.08441925048828 286.0923767089844 90.95919799804688 -16.65008544921875 285.4405517578125 90.95919799804688 -17.310754776000977 284.8852233886719 90.95919799804688 -18.050159454345703 284.4400939941406 90.95919799804688 -18.850093841552734 284.1161193847656 90.95919799804688 -19.690860748291016 283.9212951660156 90.95919799804688 -20.5517578125 283.8603515625 90.95919799804688 -21.41158676147461 283.9348449707031 90.95919799804688 -22.249176025390625 284.1429443359375 90.95919799804688 -23.043899536132812 284.4794921875 90.95919799804688 -23.77619171142578 284.9362487792969 90.95919799804688 -24.428016662597656 285.50189208984375 90.95919799804688 -24.98332977294922 286.1625671386719 90.95919799804688 -25.42845344543457 286.9019775390625 90.95919799804688 -25.75242805480957 287.701904296875 90.95919799804688 -25.947277069091797 288.54266357421875 90.95919799804688 14.707935333251953 287.3827209472656 90.95919799804688 13.914647102355957 285.855712890625 90.95919799804688 12.688312530517578 284.6485900878906 90.95919799804688 11.148972511291504 283.8794860839844 90.95919799804688 9.447307586669922 283.62371826171875 90.95919799804688 7.7498908042907715 283.90631103515625 90.95919799804688 6.222875595092773 284.6995849609375 90.95919799804688 5.015737533569336 285.9259338378906 90.95919799804688 4.246639251708984 287.46527099609375 90.95919799804688 3.9908652305603027 289.16693115234375 93.35919952392578 8.460283279418945 294.5261535644531 92.1592025756836 10.606209754943848 294.50921630859375 92.1592025756836 14.990523338317871 289.08013916015625 90.95919799804688 10.606209754943848 294.50921630859375 92.75920104980469 9.534080505371094 294.62335205078125 92.1592025756836 8.460283279418945 294.5261535644531 92.75920104980469 9.534080505371094 294.62335205078125 92.75920104980469 10.606209754943848 294.50921630859375 91.55919647216797 8.460283279418945 294.5261535644531 91.55919647216797 9.534080505371094 294.62335205078125 91.55919647216797 14.990523338317871 289.08013916015625 93.35919952392578 14.990523338317871 289.08013916015625 92.55919647216797 14.990523338317871 289.08013916015625 91.75920104980469 4.065364360809326 290.0267639160156 93.35919952392578 4.273453235626221 290.8643493652344 93.35919952392578 4.6100077629089355 291.6590576171875 93.35919952392578 5.066740989685059 292.391357421875 93.35919952392578 5.632406711578369 293.0431823730469 93.35919952392578 6.293076038360596 293.5984802246094 93.35919952392578 7.032481670379639 294.0436096191406 93.35919952392578 7.832416534423828 294.3675842285156 93.35919952392578 8.67318344116211 294.56243896484375 93.35919952392578 9.534080505371094 294.62335205078125 93.35919952392578 10.393909454345703 294.5488586425781 93.35919952392578 11.231497764587402 294.3407897949219 93.35919952392578 12.02622127532959 294.00421142578125 93.35919952392578 12.758512496948242 293.5474853515625 93.35919952392578 13.41033935546875 292.9818115234375 93.35919952392578 13.96565055847168 292.3211669921875 93.35919952392578 14.410774230957031 291.5817565917969 93.35919952392578 14.734749794006348 290.7818298339844 93.35919952392578 14.929597854614258 289.9410400390625 93.35919952392578 3.9908652305603027 289.16693115234375 90.95919799804688 3.9908652305603027 289.16693115234375 91.75920104980469 3.9908652305603027 289.16693115234375 92.55919647216797 14.929597854614258 289.9410400390625 90.95919799804688 14.734749794006348 290.7818298339844 90.95919799804688 14.410774230957031 291.5817565917969 90.95919799804688 13.96565055847168 292.3211669921875 90.95919799804688 13.41033935546875 292.9818115234375 90.95919799804688 12.758512496948242 293.5474853515625 90.95919799804688 12.02622127532959 294.00421142578125 90.95919799804688 11.231497764587402 294.3407897949219 90.95919799804688 10.393909454345703 294.5488586425781 90.95919799804688 9.534080505371094 294.62335205078125 90.95919799804688 8.67318344116211 294.56243896484375 90.95919799804688 7.832416534423828 294.3675842285156 90.95919799804688 7.032481670379639 294.0436096191406 90.95919799804688 6.293076038360596 293.5984802246094 90.95919799804688 5.632406711578369 293.0431823730469 90.95919799804688 5.066740989685059 292.391357421875 90.95919799804688 4.6100077629089355 291.6590576171875 90.95919799804688 4.273453235626221 290.8643493652344 90.95919799804688 4.065364360809326 290.0267639160156 90.95919799804688 4.941857814788818 292.21514892578125 92.1592025756836 4.105007171630859 290.2390441894531 92.1592025756836 5.632406711578369 293.0431823730469 92.1592025756836 6.471227169036865 293.7205810546875 92.1592025756836 7.426084518432617 294.2213134765625 92.1592025756836 12.58230972290039 293.67236328125 92.1592025756836 13.41033935546875 292.9818115234375 92.1592025756836 14.087738990783691 292.14300537109375 92.1592025756836 14.58847713470459 291.1881408691406 92.1592025756836 14.893309593200684 290.1539611816406 92.1592025756836 -15.008543968200684 289.3168029785156 90.95919799804688 -19.39285659790039 294.7458801269531 92.1592025756836 -21.53878402709961 294.7628173828125 92.1592025756836 -26.008201599121094 289.403564453125 93.35919952392578 -21.53878402709961 294.7628173828125 91.55919647216797 -20.46498680114746 294.8600158691406 92.1592025756836 -19.39285659790039 294.7458801269531 91.55919647216797 -20.46498680114746 294.8600158691406 91.55919647216797 -21.53878402709961 294.7628173828125 92.75920104980469 -19.39285659790039 294.7458801269531 92.75920104980469 -20.46498680114746 294.8600158691406 92.75920104980469 -26.008201599121094 289.403564453125 90.95919799804688 -26.008201599121094 289.403564453125 91.75920104980469 -26.008201599121094 289.403564453125 92.55919647216797 -15.06946849822998 290.1777038574219 90.95919799804688 -15.264317512512207 291.0184631347656 90.95919799804688 -15.588292121887207 291.8183898925781 90.95919799804688 -16.033414840698242 292.55780029296875 90.95919799804688 -16.588727951049805 293.2184753417969 90.95919799804688 -17.240554809570312 293.7841491699219 90.95919799804688 -17.97284507751465 294.2408752441406 90.95919799804688 -18.767568588256836 294.5774230957031 90.95919799804688 -19.60515785217285 294.7855224609375 90.95919799804688 -20.46498680114746 294.8600158691406 90.95919799804688 -21.325883865356445 294.7991027832031 90.95919799804688 -22.166650772094727 294.604248046875 90.95919799804688 -22.966585159301758 294.2802734375 90.95919799804688 -23.705989837646484 293.83514404296875 90.95919799804688 -24.36665916442871 293.27984619140625 90.95919799804688 -24.93232536315918 292.6280212402344 90.95919799804688 -25.38905906677246 291.8957214355469 90.95919799804688 -25.72561264038086 291.1009826660156 90.95919799804688 -25.93370246887207 290.2633972167969 90.95919799804688 -15.008543968200684 289.3168029785156 93.35919952392578 -15.008543968200684 289.3168029785156 92.55919647216797 -15.008543968200684 289.3168029785156 91.75920104980469 -25.93370246887207 290.2633972167969 93.35919952392578 -25.72561264038086 291.1009826660156 93.35919952392578 -25.38905906677246 291.8957214355469 93.35919952392578 -24.93232536315918 292.6280212402344 93.35919952392578 -24.36665916442871 293.27984619140625 93.35919952392578 -23.705989837646484 293.83514404296875 93.35919952392578 -22.966585159301758 294.2802734375 93.35919952392578 -22.166650772094727 294.604248046875 93.35919952392578 -21.325883865356445 294.7991027832031 93.35919952392578 -20.46498680114746 294.8600158691406 93.35919952392578 -19.60515785217285 294.7855224609375 93.35919952392578 -18.767568588256836 294.5774230957031 93.35919952392578 -17.97284507751465 294.2408752441406 93.35919952392578 -17.240554809570312 293.7841491699219 93.35919952392578 -16.588727951049805 293.2184753417969 93.35919952392578 -16.033414840698242 292.55780029296875 93.35919952392578 -15.588292121887207 291.8183898925781 93.35919952392578 -15.264317512512207 291.0184631347656 93.35919952392578 -15.06946849822998 290.1777038574219 93.35919952392578 -15.911327362060547 292.3796691894531 92.1592025756836 -15.105756759643555 290.3905944824219 92.1592025756836 -16.588727951049805 293.2184753417969 92.1592025756836 -17.416757583618164 293.9090270996094 92.1592025756836 -18.363595962524414 294.4247741699219 92.1592025756836 -23.52783966064453 293.9572448730469 92.1592025756836 -24.36665916442871 293.27984619140625 92.1592025756836 -25.057209014892578 292.4518127441406 92.1592025756836 -25.572948455810547 291.5049743652344 92.1592025756836 -25.894060134887695 290.4757080078125 92.1592025756836 -15.008543968200684 289.3168029785156 81.95919799804688 -19.39285659790039 294.7458801269531 82.95919799804688 -21.53878402709961 294.7628173828125 82.95919799804688 -26.008201599121094 289.403564453125 83.95919799804688 -21.53878402709961 294.7628173828125 82.45919799804688 -20.46498680114746 294.8600158691406 82.95919799804688 -19.39285659790039 294.7458801269531 82.45919799804688 -20.46498680114746 294.8600158691406 82.45919799804688 -21.53878402709961 294.7628173828125 83.45919799804688 -19.39285659790039 294.7458801269531 83.45919799804688 -20.46498680114746 294.8600158691406 83.45919799804688 -26.008201599121094 289.403564453125 81.95919799804688 -26.008201599121094 289.403564453125 82.62586212158203 -26.008201599121094 289.403564453125 83.29253387451172 -15.063506126403809 290.1369934082031 81.95919799804688 -15.240097045898438 290.9398193359375 81.95919799804688 -15.53437328338623 291.7073974609375 81.95919799804688 -15.939760208129883 292.4225158691406 81.95919799804688 -16.447202682495117 293.0692138671875 81.95919799804688 -17.045364379882812 293.6330871582031 81.95919799804688 -17.720884323120117 294.10150146484375 81.95919799804688 -18.45867156982422 294.4639892578125 81.95919799804688 -19.242246627807617 294.71246337890625 81.95919799804688 -20.05410385131836 294.8414001464844 81.95919799804688 -20.876110076904297 294.8478698730469 81.95919799804688 -21.68990135192871 294.7317810058594 81.95919799804688 -22.477298736572266 294.4956970214844 81.95919799804688 -23.220712661743164 294.1448669433594 81.95919799804688 -23.903539657592773 293.6871643066406 81.95919799804688 -24.510522842407227 293.1328125 81.95919799804688 -25.028104782104492 292.49420166015625 81.95919799804688 -25.44472312927246 291.7855529785156 81.95919799804688 -25.75107192993164 291.02276611328125 81.95919799804688 -25.940305709838867 290.2228088378906 81.95919799804688 -15.008543968200684 289.3168029785156 83.95919799804688 -15.008543968200684 289.3168029785156 83.29253387451172 -15.008543968200684 289.3168029785156 82.62586212158203 -25.940305709838867 290.2228088378906 83.95919799804688 -25.75107192993164 291.02276611328125 83.95919799804688 -25.44472312927246 291.7855529785156 83.95919799804688 -25.028104782104492 292.49420166015625 83.95919799804688 -24.510522842407227 293.1328125 83.95919799804688 -23.903539657592773 293.6871643066406 83.95919799804688 -23.220712661743164 294.1448669433594 83.95919799804688 -22.477298736572266 294.4956970214844 83.95919799804688 -21.68990135192871 294.7317810058594 83.95919799804688 -20.876110076904297 294.8478698730469 83.95919799804688 -20.05410385131836 294.8414001464844 83.95919799804688 -19.242246627807617 294.71246337890625 83.95919799804688 -18.45867156982422 294.4639892578125 83.95919799804688 -17.720884323120117 294.10150146484375 83.95919799804688 -17.045364379882812 293.6330871582031 83.95919799804688 -16.447202682495117 293.0692138671875 83.95919799804688 -15.939760208129883 292.4225158691406 83.95919799804688 -15.53437328338623 291.7073974609375 83.95919799804688 -15.240097045898438 290.9398193359375 83.95919799804688 -15.063506126403809 290.1369934082031 83.95919799804688 -15.105756759643555 290.3905944824219 82.95919799804688 -16.588727951049805 293.2184753417969 82.95919799804688 -15.911327362060547 292.3796691894531 82.95919799804688 -18.363595962524414 294.4247741699219 82.95919799804688 -17.416757583618164 293.9090270996094 82.95919799804688 -23.52783966064453 293.9572448730469 82.95919799804688 -24.36665916442871 293.27984619140625 82.95919799804688 -25.057209014892578 292.4518127441406 82.95919799804688 -25.572948455810547 291.5049743652344 82.95919799804688 -25.894060134887695 290.4757080078125 82.95919799804688 3.9908652305603027 289.16693115234375 83.95919799804688 14.990523338317871 289.08013916015625 81.95919799804688 14.990523338317871 289.08013916015625 83.95919799804688 14.990523338317871 289.08013916015625 82.95919799804688 4.1894965171813965 290.5888977050781 83.95919799804688 4.749395847320557 291.9110107421875 83.95919799804688 5.632406711578369 293.0431823730469 83.95919799804688 6.778353214263916 293.9082336425781 83.95919799804688 8.10914134979248 294.44720458984375 83.95919799804688 9.534080505371094 294.62335205078125 83.95919799804688 10.956062316894531 294.42474365234375 83.95919799804688 12.278182029724121 293.8648376464844 83.95919799804688 13.41033935546875 292.9818115234375 83.95919799804688 14.275379180908203 291.83587646484375 83.95919799804688 14.814350128173828 290.5050964355469 83.95919799804688 3.9908652305603027 289.16693115234375 81.95919799804688 3.9908652305603027 289.16693115234375 82.95919799804688 14.814350128173828 290.5050964355469 81.95919799804688 14.275379180908203 291.83587646484375 81.95919799804688 13.41033935546875 292.9818115234375 81.95919799804688 12.278182029724121 293.8648376464844 81.95919799804688 10.956062316894531 294.42474365234375 81.95919799804688 9.534080505371094 294.62335205078125 81.95919799804688 8.10914134979248 294.44720458984375 81.95919799804688 6.778353214263916 293.9082336425781 81.95919799804688 5.632406711578369 293.0431823730469 81.95919799804688 4.749395847320557 291.9110107421875 81.95919799804688 4.1894965171813965 290.5888977050781 81.95919799804688 14.990523338317871 289.08013916015625 81.95919799804688 3.9908652305603027 289.16693115234375 83.95919799804688 14.990523338317871 289.08013916015625 82.95919799804688 3.9908652305603027 289.16693115234375 82.95919799804688 14.990523338317871 289.08013916015625 83.95919799804688 14.791892051696777 287.6581726074219 83.95919799804688 14.231992721557617 286.3360595703125 83.95919799804688 13.348981857299805 285.2038879394531 83.95919799804688 12.203035354614258 284.3388671875 83.95919799804688 10.872246742248535 283.7998962402344 83.95919799804688 9.447307586669922 283.62371826171875 83.95919799804688 8.025325775146484 283.82232666015625 83.95919799804688 6.7032060623168945 284.3822326660156 83.95919799804688 5.571049213409424 285.2652587890625 83.95919799804688 4.706009387969971 286.41119384765625 83.95919799804688 4.167038440704346 287.7419738769531 83.95919799804688 3.9908652305603027 289.16693115234375 81.95919799804688 4.167038440704346 287.7419738769531 81.95919799804688 4.706009387969971 286.41119384765625 81.95919799804688 5.571049213409424 285.2652587890625 81.95919799804688 6.7032060623168945 284.3822326660156 81.95919799804688 8.025325775146484 283.82232666015625 81.95919799804688 9.447307586669922 283.62371826171875 81.95919799804688 10.872246742248535 283.7998962402344 81.95919799804688 12.203035354614258 284.3388671875 81.95919799804688 13.348981857299805 285.2038879394531 81.95919799804688 14.231992721557617 286.3360595703125 81.95919799804688 14.791892051696777 287.6581726074219 81.95919799804688 -26.008201599121094 289.403564453125 83.95919799804688 -15.008543968200684 289.3168029785156 81.95919799804688 -26.008201599121094 289.403564453125 83.29253387451172 -26.008201599121094 289.403564453125 82.62586212158203 -15.008543968200684 289.3168029785156 82.62586212158203 -15.008543968200684 289.3168029785156 83.29253387451172 -26.008201599121094 289.403564453125 81.95919799804688 -25.832027435302734 287.9786376953125 81.95919799804688 -25.29305648803711 286.6478576660156 81.95919799804688 -24.428016662597656 285.50189208984375 81.95919799804688 -23.295860290527344 284.618896484375 81.95919799804688 -21.97374153137207 284.0589904785156 81.95919799804688 -20.5517578125 283.8603515625 81.95919799804688 -19.126819610595703 284.0365295410156 81.95919799804688 -17.796031951904297 284.57550048828125 81.95919799804688 -16.65008544921875 285.4405517578125 81.95919799804688 -15.767073631286621 286.57269287109375 81.95919799804688 -15.207175254821777 287.8948059082031 81.95919799804688 -15.008543968200684 289.3168029785156 83.95919799804688 -15.207175254821777 287.8948059082031 83.95919799804688 -15.767073631286621 286.57269287109375 83.95919799804688 -16.65008544921875 285.4405517578125 83.95919799804688 -17.796031951904297 284.57550048828125 83.95919799804688 -19.126819610595703 284.0365295410156 83.95919799804688 -20.5517578125 283.8603515625 83.95919799804688 -21.97374153137207 284.0589904785156 83.95919799804688 -23.295860290527344 284.618896484375 83.95919799804688 -24.428016662597656 285.50189208984375 83.95919799804688 -25.29305648803711 286.6478576660156 83.95919799804688 -25.832027435302734 287.9786376953125 83.95919799804688 -26.008201599121094 289.403564453125 93.35919952392578 -21.62388801574707 283.9744873046875 92.1592025756836 -19.477962493896484 283.95758056640625 92.1592025756836 -15.008543968200684 289.3168029785156 90.95919799804688 -19.477962493896484 283.95758056640625 91.55919647216797 -20.5517578125 283.8603515625 92.1592025756836 -21.62388801574707 283.9744873046875 91.55919647216797 -20.5517578125 283.8603515625 91.55919647216797 -19.477962493896484 283.95758056640625 92.75920104980469 -21.62388801574707 283.9744873046875 92.75920104980469 -20.5517578125 283.8603515625 92.75920104980469 -26.008201599121094 289.403564453125 92.55919647216797 -26.008201599121094 289.403564453125 91.75920104980469 -15.008543968200684 289.3168029785156 91.75920104980469 -15.008543968200684 289.3168029785156 92.55919647216797 -26.008201599121094 289.403564453125 90.95919799804688 -25.947277069091797 288.54266357421875 90.95919799804688 -25.75242805480957 287.701904296875 90.95919799804688 -25.42845344543457 286.9019775390625 90.95919799804688 -24.98332977294922 286.1625671386719 90.95919799804688 -24.428016662597656 285.50189208984375 90.95919799804688 -23.77619171142578 284.9362487792969 90.95919799804688 -23.043899536132812 284.4794921875 90.95919799804688 -22.249176025390625 284.1429443359375 90.95919799804688 -21.41158676147461 283.9348449707031 90.95919799804688 -20.5517578125 283.8603515625 90.95919799804688 -19.690860748291016 283.9212951660156 90.95919799804688 -18.850093841552734 284.1161193847656 90.95919799804688 -18.050159454345703 284.4400939941406 90.95919799804688 -17.310754776000977 284.8852233886719 90.95919799804688 -16.65008544921875 285.4405517578125 90.95919799804688 -16.08441925048828 286.0923767089844 90.95919799804688 -15.627685546875 286.8246765136719 90.95919799804688 -15.291131019592285 287.619384765625 90.95919799804688 -15.083043098449707 288.45697021484375 90.95919799804688 -15.008543968200684 289.3168029785156 93.35919952392578 -15.083043098449707 288.45697021484375 93.35919952392578 -15.291131019592285 287.619384765625 93.35919952392578 -15.627685546875 286.8246765136719 93.35919952392578 -16.08441925048828 286.0923767089844 93.35919952392578 -16.65008544921875 285.4405517578125 93.35919952392578 -17.310754776000977 284.8852233886719 93.35919952392578 -18.050159454345703 284.4400939941406 93.35919952392578 -18.850093841552734 284.1161193847656 93.35919952392578 -19.690860748291016 283.9212951660156 93.35919952392578 -20.5517578125 283.8603515625 93.35919952392578 -21.41158676147461 283.9348449707031 93.35919952392578 -22.249176025390625 284.1429443359375 93.35919952392578 -23.043899536132812 284.4794921875 93.35919952392578 -23.77619171142578 284.9362487792969 93.35919952392578 -24.428016662597656 285.50189208984375 93.35919952392578 -24.98332977294922 286.1625671386719 93.35919952392578 -25.42845344543457 286.9019775390625 93.35919952392578 -25.75242805480957 287.701904296875 93.35919952392578 -25.947277069091797 288.54266357421875 93.35919952392578 -25.105417251586914 286.3407287597656 92.1592025756836 -25.910987854003906 288.32977294921875 92.1592025756836 -24.428016662597656 285.50189208984375 92.1592025756836 -23.599987030029297 284.81134033203125 92.1592025756836 -22.653148651123047 284.2956237792969 92.1592025756836 -17.48890495300293 284.7631530761719 92.1592025756836 -16.65008544921875 285.4405517578125 92.1592025756836 -15.959535598754883 286.2685852050781 92.1592025756836 -15.122685432434082 288.2446594238281 92.1592025756836 -15.443796157836914 287.2154235839844 92.1592025756836 14.990523338317871 289.08013916015625 90.95919799804688 3.9908652305603027 289.16693115234375 93.35919952392578 14.990523338317871 289.08013916015625 91.75920104980469 14.990523338317871 289.08013916015625 92.55919647216797 3.9908652305603027 289.16693115234375 92.55919647216797 3.9908652305603027 289.16693115234375 91.75920104980469 14.990523338317871 289.08013916015625 93.35919952392578 14.707935333251953 287.3827209472656 93.35919952392578 13.914647102355957 285.855712890625 93.35919952392578 12.688312530517578 284.6485900878906 93.35919952392578 11.148972511291504 283.8794860839844 93.35919952392578 9.447307586669922 283.62371826171875 93.35919952392578 7.7498908042907715 283.90631103515625 93.35919952392578 6.222875595092773 284.6995849609375 93.35919952392578 5.015737533569336 285.9259338378906 93.35919952392578 4.246639251708984 287.46527099609375 93.35919952392578 3.9908652305603027 289.16693115234375 90.95919799804688 4.246639251708984 287.46527099609375 90.95919799804688 5.015737533569336 285.9259338378906 90.95919799804688 6.222875595092773 284.6995849609375 90.95919799804688 7.7498908042907715 283.90631103515625 90.95919799804688 9.447307586669922 283.62371826171875 90.95919799804688 11.148972511291504 283.8794860839844 90.95919799804688 12.688312530517578 284.6485900878906 90.95919799804688 13.914647102355957 285.855712890625 90.95919799804688 14.707935333251953 287.3827209472656 90.95919799804688 143.98651123046875 288.06256103515625 81.95919799804688 154.9861602783203 287.97576904296875 77.95919799804688 143.98651123046875 288.06256103515625 80.62586212158203 143.98651123046875 288.06256103515625 79.29253387451172 154.9861602783203 287.97576904296875 79.29253387451172 154.9861602783203 287.97576904296875 80.62586212158203 143.98651123046875 288.06256103515625 77.95919799804688 144.3033447265625 286.1788635253906 77.95919799804688 145.24533081054688 284.5171813964844 77.95919799804688 146.6988525390625 283.2778625488281 77.95919799804688 148.4885711669922 282.61041259765625 77.95919799804688 150.39865112304688 282.5953674316406 77.95919799804688 152.1986846923828 283.2344665527344 77.95919799804688 153.67156982421875 284.4507141113281 77.95919799804688 154.6396484375 286.09735107421875 77.95919799804688 154.9861602783203 287.97576904296875 81.95919799804688 154.6396484375 286.09735107421875 81.95919799804688 153.67156982421875 284.4507141113281 81.95919799804688 152.1986846923828 283.2344665527344 81.95919799804688 150.39865112304688 282.5953674316406 81.95919799804688 148.4885711669922 282.61041259765625 81.95919799804688 146.6988525390625 283.2778625488281 81.95919799804688 145.24533081054688 284.5171813964844 81.95919799804688 144.3033447265625 286.1788635253906 81.95919799804688 143.98651123046875 288.06256103515625 96.95919799804688 148.37081909179688 282.63348388671875 94.95919799804688 150.51675415039062 282.6165466308594 94.95919799804688 154.9861602783203 287.97576904296875 92.95919799804688 150.51675415039062 282.6165466308594 93.95919799804688 149.4429473876953 282.5193176269531 94.95919799804688 148.37081909179688 282.63348388671875 93.95919799804688 149.4429473876953 282.5193176269531 93.95919799804688 150.51675415039062 282.6165466308594 95.95919799804688 148.37081909179688 282.63348388671875 95.95919799804688 149.4429473876953 282.5193176269531 95.95919799804688 143.98651123046875 288.06256103515625 95.62586212158203 143.98651123046875 288.06256103515625 94.29253387451172 154.9861602783203 287.97576904296875 94.29253387451172 154.9861602783203 287.97576904296875 95.62586212158203 143.98651123046875 288.06256103515625 92.95919799804688 144.16268920898438 286.6376037597656 92.95919799804688 144.70166015625 285.30682373046875 92.95919799804688 145.5666961669922 284.1608581542969 92.95919799804688 146.6988525390625 283.2778625488281 92.95919799804688 148.02096557617188 282.71795654296875 92.95919799804688 149.4429473876953 282.5193176269531 92.95919799804688 150.86788940429688 282.69549560546875 92.95919799804688 152.1986846923828 283.2344665527344 92.95919799804688 153.34461975097656 284.0995178222656 92.95919799804688 154.22763061523438 285.2316589355469 92.95919799804688 154.78753662109375 286.5538024902344 92.95919799804688 154.9861602783203 287.97576904296875 96.95919799804688 154.78753662109375 286.5538024902344 96.95919799804688 154.22763061523438 285.2316589355469 96.95919799804688 153.34461975097656 284.0995178222656 96.95919799804688 152.1986846923828 283.2344665527344 96.95919799804688 150.86788940429688 282.69549560546875 96.95919799804688 149.4429473876953 282.5193176269531 96.95919799804688 148.02096557617188 282.71795654296875 96.95919799804688 146.6988525390625 283.2778625488281 96.95919799804688 145.5666961669922 284.1608581542969 96.95919799804688 144.70166015625 285.30682373046875 96.95919799804688 144.16268920898438 286.6376037597656 96.95919799804688 144.88929748535156 284.99969482421875 94.95919799804688 144.08372497558594 286.9887390136719 94.95919799804688 145.5666961669922 284.1608581542969 94.95919799804688 146.3947296142578 283.4703369140625 94.95919799804688 147.34156799316406 282.95458984375 94.95919799804688 153.34461975097656 284.0995178222656 94.95919799804688 152.50579833984375 283.422119140625 94.95919799804688 154.55091857910156 285.8743896484375 94.95919799804688 154.03517150878906 284.92755126953125 94.95919799804688 154.8720245361328 286.9036560058594 94.95919799804688 153.98619079589844 287.9836730957031 81.95919799804688 144.98648071289062 288.0546569824219 92.95919799804688 153.98619079589844 287.9836730957031 85.62586212158203 153.98619079589844 287.9836730957031 89.29253387451172 144.98648071289062 288.0546569824219 89.29253387451172 144.98648071289062 288.0546569824219 85.62586212158203 153.98619079589844 287.9836730957031 92.95919799804688 153.6300811767578 286.26434326171875 92.95919799804688 152.6431121826172 284.8121643066406 92.95919799804688 151.17556762695312 283.8482360839844 92.95919799804688 149.45083618164062 283.519287109375 92.95919799804688 147.7315216064453 283.87542724609375 92.95919799804688 146.27935791015625 284.86236572265625 92.95919799804688 145.3154296875 286.3299255371094 92.95919799804688 144.98648071289062 288.0546569824219 81.95919799804688 145.3154296875 286.3299255371094 81.95919799804688 146.27935791015625 284.86236572265625 81.95919799804688 147.7315216064453 283.87542724609375 81.95919799804688 149.45083618164062 283.519287109375 81.95919799804688 151.17556762695312 283.8482360839844 81.95919799804688 152.6431121826172 284.8121643066406 81.95919799804688 153.6300811767578 286.26434326171875 81.95919799804688 153.6300811767578 286.26434326171875 87.45919799804688 151.17556762695312 283.8482360839844 87.45919799804688 149.45083618164062 283.519287109375 87.45919799804688 147.7315216064453 283.87542724609375 87.45919799804688 146.27935791015625 284.86236572265625 87.45919799804688 145.3154296875 286.3299255371094 87.45919799804688 -29.508092880249023 289.4311828613281 83.95919799804688 -29.508092880249023 289.4311828613281 81.95919799804688 -29.440364837646484 288.2558898925781 81.95919799804688 -29.21980857849121 287.0994567871094 81.95919799804688 -28.85019874572754 285.98175048828125 81.95919799804688 -28.33785629272461 284.92181396484375 81.95919799804688 -27.69154930114746 283.9378356933594 81.95919799804688 -26.92233657836914 283.046630859375 81.95919799804688 -26.043378829956055 282.2634582519531 81.95919799804688 -25.06971549987793 281.6017150878906 81.95919799804688 -24.018007278442383 281.07269287109375 81.95919799804688 -22.906248092651367 280.6855163574219 81.95919799804688 -21.753459930419922 280.44671630859375 81.95919799804688 -29.508092880249023 289.4311828613281 82.95919799804688 -20.579368591308594 280.3604736328125 81.95919799804688 -20.579368591308594 280.3604736328125 82.95919799804688 -20.579368591308594 280.3604736328125 83.95919799804688 -21.859439849853516 280.4621887207031 83.95919799804688 -23.11200714111328 280.7450256347656 83.95919799804688 -24.31157112121582 281.2032470703125 83.95919799804688 -25.433713912963867 281.8275146484375 83.95919799804688 -26.455591201782227 282.6051330566406 83.95919799804688 -27.356399536132812 283.5202941894531 83.95919799804688 -28.117801666259766 284.5542907714844 83.95919799804688 -28.72429847717285 285.6861572265625 83.95919799804688 -29.163541793823242 286.8927917480469 83.95919799804688 -29.426591873168945 288.149658203125 83.95919799804688 -22.33376121520996 280.5472412109375 82.95919799804688 -25.567378997802734 281.9166259765625 82.95919799804688 -26.92233657836914 283.046630859375 82.95919799804688 -28.03080940246582 284.41925048828125 82.95919799804688 -28.85019874572754 285.98175048828125 82.95919799804688 -29.349016189575195 287.674072265625 82.95919799804688 149.41534423828125 279.0194396972656 94.95919799804688 151.16455078125 279.22003173828125 95.36819458007812 151.14210510253906 279.3376770019531 95.74774932861328 151.10671997070312 279.523193359375 96.09078216552734 151.06008911132812 279.7677307128906 96.3873062133789 151.00363159179688 280.0637512207031 96.63032531738281 150.939453125 280.4002685546875 96.81071472167969 150.86996459960938 280.76458740234375 96.9217300415039 152.8489227294922 279.7165222167969 95.36819458007812 152.80397033691406 279.8275146484375 95.74774932861328 152.73306274414062 280.0025634765625 96.09078216552734 152.63963317871094 280.2332763671875 96.3873062133789 152.5264892578125 280.51263427734375 96.63032531738281 152.3979034423828 280.83013916015625 96.81071472167969 152.2586669921875 281.1739196777344 96.9217300415039 154.40408325195312 280.53204345703125 95.36819458007812 154.3383331298828 280.63214111328125 95.74774932861328 154.23463439941406 280.7900085449219 96.09078216552734 154.09799194335938 280.9980773925781 96.3873062133789 153.93252563476562 281.2499694824219 96.63032531738281 153.7444610595703 281.5362854003906 96.81071472167969 153.5408477783203 281.8463134765625 96.9217300415039 155.77024841308594 281.63531494140625 95.36819458007812 155.68624877929688 281.7206726074219 95.74774932861328 155.55374145507812 281.85528564453125 96.09078216552734 155.37911987304688 282.03265380859375 96.3873062133789 155.16769409179688 282.2474670410156 96.63032531738281 154.92738342285156 282.4915771484375 96.81071472167969 154.66720581054688 282.75592041015625 96.9217300415039 156.89492797851562 282.9839172363281 95.36819458007812 156.7958984375 283.0512390136719 95.74774932861328 156.63966369628906 283.15740966796875 96.09078216552734 156.43380737304688 283.2973327636719 96.3873062133789 156.18453979492188 283.46673583984375 96.63032531738281 155.90121459960938 283.6593017578125 96.81071472167969 155.59446716308594 283.8677673339844 96.9217300415039 157.7349090576172 284.5260009765625 95.36819458007812 157.6246337890625 284.57269287109375 95.74774932861328 157.45069885253906 284.6463623046875 96.09078216552734 157.22149658203125 284.7434387207031 96.3873062133789 156.9439697265625 284.8609619140625 96.63032531738281 156.62852478027344 284.9945373535156 96.81071472167969 156.2869873046875 285.1391906738281 96.9217300415039 158.2578887939453 286.20233154296875 95.36819458007812 158.140625 286.22662353515625 95.74774932861328 157.95567321777344 286.26495361328125 96.09078216552734 157.71192932128906 286.3154296875 96.3873062133789 157.41680908203125 286.3765563964844 96.63032531738281 157.08135986328125 286.446044921875 96.81071472167969 156.71817016601562 286.5212707519531 96.9217300415039 158.48605346679688 287.9481506347656 94.95919799804688 150.2301483154297 281.05877685546875 96.95919799804688 150.23109436035156 281.0130615234375 96.95867919921875 158.33859252929688 287.9493408203125 95.71295928955078 157.9179229736328 287.95263671875 96.35556030273438 157.28610229492188 287.9576416015625 96.79222869873047 149.4248046875 280.2193908691406 96.79222869873047 149.41983032226562 279.58758544921875 96.35556030273438 149.41650390625 279.1669006347656 95.71295928955078 150.6968536376953 279.1009521484375 94.95919799804688 151.9537353515625 279.3639831542969 94.95919799804688 153.16036987304688 279.80322265625 94.95919799804688 154.292236328125 280.40972900390625 94.95919799804688 155.3262481689453 281.171142578125 94.95919799804688 156.2413787841797 282.0719299316406 94.95919799804688 157.0189971923828 283.09381103515625 94.95919799804688 157.64328002929688 284.2159729003906 94.95919799804688 158.10150146484375 285.41552734375 94.95919799804688 158.3843536376953 286.6680908203125 94.95919799804688 157.21746826171875 287.63970947265625 96.81709289550781 157.21463012695312 287.6333923339844 96.8180923461914 157.211669921875 287.6269226074219 96.81915283203125 157.2052764892578 287.6134948730469 96.82142639160156 157.19058227539062 287.5848388671875 96.82662200927734 157.15237426757812 287.5211181640625 96.83958435058594 157.03076171875 287.3779602050781 96.87577056884766 156.75613403320312 287.21087646484375 96.9343032836914 156.7458953857422 287.2073059082031 96.93583679199219 156.7356414794922 287.203857421875 96.93731689453125 156.71511840820312 287.1974182128906 96.94013977050781 156.67404174804688 287.18634033203125 96.94519805908203 156.59234619140625 287.1710205078125 96.95297241210938 156.43411254882812 287.1656494140625 96.95919799804688 156.1940460205078 286.01751708984375 96.95919799804688 155.76564025878906 284.9255676269531 96.95919799804688 155.1609344482422 283.9205017089844 96.95919799804688 154.39688110351562 283.030517578125 96.95919799804688 153.49496459960938 282.2806091308594 96.95919799804688 152.48048400878906 281.69183349609375 96.95919799804688 151.38192749023438 281.28070068359375 96.95919799804688 150.16725158691406 280.7061462402344 96.92928314208984 150.16477966308594 280.7004089355469 96.92831420898438 150.1621856689453 280.69451904296875 96.92728424072266 150.15655517578125 280.68212890625 96.92507934570312 150.14344787597656 280.6552429199219 96.92000579833984 150.1085205078125 280.5937805175781 96.90726470947266 149.99298095703125 280.44989013671875 96.8713607788086 149.95724487304688 280.4167175292969 96.86170196533203 149.9217529296875 280.38751220703125 96.85281372070312 149.85311889648438 280.3397216796875 96.83732604980469 149.73374938964844 280.2788391113281 96.8155517578125 149.72409057617188 280.27496337890625 96.81411743164062 149.7144012451172 280.2712097167969 96.81272888183594 149.6949920654297 280.26416015625 96.8100814819336 149.65602111816406 280.25164794921875 96.80535125732422 149.57801818847656 280.23297119140625 96.79805755615234 47.517578125 281.8233337402344 82.38101959228516 48.01203918457031 285.8195495605469 82.41490936279297 48.0435905456543 289.8194274902344 82.41490936279297 48.07514572143555 293.8193054199219 82.41490936279297 48.480934143066406 285.81585693359375 82.43946838378906 48.51248550415039 289.81573486328125 82.43946838378906 48.54404067993164 293.81561279296875 82.43946838378906 48.9518928527832 285.8121337890625 82.45426177978516 48.98344802856445 289.81201171875 82.45426177978516 49.01499938964844 293.8118896484375 82.45426177978516 49.454612731933594 289.8083190917969 82.45919799804688 49.51771926879883 297.80804443359375 82.45919799804688 47.643795013427734 297.8228454589844 82.38101959228516 47.62275695800781 295.15625 82.38101959228516 47.601722717285156 292.48968505859375 82.38101959228516 47.580684661865234 289.8230895996094 82.38101959228516 47.55965042114258 287.156494140625 82.38101959228516 47.53861618041992 284.48992919921875 82.38101959228516 49.39150619506836 281.8085632324219 82.45919799804688 49.412540435791016 284.4751281738281 82.45919799804688 49.43357849121094 287.1417236328125 82.45919799804688 49.475650787353516 292.4748840332031 82.45919799804688 49.49668502807617 295.1414794921875 82.45919799804688 143.28652954101562 288.06805419921875 77.95919799804688 141.68658447265625 288.0806884765625 96.95919799804688 141.68658447265625 288.0806884765625 77.95919799804688 143.28652954101562 288.06805419921875 84.29253387451172 143.28652954101562 288.06805419921875 90.62586212158203 141.68658447265625 288.0806884765625 90.62586212158203 141.68658447265625 288.0806884765625 84.29253387451172 143.28652954101562 288.06805419921875 96.95919799804688 143.20457458496094 287.7215881347656 96.95919799804688 142.9803924560547 287.44500732421875 96.95919799804688 142.65841674804688 287.2930603027344 96.95919799804688 142.30239868164062 287.2958679199219 96.95919799804688 141.98284912109375 287.452880859375 96.95919799804688 141.7630615234375 287.73297119140625 96.95919799804688 141.7630615234375 287.73297119140625 77.95919799804688 141.98284912109375 287.452880859375 77.95919799804688 142.30239868164062 287.2958679199219 77.95919799804688 142.65841674804688 287.2930603027344 77.95919799804688 142.9803924560547 287.44500732421875 77.95919799804688 143.20457458496094 287.7215881347656 77.95919799804688 143.2232208251953 287.7624206542969 87.45919799804688 142.786865234375 287.3328857421875 87.45919799804688 142.48023986816406 287.2744140625 87.45919799804688 142.17459106445312 287.33770751953125 87.45919799804688 141.9164276123047 287.51318359375 87.45919799804688 141.74505615234375 287.7740783691406 87.45919799804688 148.6311492919922 281.02569580078125 96.95919799804688 148.6311492919922 281.02569580078125 77.95919799804688 150.23109436035156 281.0130615234375 77.959716796875 150.23109436035156 281.0130615234375 84.2927017211914 150.23109436035156 281.0130615234375 90.62569427490234 150.23109436035156 281.0130615234375 96.95867919921875 148.6311492919922 281.02569580078125 90.62586212158203 148.6311492919922 281.02569580078125 84.29253387451172 150.16725158691406 280.7061462402344 96.92928314208984 150.16477966308594 280.7004089355469 96.92831420898438 150.1621856689453 280.69451904296875 96.92728424072266 150.15655517578125 280.68212890625 96.92507934570312 150.14344787597656 280.6552429199219 96.92000579833984 150.1085205078125 280.5937805175781 96.90726470947266 149.99298095703125 280.44989013671875 96.8713607788086 149.95724487304688 280.4167175292969 96.86170196533203 149.9217529296875 280.38751220703125 96.85281372070312 149.85311889648438 280.3397216796875 96.83732604980469 149.73374938964844 280.2788391113281 96.8155517578125 149.72409057617188 280.27496337890625 96.81411743164062 149.7144012451172 280.2712097167969 96.81272888183594 149.6949920654297 280.26416015625 96.8100814819336 149.65602111816406 280.25164794921875 96.80535125732422 149.57801818847656 280.23297119140625 96.79805755615234 149.4248046875 280.2193908691406 96.79222869873047 149.4248046875 280.2193908691406 78.12616729736328 149.73362731933594 280.2787780761719 78.10221862792969 149.7479248046875 280.2847900390625 78.10001373291016 149.76258850097656 280.2912902832031 78.09764099121094 149.7929229736328 280.3058776855469 78.09241485595703 149.8570556640625 280.3421936035156 78.07997131347656 149.99249267578125 280.44940185546875 78.04717254638672 150.02818298339844 280.4869079589844 78.03687286376953 150.0591278076172 280.5238037109375 78.0274429321289 150.1083221435547 280.5934753417969 78.0112075805664 150.16705322265625 280.7056884765625 77.98918914794922 150.171142578125 280.7154846191406 77.98757934570312 150.1750946044922 280.7252502441406 77.98600769042969 150.1825408935547 280.7448425292969 77.9830093383789 150.19570922851562 280.7840270996094 77.9775390625 150.21548461914062 280.86199951171875 77.96874237060547 148.69068908691406 280.7164611816406 77.9831771850586 148.6934051513672 280.70989990234375 77.98421478271484 148.69625854492188 280.70318603515625 77.98529815673828 148.70233154296875 280.6894226074219 77.98761749267578 148.7161865234375 280.660400390625 77.99285888671875 148.75160217285156 280.5971984863281 78.0057144165039 148.86122131347656 280.45794677734375 78.04093170166016 148.8985137939453 280.4224548339844 78.05158996582031 148.93519592285156 280.3916320800781 78.06131744384766 149.004638671875 280.342529296875 78.07803344726562 149.11721801757812 280.2835388183594 78.10045623779297 149.12689208984375 280.27947998046875 78.10203552246094 149.13656616210938 280.27557373046875 78.10356903076172 149.15599060058594 280.2681884765625 78.10648345947266 149.19491577148438 280.2550354003906 78.11170959472656 149.27272033691406 280.2352294921875 78.11974334716797 149.11685180664062 280.28369140625 96.81873321533203 149.11044311523438 280.2864685058594 96.81980895996094 149.10389709472656 280.28936767578125 96.82093048095703 149.0904083251953 280.2955627441406 96.82332611083984 149.0618896484375 280.3096923828125 96.82870483398438 148.9994354248047 280.3458557128906 96.84182739257812 148.86109924316406 280.45806884765625 96.87750244140625 148.69049072265625 280.7169494628906 96.935302734375 148.68663024902344 280.7265625 96.936767578125 148.6829071044922 280.7362060546875 96.93819427490234 148.67587280273438 280.75555419921875 96.94090270996094 148.66342163085938 280.79437255859375 96.94575500488281 148.644775390625 280.8722229003906 96.9532241821289 150.16778564453125 280.7073974609375 87.45919799804688 149.73143005371094 280.27789306640625 87.45919799804688 149.4248046875 280.2193908691406 87.45919799804688 149.11915588378906 280.28271484375 87.45919799804688 148.86099243164062 280.4581604003906 87.45919799804688 148.6896209716797 280.7190856933594 87.45919799804688 155.68614196777344 287.9702453613281 96.95919799804688 155.68614196777344 287.9702453613281 77.95919799804688 157.28610229492188 287.9576416015625 78.12616729736328 157.28610229492188 287.9576416015625 84.34819030761719 157.28610229492188 287.9576416015625 90.57020568847656 157.28610229492188 287.9576416015625 96.79222869873047 155.68614196777344 287.9702453613281 90.62586212158203 155.68614196777344 287.9702453613281 84.29253387451172 157.21746826171875 287.63970947265625 96.81709289550781 157.21463012695312 287.6333923339844 96.8180923461914 157.211669921875 287.6269226074219 96.81915283203125 157.2052764892578 287.6134948730469 96.82142639160156 157.19058227539062 287.5848388671875 96.82662200927734 157.15237426757812 287.5211181640625 96.83958435058594 157.03076171875 287.3779602050781 96.87577056884766 156.75613403320312 287.21087646484375 96.9343032836914 156.7458953857422 287.2073059082031 96.93583679199219 156.7356414794922 287.203857421875 96.93731689453125 156.71511840820312 287.1974182128906 96.94013977050781 156.67404174804688 287.18634033203125 96.94519805908203 156.59234619140625 287.1710205078125 96.95297241210938 156.43411254882812 287.1656494140625 96.95919799804688 156.43411254882812 287.1656494140625 77.95919799804688 156.7559356689453 287.2108154296875 77.98406982421875 156.76254272460938 287.2132263183594 77.9850845336914 156.76931762695312 287.2157287597656 77.98615264892578 156.7833251953125 287.22119140625 77.98844909667969 156.81321716308594 287.2338562011719 77.99365997314453 156.87965393066406 287.2674255371094 78.00659942626953 157.0302734375 287.3775329589844 78.04249572753906 157.15208435058594 287.5206604003906 78.07872009277344 157.21719360351562 287.6390686035156 78.10121154785156 157.22152709960938 287.6490173339844 78.10274505615234 157.2257080078125 287.6589660644531 78.10423278808594 157.23362731933594 287.678955078125 78.10706329345703 157.2477264404297 287.71905517578125 78.11212921142578 157.26904296875 287.79949951171875 78.11992645263672 155.78277587890625 287.582763671875 77.95919799804688 156.0546875 287.2902526855469 77.95919799804688 156.0546875 287.2902526855469 96.95919799804688 155.78277587890625 287.582763671875 96.95919799804688 157.22279357910156 287.6519775390625 87.45919799804688 156.7864227294922 287.2224426269531 87.45919799804688 156.4798126220703 287.1639709472656 87.45919799804688 156.1741485595703 287.2272644042969 87.45919799804688 155.74462890625 287.66363525390625 87.45919799804688 155.91598510742188 287.4027404785156 87.45919799804688 148.7415771484375 295.0252685546875 96.95919799804688 148.7415771484375 295.0252685546875 77.95919799804688 150.34153747558594 295.01263427734375 77.959716796875 150.34153747558594 295.01263427734375 84.2927017211914 150.34153747558594 295.01263427734375 90.62569427490234 150.34153747558594 295.01263427734375 96.95867919921875 148.7415771484375 295.0252685546875 90.62586212158203 148.7415771484375 295.0252685546875 84.29253387451172 150.33985900878906 294.9669189453125 96.95919799804688 150.33985900878906 294.9669189453125 77.95919799804688 148.8418731689453 294.6310729980469 77.95919799804688 149.12303161621094 294.337158203125 77.95919799804688 149.51239013671875 294.219482421875 77.95919799804688 149.90927124023438 294.3084716796875 77.95919799804688 150.2111053466797 294.58111572265625 77.95919799804688 150.2111053466797 294.58111572265625 96.95919799804688 149.90927124023438 294.3084716796875 96.95919799804688 149.51239013671875 294.219482421875 96.95919799804688 149.12303161621094 294.337158203125 96.95919799804688 148.8418731689453 294.6310729980469 96.95919799804688 150.27822875976562 294.70697021484375 87.45919799804688 149.84185791015625 294.2774353027344 87.45919799804688 149.53524780273438 294.2189636230469 87.45919799804688 149.22958374023438 294.28228759765625 87.45919799804688 148.97142028808594 294.4577331542969 87.45919799804688 148.80006408691406 294.7186279296875 87.45919799804688 47.43429183959961 281.8240051269531 92.54084777832031 47.497398376464844 289.8237609863281 92.54084777832031 47.48691177368164 285.8236999511719 92.5406265258789 47.51846694946289 289.8235778808594 92.5406265258789 47.55002212524414 293.8234558105469 92.5406265258789 47.50771713256836 285.82354736328125 92.53997039794922 47.53927230834961 289.82342529296875 92.53997039794922 47.57082748413086 293.82330322265625 92.53997039794922 47.528438568115234 285.8233642578125 92.53888702392578 47.559993743896484 289.8232421875 92.53888702392578 47.59154510498047 293.8231201171875 92.53888702392578 47.643795013427734 297.8228454589844 92.5373764038086 47.560508728027344 297.823486328125 92.54084777832031 47.53947067260742 295.15692138671875 92.54084777832031 47.518436431884766 292.4903259277344 92.54084777832031 47.47636413574219 287.15716552734375 92.54084777832031 47.45532989501953 284.4905700683594 92.54084777832031 47.517578125 281.8233337402344 92.5373764038086 47.53861618041992 284.48992919921875 92.5373764038086 47.55965042114258 287.156494140625 92.5373764038086 47.580684661865234 289.8230895996094 92.5373764038086 47.601722717285156 292.48968505859375 92.5373764038086 47.62275695800781 295.15625 92.5373764038086 3.2408885955810547 289.1728515625 94.95919799804688 15.740499496459961 289.0742492675781 93.35919952392578 3.2408885955810547 289.1728515625 94.1592025756836 15.740499496459961 289.0742492675781 94.1592025756836 3.2408885955810547 289.1728515625 93.35919952392578 3.3382441997528076 288.0235900878906 93.35919952392578 3.645113945007324 286.9118347167969 93.35919952392578 4.151048183441162 285.8753662109375 93.35919952392578 4.838817119598389 284.9494934082031 93.35919952392578 5.685000419616699 284.1658020019531 93.35919952392578 6.660782337188721 283.5509033203125 93.35919952392578 7.732933521270752 283.12579345703125 93.35919952392578 8.86494255065918 282.9049377441406 93.35919952392578 10.018260955810547 282.8958435058594 93.35919952392578 11.153614044189453 283.09881591796875 93.35919952392578 12.232338905334473 283.5069580078125 93.35919952392578 13.21769905090332 284.10638427734375 93.35919952392578 14.076141357421875 284.87664794921875 93.35919952392578 14.77843189239502 285.7915344238281 93.35919952392578 15.300654411315918 286.81988525390625 93.35919952392578 15.625025749206543 287.9266662597656 93.35919952392578 15.740499496459961 289.0742492675781 94.95919799804688 15.625025749206543 287.9266662597656 94.95919799804688 15.300654411315918 286.81988525390625 94.95919799804688 14.77843189239502 285.7915344238281 94.95919799804688 14.076141357421875 284.87664794921875 94.95919799804688 13.21769905090332 284.10638427734375 94.95919799804688 12.232338905334473 283.5069580078125 94.95919799804688 11.153614044189453 283.09881591796875 94.95919799804688 10.018260955810547 282.8958435058594 94.95919799804688 8.86494255065918 282.9049377441406 94.95919799804688 7.732933521270752 283.12579345703125 94.95919799804688 6.660782337188721 283.5509033203125 94.95919799804688 5.685000419616699 284.1658020019531 94.95919799804688 4.838817119598389 284.9494934082031 94.95919799804688 4.151048183441162 285.8753662109375 94.95919799804688 3.645113945007324 286.9118347167969 94.95919799804688 3.3382441997528076 288.0235900878906 94.95919799804688 -26.7581787109375 289.40948486328125 94.95919799804688 -14.258566856384277 289.3108825683594 93.35919952392578 -26.7581787109375 289.40948486328125 94.1592025756836 -14.258566856384277 289.3108825683594 94.1592025756836 -26.7581787109375 289.40948486328125 93.35919952392578 -26.66082191467285 288.26025390625 93.35919952392578 -26.353952407836914 287.1484680175781 93.35919952392578 -25.848018646240234 286.11199951171875 93.35919952392578 -25.160249710083008 285.1861572265625 93.35919952392578 -24.31406593322754 284.4024353027344 93.35919952392578 -23.33828353881836 283.7875671386719 93.35919952392578 -22.266132354736328 283.3624572753906 93.35919952392578 -21.134124755859375 283.1416015625 93.35919952392578 -19.980804443359375 283.13250732421875 93.35919952392578 -18.8454532623291 283.3354797363281 93.35919952392578 -17.766727447509766 283.7436218261719 93.35919952392578 -16.781368255615234 284.343017578125 93.35919952392578 -15.922924995422363 285.11328125 93.35919952392578 -15.220635414123535 286.0281677246094 93.35919952392578 -14.69841194152832 287.0565185546875 93.35919952392578 -14.374040603637695 288.163330078125 93.35919952392578 -14.258566856384277 289.3108825683594 94.95919799804688 -14.374040603637695 288.163330078125 94.95919799804688 -14.69841194152832 287.0565185546875 94.95919799804688 -15.220635414123535 286.0281677246094 94.95919799804688 -15.922924995422363 285.11328125 94.95919799804688 -16.781368255615234 284.343017578125 94.95919799804688 -17.766727447509766 283.7436218261719 94.95919799804688 -18.8454532623291 283.3354797363281 94.95919799804688 -19.980804443359375 283.13250732421875 94.95919799804688 -21.134124755859375 283.1416015625 94.95919799804688 -22.266132354736328 283.3624572753906 94.95919799804688 -23.33828353881836 283.7875671386719 94.95919799804688 -24.31406593322754 284.4024353027344 94.95919799804688 -25.160249710083008 285.1861572265625 94.95919799804688 -25.848018646240234 286.11199951171875 94.95919799804688 -26.353952407836914 287.1484680175781 94.95919799804688 -26.66082191467285 288.26025390625 94.95919799804688 -14.258566856384277 289.3108825683594 79.95919799804688 -26.7581787109375 289.40948486328125 81.95919799804688 -14.258566856384277 289.3108825683594 80.95919799804688 -26.7581787109375 289.40948486328125 80.95919799804688 -14.258566856384277 289.3108825683594 81.95919799804688 -14.426233291625977 287.9214172363281 81.95919799804688 -14.898883819580078 286.60406494140625 81.95919799804688 -15.652817726135254 285.4249572753906 81.95919799804688 -16.65022850036621 284.4431457519531 81.95919799804688 -17.841102600097656 283.7079162597656 81.95919799804688 -19.165725708007812 283.256103515625 81.95919799804688 -20.557674407958984 283.1103820800781 81.95919799804688 -21.94715118408203 283.2780456542969 81.95919799804688 -23.264480590820312 283.7507019042969 81.95919799804688 -24.4436092376709 284.504638671875 81.95919799804688 -25.42540740966797 285.5020446777344 81.95919799804688 -26.16064453125 286.69293212890625 81.95919799804688 -26.61245346069336 288.0175476074219 81.95919799804688 -26.7581787109375 289.40948486328125 79.95919799804688 -26.61245346069336 288.0175476074219 79.95919799804688 -26.16064453125 286.69293212890625 79.95919799804688 -25.42540740966797 285.5020446777344 79.95919799804688 -24.4436092376709 284.504638671875 79.95919799804688 -23.264480590820312 283.7507019042969 79.95919799804688 -21.94715118408203 283.2780456542969 79.95919799804688 -20.557674407958984 283.1103820800781 79.95919799804688 -19.165725708007812 283.256103515625 79.95919799804688 -17.841102600097656 283.7079162597656 79.95919799804688 -16.65022850036621 284.4431457519531 79.95919799804688 -15.652817726135254 285.4249572753906 79.95919799804688 -14.898883819580078 286.60406494140625 79.95919799804688 -14.426233291625977 287.9214172363281 79.95919799804688 15.740499496459961 289.0742492675781 79.95919799804688 3.2408885955810547 289.1728515625 81.95919799804688 15.740499496459961 289.0742492675781 80.95919799804688 3.2408885955810547 289.1728515625 80.95919799804688 15.740499496459961 289.0742492675781 81.95919799804688 15.572833061218262 287.68475341796875 81.95919799804688 15.10018253326416 286.367431640625 81.95919799804688 14.3462495803833 285.18829345703125 81.95919799804688 13.348837852478027 284.2065124511719 81.95919799804688 12.157962799072266 283.47125244140625 81.95919799804688 10.833340644836426 283.01947021484375 81.95919799804688 9.441391944885254 282.87371826171875 81.95919799804688 8.051915168762207 283.0414123535156 81.95919799804688 6.734585285186768 283.5140380859375 81.95919799804688 5.555458068847656 284.2679748535156 81.95919799804688 4.573659896850586 285.265380859375 81.95919799804688 3.8384225368499756 286.4562683105469 81.95919799804688 3.386613607406616 287.7808837890625 81.95919799804688 3.2408885955810547 289.1728515625 79.95919799804688 3.386613607406616 287.7808837890625 79.95919799804688 3.8384225368499756 286.4562683105469 79.95919799804688 4.573659896850586 285.265380859375 79.95919799804688 5.555458068847656 284.2679748535156 79.95919799804688 6.734585285186768 283.5140380859375 79.95919799804688 8.051915168762207 283.0414123535156 79.95919799804688 9.441391944885254 282.87371826171875 79.95919799804688 10.833340644836426 283.01947021484375 79.95919799804688 12.157962799072266 283.47125244140625 79.95919799804688 13.348837852478027 284.2065124511719 79.95919799804688 14.3462495803833 285.18829345703125 79.95919799804688 15.10018253326416 286.367431640625 79.95919799804688 15.572833061218262 287.68475341796875 79.95919799804688</float_array>
          <technique_common>
            <accessor count="4153" offset="0" source="#lib-position-array-aa07e5c6-3d74-42d9-b3a9-f10165e13461" stride="3">
              <param name="X" type="float" />
              <param name="Y" type="float" />
              <param name="Z" type="float" />
            </accessor>
          </technique_common>
        </source>
        <source id="lib-normal-aa07e5c6-3d74-42d9-b3a9-f10165e13461" name="normal">
          <float_array id="lib-normal-array-aa07e5c6-3d74-42d9-b3a9-f10165e13461" count="12459">0.999969 -0.007888 -0.000000 -0.999969 0.007888 -0.000000 -0.999969 0.007888 -0.000000 -0.999969 0.007888 -0.000000 0.973142 -0.230205 -0.000000 0.897518 -0.440977 -0.000000 0.776889 -0.629638 -0.000000 0.617303 -0.786726 -0.000000 0.426763 -0.904364 -0.000000 0.214823 -0.976653 -0.000000 -0.007888 -0.999969 -0.000000 -0.230205 -0.973142 -0.000000 -0.440977 -0.897518 -0.000000 -0.629638 -0.776889 -0.000000 -0.786726 -0.617303 -0.000000 -0.904364 -0.426763 -0.000000 -0.976653 -0.214823 -0.000000 0.999969 -0.007888 -0.000000 0.999969 -0.007888 -0.000000 -0.976653 -0.214823 -0.000000 -0.904364 -0.426763 -0.000000 -0.786726 -0.617303 -0.000000 -0.629638 -0.776889 -0.000000 -0.440977 -0.897518 -0.000000 -0.230205 -0.973142 -0.000000 -0.007888 -0.999969 -0.000000 0.214823 -0.976653 -0.000000 0.426763 -0.904364 -0.000000 0.617303 -0.786726 -0.000000 0.776889 -0.629638 -0.000000 0.897518 -0.440977 -0.000000 0.973142 -0.230205 -0.000000 -0.000000 0.000000 -1.000000 -0.000000 0.000000 -1.000000 -0.000000 0.000000 -1.000000 -0.000000 0.000000 -1.000000 -0.000000 0.000000 -1.000000 -0.000000 0.000000 -1.000000 -0.000000 0.000000 -1.000000 -0.000000 0.000000 -1.000000 -0.000000 0.000000 -1.000000 -0.000000 0.000000 -1.000000 -0.000000 0.000000 -1.000000 -0.000000 0.000000 -1.000000 -0.000000 0.000000 -1.000000 -0.000000 0.000000 -1.000000 -0.000000 0.000000 -1.000000 -0.000000 0.000000 -1.000000 -0.000000 0.000000 -1.000000 -0.000000 0.000000 -1.000000 -0.000000 0.000000 -1.000000 -0.000000 0.000000 -1.000000 -0.000000 0.000000 -1.000000 -0.000000 0.000000 -1.000000 -0.000000 0.000000 -1.000000 -0.000000 0.000000 -1.000000 -0.000000 0.000000 -1.000000 -0.000000 0.000000 -1.000000 -0.000000 0.000000 -1.000000 -0.000000 0.000000 -1.000000 -0.000000 0.000000 -1.000000 -0.000000 0.000000 -1.000000 -0.000000 0.000000 -1.000000 -0.000000 0.000000 -1.000000 -0.000000 0.000000 -1.000000 -0.000000 0.000000 -1.000000 -0.000000 0.000000 -1.000000 -0.000000 0.000000 -1.000000 -0.000000 0.000000 -1.000000 -0.000000 0.000000 -1.000000 -0.000000 0.000000 -1.000000 -0.000000 0.000000 -1.000000 -0.000000 0.000000 -1.000000 -0.000000 0.000000 -1.000000 -0.000000 0.000000 -1.000000 -0.000000 0.000000 -1.000000 -0.000000 0.000000 -1.000000 -0.000000 0.000000 -1.000000 -0.000000 0.000000 -1.000000 -0.000000 0.000000 -1.000000 -0.000000 0.000000 -1.000000 -0.000000 0.000000 -1.000000 -0.000000 0.000000 -1.000000 -0.000000 0.000000 -1.000000 0.999969 -0.007888 -0.000000 -0.999969 0.007888 -0.000000 -0.999969 0.007888 -0.000000 -0.999969 0.007888 -0.000000 0.973142 -0.230205 -0.000000 0.897518 -0.440977 -0.000000 0.776889 -0.629638 -0.000000 0.617303 -0.786726 -0.000000 0.426763 -0.904364 -0.000000 0.214823 -0.976653 -0.000000 -0.007888 -0.999969 -0.000000 -0.230205 -0.973142 -0.000000 -0.440977 -0.897518 -0.000000 -0.629638 -0.776889 -0.000000 -0.786726 -0.617303 -0.000000 -0.904364 -0.426763 -0.000000 -0.976653 -0.214823 -0.000000 0.999969 -0.007888 -0.000000 0.999969 -0.007888 -0.000000 -0.976653 -0.214823 -0.000000 -0.904364 -0.426763 -0.000000 -0.786726 -0.617303 -0.000000 -0.629638 -0.776889 -0.000000 -0.440977 -0.897518 -0.000000 -0.230205 -0.973142 -0.000000 -0.007888 -0.999969 -0.000000 0.214823 -0.976653 -0.000000 0.426763 -0.904364 -0.000000 0.617303 -0.786726 -0.000000 0.776889 -0.629638 -0.000000 0.897518 -0.440977 -0.000000 0.973142 -0.230205 -0.000000 -0.000000 0.000000 -1.000000 -0.000000 0.000000 -1.000000 -0.000000 0.000000 -1.000000 -0.000000 0.000000 -1.000000 -0.000000 0.000000 -1.000000 -0.000000 0.000000 -1.000000 -0.000000 0.000000 -1.000000 -0.000000 0.000000 -1.000000 -0.000000 0.000000 -1.000000 -0.000000 0.000000 -1.000000 -0.000000 0.000000 -1.000000 -0.000000 0.000000 -1.000000 -0.000000 0.000000 -1.000000 -0.000000 0.000000 -1.000000 -0.000000 0.000000 -1.000000 -0.000000 0.000000 -1.000000 -0.000000 0.000000 -1.000000 -0.000000 0.000000 -1.000000 -0.000000 0.000000 -1.000000 -0.000000 0.000000 -1.000000 -0.000000 0.000000 -1.000000 -0.000000 0.000000 -1.000000 -0.000000 0.000000 -1.000000 -0.000000 0.000000 -1.000000 -0.000000 0.000000 -1.000000 -0.000000 0.000000 -1.000000 -0.000000 0.000000 -1.000000 -0.000000 0.000000 -1.000000 -0.000000 0.000000 -1.000000 -0.000000 0.000000 -1.000000 -0.000000 0.000000 -1.000000 -0.000000 0.000000 -1.000000 -0.000000 0.000000 -1.000000 -0.000000 0.000000 -1.000000 -0.000000 0.000000 -1.000000 -0.000000 0.000000 -1.000000 -0.000000 0.000000 -1.000000 -0.000000 0.000000 -1.000000 -0.000000 0.000000 -1.000000 -0.000000 0.000000 -1.000000 -0.000000 0.000000 -1.000000 -0.000000 0.000000 -1.000000 -0.000000 0.000000 -1.000000 -0.000000 0.000000 -1.000000 -0.000000 0.000000 -1.000000 -0.000000 0.000000 -1.000000 -0.000000 0.000000 -1.000000 -0.000000 0.000000 -1.000000 -0.000000 0.000000 -1.000000 -0.000000 0.000000 -1.000000 -0.000000 0.000000 -1.000000 -0.000000 0.000000 -1.000000 -0.000000 0.000000 -1.000000 -0.000000 0.000000 -1.000000 -0.000000 0.000000 -1.000000 -0.000000 0.000000 -1.000000 -0.000000 0.000000 -1.000000 -0.000000 0.000000 -1.000000 -0.000000 0.000000 -1.000000 -0.000000 0.000000 -1.000000 -0.000000 0.000000 -1.000000 -0.999969 0.007888 -0.000000 0.999969 -0.007888 -0.000000 0.999969 -0.007888 -0.000000 0.999969 -0.007888 -0.000000 -0.984392 -0.175990 0.000000 -0.935293 -0.353875 0.000000 -0.854343 -0.519709 0.000000 -0.744300 -0.667845 0.000000 -0.608911 -0.793239 0.000000 -0.452786 -0.891619 0.000000 -0.281242 -0.959637 0.000000 -0.100120 -0.994975 0.000000 0.084411 -0.996431 -0.000000 0.266067 -0.963955 -0.000000 0.438663 -0.898652 -0.000000 0.596321 -0.802746 -0.000000 0.733672 -0.679504 -0.000000 0.846038 -0.533123 -0.000000 0.929594 -0.368586 -0.000000 0.981493 -0.191498 -0.000000 -0.999969 0.007888 -0.000000 -0.999969 0.007888 -0.000000 0.981493 -0.191498 -0.000000 0.929594 -0.368586 -0.000000 0.846038 -0.533123 -0.000000 0.733672 -0.679504 -0.000000 0.596321 -0.802746 -0.000000 0.438663 -0.898652 -0.000000 0.266067 -0.963955 -0.000000 0.084411 -0.996431 -0.000000 -0.100120 -0.994975 0.000000 -0.281242 -0.959637 0.000000 -0.452786 -0.891619 0.000000 -0.608911 -0.793239 0.000000 -0.744300 -0.667845 0.000000 -0.854343 -0.519709 0.000000 -0.935293 -0.353875 0.000000 -0.984392 -0.175990 0.000000 0.000000 -0.000000 1.000000 0.000000 -0.000000 1.000000 0.000000 -0.000000 1.000000 0.000000 -0.000000 1.000000 0.000000 -0.000000 1.000000 0.000000 -0.000000 1.000000 0.000000 -0.000000 1.000000 0.000000 -0.000000 1.000000 0.000000 -0.000000 1.000000 0.000000 -0.000000 1.000000 0.000000 -0.000000 1.000000 0.000000 -0.000000 1.000000 0.000000 -0.000000 1.000000 0.000000 -0.000000 1.000000 0.000000 -0.000000 1.000000 0.000000 -0.000000 1.000000 0.000000 -0.000000 1.000000 0.000000 -0.000000 1.000000 0.000000 -0.000000 1.000000 0.000000 -0.000000 1.000000 0.000000 -0.000000 1.000000 0.000000 -0.000000 1.000000 0.000000 -0.000000 1.000000 0.000000 -0.000000 1.000000 0.000000 -0.000000 1.000000 0.000000 -0.000000 1.000000 0.000000 -0.000000 1.000000 0.000000 -0.000000 1.000000 0.000000 -0.000000 1.000000 0.000000 -0.000000 1.000000 0.000000 -0.000000 1.000000 0.000000 -0.000000 1.000000 0.000000 -0.000000 1.000000 0.000000 -0.000000 1.000000 0.000000 -0.000000 1.000000 0.000000 -0.000000 1.000000 0.000000 -0.000000 1.000000 0.000000 -0.000000 1.000000 0.000000 -0.000000 1.000000 0.000000 -0.000000 1.000000 0.000000 -0.000000 1.000000 0.000000 -0.000000 1.000000 0.000000 -0.000000 1.000000 0.000000 -0.000000 1.000000 0.000000 -0.000000 1.000000 0.000000 -0.000000 1.000000 0.000000 -0.000000 1.000000 0.000000 -0.000000 1.000000 0.000000 -0.000000 1.000000 0.000000 -0.000000 1.000000 0.000000 -0.000000 1.000000 0.000000 -0.000000 1.000000 0.000000 -0.000000 1.000000 0.000000 -0.000000 1.000000 0.000000 -0.000000 1.000000 0.000000 -0.000000 1.000000 0.000000 -0.000000 1.000000 0.000000 -0.000000 1.000000 0.000000 -0.000000 1.000000 0.000000 -0.000000 1.000000 0.000000 -0.000000 1.000000 0.000000 -0.000000 1.000000 0.000000 -0.000000 1.000000 0.000000 -0.000000 1.000000 0.000000 -0.000000 1.000000 0.000000 -0.000000 1.000000 0.000000 -0.000000 1.000000 0.000000 -0.000000 1.000000 0.000000 -0.000000 1.000000 0.000000 -0.000000 1.000000 0.000000 -0.000000 1.000000 0.000000 -0.000000 1.000000 0.000000 -0.000000 1.000000 0.000000 -0.000000 1.000000 -0.999969 0.007888 -0.000000 0.999969 -0.007888 -0.000000 0.999969 -0.007888 -0.000000 0.999969 -0.007888 -0.000000 -0.984392 -0.175990 0.000000 -0.935293 -0.353875 0.000000 -0.854343 -0.519709 0.000000 -0.744300 -0.667845 0.000000 -0.608911 -0.793239 0.000000 -0.452786 -0.891619 0.000000 -0.281242 -0.959637 0.000000 -0.100120 -0.994975 0.000000 0.084411 -0.996431 -0.000000 0.266067 -0.963955 -0.000000 0.438663 -0.898652 -0.000000 0.596321 -0.802746 -0.000000 0.733672 -0.679504 -0.000000 0.846038 -0.533123 -0.000000 0.929594 -0.368586 -0.000000 0.981493 -0.191498 -0.000000 -0.999969 0.007888 -0.000000 -0.999969 0.007888 -0.000000 0.981493 -0.191498 -0.000000 0.929594 -0.368586 -0.000000 0.846038 -0.533123 -0.000000 0.733672 -0.679504 -0.000000 0.596321 -0.802746 -0.000000 0.438663 -0.898652 -0.000000 0.266067 -0.963955 -0.000000 0.084411 -0.996431 -0.000000 -0.100120 -0.994975 0.000000 -0.281242 -0.959637 0.000000 -0.452786 -0.891619 0.000000 -0.608911 -0.793239 0.000000 -0.744300 -0.667845 0.000000 -0.854343 -0.519709 0.000000 -0.935293 -0.353875 0.000000 -0.984392 -0.175990 0.000000 0.000000 -0.000000 1.000000 0.000000 -0.000000 1.000000 0.000000 -0.000000 1.000000 0.000000 -0.000000 1.000000 0.000000 -0.000000 1.000000 0.000000 -0.000000 1.000000 0.000000 -0.000000 1.000000 0.000000 -0.000000 1.000000 0.000000 -0.000000 1.000000 0.000000 -0.000000 1.000000 0.000000 -0.000000 1.000000 0.000000 -0.000000 1.000000 0.000000 -0.000000 1.000000 0.000000 -0.000000 1.000000 0.000000 -0.000000 1.000000 0.000000 -0.000000 1.000000 0.000000 -0.000000 1.000000 0.000000 -0.000000 1.000000 0.000000 -0.000000 1.000000 0.000000 -0.000000 1.000000 0.000000 -0.000000 1.000000 0.000000 -0.000000 1.000000 0.000000 -0.000000 1.000000 0.000000 -0.000000 1.000000 0.000000 -0.000000 1.000000 0.000000 -0.000000 1.000000 0.000000 -0.000000 1.000000 0.000000 -0.000000 1.000000 0.000000 -0.000000 1.000000 0.000000 -0.000000 1.000000 0.000000 -0.000000 1.000000 0.000000 -0.000000 1.000000 0.000000 -0.000000 1.000000 0.000000 -0.000000 1.000000 0.000000 -0.000000 1.000000 0.000000 -0.000000 1.000000 0.000000 -0.000000 1.000000 0.000000 -0.000000 1.000000 0.000000 -0.000000 1.000000 0.000000 -0.000000 1.000000 0.000000 -0.000000 1.000000 0.000000 -0.000000 1.000000 0.000000 -0.000000 1.000000 0.000000 -0.000000 1.000000 0.000000 -0.000000 1.000000 0.000000 -0.000000 1.000000 0.000000 -0.000000 1.000000 0.000000 -0.000000 1.000000 0.000000 -0.000000 1.000000 0.000000 -0.000000 1.000000 0.000000 -0.000000 1.000000 0.000000 -0.000000 1.000000 0.000000 -0.000000 1.000000 0.000000 -0.000000 1.000000 0.000000 -0.000000 1.000000 0.000000 -0.000000 1.000000 0.000000 -0.000000 1.000000 0.000000 -0.000000 1.000000 0.000000 -0.000000 1.000000 0.000000 -0.000000 1.000000 0.000000 -0.000000 1.000000 0.000000 -0.000000 1.000000 0.000000 -0.000000 1.000000 0.000000 -0.000000 1.000000 -0.083286 0.000657 0.996525 0.382672 -0.003019 0.923880 0.382672 -0.003019 0.923880 0.382672 -0.003019 0.923880 0.707085 -0.005578 0.707107 0.707085 -0.005578 0.707107 0.707085 -0.005578 0.707107 0.923851 -0.007288 0.382683 0.923851 -0.007288 0.382683 0.923851 -0.007288 0.382683 0.999969 -0.007888 -0.000000 0.999969 -0.007888 -0.000000 0.999969 -0.007888 -0.000000 0.915673 -0.007223 0.401858 0.676999 -0.005341 0.735965 0.324185 -0.002557 0.945990 0.999969 -0.007888 -0.000000 0.999969 -0.007888 -0.000000 0.999969 -0.007888 -0.000000 0.999969 -0.007888 -0.000000 -0.083286 0.000657 0.996525 0.324185 -0.002557 0.945990 0.676999 -0.005341 0.735965 0.915673 -0.007223 0.401858 -0.083286 0.000657 0.996525 -0.083286 0.000657 0.996525 -0.083286 0.000657 0.996525 -0.083286 0.000657 0.996525 -0.083286 0.000657 0.996525 0.999969 -0.007888 -0.000000 0.999969 -0.007888 -0.000000 0.923851 -0.007288 -0.382683 0.923851 -0.007288 -0.382683 0.923851 -0.007288 -0.382683 0.707085 -0.005578 -0.707107 0.707085 -0.005578 -0.707107 0.707085 -0.005578 -0.707107 0.382672 -0.003019 -0.923880 0.382672 -0.003019 -0.923880 0.382672 -0.003019 -0.923880 -0.000000 0.000000 -1.000000 -0.000000 0.000000 -1.000000 -0.000000 0.000000 -1.000000 -0.000000 0.000000 -1.000000 -0.000000 0.000000 -1.000000 -0.000000 0.000000 -1.000000 -0.000000 0.000000 -1.000000 0.923851 -0.007288 -0.382683 0.707085 -0.005578 -0.707107 0.382672 -0.003019 -0.923880 0.999969 -0.007888 -0.000000 0.999969 -0.007888 -0.000000 0.999969 -0.007888 -0.000000 0.999969 -0.007888 -0.000000 0.999969 -0.007888 -0.000000 0.382672 -0.003019 -0.923880 0.707085 -0.005578 -0.707107 0.923851 -0.007288 -0.382683 -0.999969 0.007888 0.000000 -0.923851 0.007288 0.382683 -0.923851 0.007288 0.382683 -0.923851 0.007288 0.382683 -0.707085 0.005578 0.707107 -0.707085 0.005578 0.707107 -0.707085 0.005578 0.707107 -0.382672 0.003019 0.923880 -0.382672 0.003019 0.923880 -0.382672 0.003019 0.923880 0.000000 -0.000000 1.000000 -0.382672 0.003019 0.923880 -0.707085 0.005578 0.707107 -0.923851 0.007288 0.382683 -0.000000 0.000000 1.000000 0.000000 -0.000000 1.000000 0.000000 -0.000000 1.000000 0.000000 -0.000000 1.000000 0.000000 -0.000000 1.000000 0.000000 -0.000000 1.000000 -0.951027 0.007502 0.309017 -0.808992 0.006382 0.587785 -0.587767 0.004637 0.809017 -0.309007 0.002438 0.951057 -0.999969 0.007888 0.000000 -0.999969 0.007888 0.000000 -0.999969 0.007888 0.000000 -0.999969 0.007888 0.000000 -0.999969 0.007888 0.000000 -0.999969 0.007888 0.000000 -0.999969 0.007888 0.000000 -0.999969 0.007888 0.000000 -0.923851 0.007288 -0.382683 -0.923851 0.007288 -0.382683 -0.923851 0.007288 -0.382683 -0.707085 0.005578 -0.707107 -0.707085 0.005578 -0.707107 -0.707085 0.005578 -0.707107 -0.382672 0.003019 -0.923880 -0.382672 0.003019 -0.923880 -0.382672 0.003019 -0.923880 -0.000000 0.000000 -1.000000 -0.309007 0.002438 -0.951057 -0.587767 0.004637 -0.809017 -0.808992 0.006382 -0.587785 -0.951027 0.007502 -0.309017 -0.000000 0.000000 -1.000000 -0.000000 0.000000 -1.000000 -0.000000 0.000000 -1.000000 -0.000000 0.000000 -1.000000 -0.000000 0.000000 -1.000000 -0.000000 0.000000 -1.000000 -0.923851 0.007288 -0.382683 -0.707085 0.005578 -0.707107 -0.382672 0.003019 -0.923880 -0.999969 0.007888 0.000000 -0.999969 0.007888 0.000000 -0.999969 0.007888 0.000000 -0.999969 0.007888 0.000000 -0.999969 0.007888 0.000000 0.999969 -0.007888 -0.000000 0.999969 -0.007888 -0.000000 0.999969 -0.007888 -0.000000 0.999969 -0.007888 -0.000000 0.999969 -0.007888 -0.000000 0.999969 -0.007888 -0.000000 0.999969 -0.007888 -0.000000 0.999969 -0.007888 -0.000000 0.999969 -0.007888 -0.000000 0.999969 -0.007888 -0.000000 0.999969 -0.007888 -0.000000 0.999969 -0.007888 -0.000000 0.999969 -0.007888 -0.000000 0.999969 -0.007888 -0.000000 0.999969 -0.007888 -0.000000 0.999969 -0.007888 -0.000000 -0.999969 0.007888 -0.000000 -0.999969 0.007888 -0.000000 -0.999969 0.007888 -0.000000 -0.999969 0.007888 -0.000000 -0.007888 -0.999969 -0.000000 -0.392695 -0.919669 -0.000000 -0.410441 -0.911887 -0.000000 -0.428635 -0.903478 -0.000000 -0.466270 -0.884643 -0.000000 -0.545714 -0.837971 -0.000000 -0.712864 -0.701302 -0.000000 -0.756743 -0.653712 -0.000000 -0.794688 -0.607018 -0.000000 -0.854791 -0.518972 -0.000000 -0.925995 -0.377537 -0.000000 -0.930912 -0.365244 -0.000000 -0.935645 -0.352941 -0.000000 -0.944567 -0.328318 -0.000000 -0.960268 -0.279079 -0.000000 -0.983442 -0.181224 -0.000000 0.919447 -0.393214 -0.000000 0.915918 -0.401364 -0.000000 0.912231 -0.409677 -0.000000 0.904357 -0.426776 -0.000000 0.886476 -0.462775 -0.000000 0.840973 -0.541078 -0.000000 0.701213 -0.712951 -0.000000 0.653903 -0.756578 -0.000000 0.607445 -0.794361 -0.000000 0.519682 -0.854360 -0.000000 0.377824 -0.925877 -0.000000 0.365655 -0.930750 -0.000000 0.353468 -0.935447 -0.000000 0.329054 -0.944311 -0.000000 0.280138 -0.959960 -0.000000 0.182518 -0.983203 -0.000000 0.999969 -0.007888 -0.000000 0.999969 -0.007888 -0.000000 -0.007888 -0.999969 -0.000000 0.378280 -0.925691 -0.000000 0.386341 -0.922356 -0.000000 0.394577 -0.918863 -0.000000 0.411561 -0.911382 -0.000000 0.447484 -0.894292 -0.000000 0.526251 -0.850329 -0.000000 0.701376 -0.712792 -0.000000 0.919713 -0.392592 -0.000000 0.924721 -0.380646 -0.000000 0.929560 -0.368671 -0.000000 0.938732 -0.344647 -0.000000 0.955073 -0.296370 -0.000000 0.979912 -0.199430 -0.000000 -0.926222 -0.376977 -0.000000 -0.923258 -0.384181 -0.000000 -0.920126 -0.391622 -0.000000 -0.913338 -0.407203 -0.000000 -0.897476 -0.441063 -0.000000 -0.855037 -0.518566 -0.000000 -0.713462 -0.700693 -0.000000 -0.669466 -0.742842 -0.000000 -0.625686 -0.780075 -0.000000 -0.540829 -0.841133 -0.000000 -0.392853 -0.919601 -0.000000 -0.380848 -0.924638 -0.000000 -0.368816 -0.929502 -0.000000 -0.344688 -0.938717 -0.000000 -0.296237 -0.955115 -0.000000 -0.199109 -0.979977 -0.000000 0.920832 -0.389959 -0.000000 0.375384 -0.926870 -0.000000 -0.007888 -0.999969 -0.000000 -0.389959 -0.920832 -0.000000 -0.712663 -0.701507 -0.000000 -0.926870 -0.375384 -0.000000 0.999969 -0.007888 -0.000000 0.999969 -0.007888 -0.000000 -0.999969 0.007888 -0.000000 -0.999969 0.007888 -0.000000 -0.999969 0.007888 -0.000000 -0.999969 0.007888 -0.000000 0.049266 -0.998786 -0.000000 -0.352586 -0.935780 -0.000000 -0.360781 -0.932651 -0.000000 -0.369181 -0.929358 -0.000000 -0.386579 -0.922256 -0.000000 -0.423676 -0.905814 -0.000000 -0.506084 -0.862484 -0.000000 -0.692416 -0.721498 -0.000000 -0.920481 -0.390786 -0.000000 -0.925678 -0.378312 -0.000000 -0.930689 -0.365812 -0.000000 -0.940155 -0.340746 -0.000000 -0.956896 -0.290432 -0.000000 -0.981844 -0.189691 -0.000000 0.871556 -0.490296 -0.000000 0.525945 -0.850518 -0.000000 0.999969 -0.007888 -0.000000 0.999969 -0.007888 -0.000000 0.049266 -0.998786 -0.000000 0.525945 -0.850518 -0.000000 0.871556 -0.490296 -0.000000 -0.920555 -0.390612 -0.000000 -0.917141 -0.398562 -0.000000 -0.913554 -0.406717 -0.000000 -0.905838 -0.423625 -0.000000 -0.888059 -0.459730 -0.000000 -0.841639 -0.540041 -0.000000 -0.692911 -0.721023 -0.000000 -0.353197 -0.935549 -0.000000 -0.340436 -0.940268 -0.000000 -0.327660 -0.944796 -0.000000 -0.302074 -0.953285 -0.000000 -0.250850 -0.968026 -0.000000 -0.148816 -0.988865 -0.000000 0.920832 -0.389959 -0.000000 0.375384 -0.926870 -0.000000 -0.007888 -0.999969 -0.000000 -0.389959 -0.920832 -0.000000 -0.926870 -0.375384 -0.000000 -0.712663 -0.701507 -0.000000 0.999969 -0.007888 -0.000000 0.999969 -0.007888 -0.000000 -0.999969 0.007888 -0.000000 -0.999969 0.007888 -0.000000 -0.999969 0.007888 -0.000000 -0.999969 0.007888 -0.000000 -0.998786 -0.049266 -0.000000 0.866844 -0.498579 -0.000000 0.509642 -0.860387 -0.000000 0.020697 -0.999786 -0.000000 -0.473598 -0.880741 -0.000000 -0.845468 -0.534026 -0.000000 0.999969 -0.007888 -0.000000 0.999969 -0.007888 -0.000000 -0.998786 -0.049266 -0.000000 -0.845468 -0.534026 -0.000000 -0.473598 -0.880741 -0.000000 0.020697 -0.999786 -0.000000 0.509642 -0.860387 -0.000000 0.866844 -0.498579 -0.000000 0.920832 -0.389959 -0.000000 0.375384 -0.926870 -0.000000 -0.007888 -0.999969 -0.000000 -0.389959 -0.920832 -0.000000 -0.712663 -0.701507 -0.000000 -0.926870 -0.375384 -0.000000 0.999969 -0.007888 -0.000000 0.999969 -0.007888 -0.000000 -0.999969 0.007888 -0.000000 -0.999969 0.007888 -0.000000 -0.999969 0.007888 -0.000000 -0.999969 0.007888 -0.000000 0.897518 -0.440977 -0.000000 0.617303 -0.786726 -0.000000 0.214823 -0.976653 -0.000000 -0.230205 -0.973142 -0.000000 -0.629638 -0.776889 -0.000000 -0.904364 -0.426763 -0.000000 0.999969 -0.007888 -0.000000 0.999969 -0.007888 -0.000000 -0.904364 -0.426763 -0.000000 -0.629638 -0.776889 -0.000000 -0.230205 -0.973142 -0.000000 0.214823 -0.976653 -0.000000 0.617303 -0.786726 -0.000000 0.897518 -0.440977 -0.000000 0.920832 -0.389959 -0.000000 0.375384 -0.926870 -0.000000 -0.007888 -0.999969 -0.000000 -0.712663 -0.701507 -0.000000 -0.389959 -0.920832 -0.000000 -0.926870 -0.375384 -0.000000 -0.999969 0.007888 0.000000 -0.999969 0.007888 0.000000 -0.999969 0.007888 0.000000 -0.999969 0.007888 0.000000 -0.999969 0.007888 0.000000 -0.999969 0.007888 0.000000 0.000000 -0.000000 1.000000 0.082224 -0.000649 0.996614 0.082224 -0.000649 0.996614 0.082224 -0.000649 0.996614 0.160532 -0.001266 0.987030 0.160532 -0.001266 0.987030 0.160532 -0.001266 0.987030 0.237110 -0.001870 0.971481 0.237110 -0.001870 0.971481 0.237110 -0.001870 0.971481 0.312240 -0.002463 0.950000 0.000000 -0.000000 1.000000 0.158109 -0.001247 0.987421 0.000000 -0.000000 1.000000 0.000000 -0.000000 1.000000 0.000000 -0.000000 1.000000 0.000000 -0.000000 1.000000 0.000000 -0.000000 1.000000 0.312240 -0.002463 0.950000 0.158109 -0.001247 0.987421 0.312240 -0.002463 0.950000 0.312240 -0.002463 0.950000 0.312240 -0.002463 0.950000 0.312240 -0.002463 0.950000 0.312240 -0.002463 0.950000 0.000000 -0.000000 1.000000 0.082224 -0.000649 0.996614 0.082224 -0.000649 0.996614 0.082224 -0.000649 0.996614 0.160532 -0.001266 0.987030 0.160532 -0.001266 0.987030 0.160532 -0.001266 0.987030 0.237110 -0.001870 0.971481 0.237110 -0.001870 0.971481 0.237110 -0.001870 0.971481 0.312240 -0.002463 0.950000 0.312240 -0.002463 0.950000 0.312240 -0.002463 0.950000 0.312240 -0.002463 0.950000 0.312240 -0.002463 0.950000 0.312240 -0.002463 0.950000 0.000000 -0.000000 1.000000 0.000000 -0.000000 1.000000 0.000000 -0.000000 1.000000 0.000000 -0.000000 1.000000 0.000000 -0.000000 1.000000 0.000000 -0.000000 1.000000 0.105653 -0.000833 0.994403 0.210123 -0.001658 0.977674 0.312240 -0.002463 0.950000 0.210123 -0.001658 0.977674 0.105653 -0.000833 0.994403 0.238478 -0.001881 -0.971146 0.238478 -0.001881 -0.971146 0.238478 -0.001881 -0.971146 0.160512 -0.001266 -0.987033 0.160512 -0.001266 -0.987033 0.160512 -0.001266 -0.987033 0.080517 -0.000635 -0.996753 0.080517 -0.000635 -0.996753 0.080517 -0.000635 -0.996753 -0.000000 0.000000 -1.000000 0.312240 -0.002463 -0.950000 0.158109 -0.001247 -0.987421 0.312240 -0.002463 -0.950000 0.312240 -0.002463 -0.950000 0.312240 -0.002463 -0.950000 0.312240 -0.002463 -0.950000 0.312240 -0.002463 -0.950000 0.312240 -0.002463 -0.950000 0.158109 -0.001247 -0.987421 -0.000000 0.000000 -1.000000 -0.000000 0.000000 -1.000000 -0.000000 0.000000 -1.000000 -0.000000 0.000000 -1.000000 -0.000000 0.000000 -1.000000 -0.000000 0.000000 -1.000000 0.312240 -0.002463 -0.950000 0.217361 -0.001715 -0.976090 0.217361 -0.001715 -0.976090 0.217361 -0.001715 -0.976090 0.120176 -0.000948 -0.992752 0.120176 -0.000948 -0.992752 0.120176 -0.000948 -0.992752 0.019490 -0.000154 -0.999810 0.019490 -0.000154 -0.999810 0.019490 -0.000154 -0.999810 0.312240 -0.002463 -0.950000 0.312240 -0.002463 -0.950000 0.312240 -0.002463 -0.950000 0.312240 -0.002463 -0.950000 0.312240 -0.002463 -0.950000 0.312240 -0.002463 -0.950000 0.215611 -0.001701 -0.976478 0.116817 -0.000922 -0.993153 0.016850 -0.000133 -0.999858 -0.083286 0.000657 -0.996525 -0.083286 0.000657 -0.996525 -0.083286 0.000657 -0.996525 -0.083286 0.000657 -0.996525 -0.083286 0.000657 -0.996525 -0.083286 0.000657 -0.996525 -0.083286 0.000657 -0.996525 0.016850 -0.000133 -0.999858 0.116817 -0.000922 -0.993153 0.215611 -0.001701 -0.976478 -0.923851 0.007288 -0.382683 -0.923851 0.007288 -0.382683 -0.923851 0.007288 -0.382683 -0.707085 0.005578 -0.707107 -0.707085 0.005578 -0.707107 -0.707085 0.005578 -0.707107 -0.382672 0.003019 -0.923880 -0.382672 0.003019 -0.923880 -0.382672 0.003019 -0.923880 0.000000 -0.000000 -1.000000 0.000000 -0.000000 -1.000000 -0.000000 0.000000 -1.000000 -0.999969 0.007888 -0.000000 -0.951027 0.007502 -0.309017 -0.808992 0.006382 -0.587785 -0.587767 0.004637 -0.809017 -0.309007 0.002438 -0.951057 -0.309007 0.002438 -0.951057 -0.587767 0.004637 -0.809017 -0.808992 0.006382 -0.587785 -0.951027 0.007502 -0.309017 -0.000000 0.000000 -1.000000 -0.000000 0.000000 -1.000000 -0.000000 0.000000 -1.000000 -0.000000 0.000000 -1.000000 -0.999969 0.007888 0.000000 -0.999969 0.007888 0.000000 -0.999969 0.007888 0.000000 -0.999969 0.007888 -0.000000 -0.999969 0.007888 0.000000 -0.999969 0.007888 0.000000 0.000000 -0.000000 1.000000 0.000000 -0.000000 1.000000 -0.382672 0.003019 0.923880 -0.382672 0.003019 0.923880 -0.382672 0.003019 0.923880 -0.707085 0.005578 0.707107 -0.707085 0.005578 0.707107 -0.707085 0.005578 0.707107 -0.923851 0.007288 0.382683 -0.923851 0.007288 0.382683 -0.923851 0.007288 0.382683 -0.309007 0.002438 0.951057 -0.587767 0.004637 0.809017 -0.808992 0.006382 0.587785 -0.951027 0.007502 0.309017 -0.999969 0.007888 0.000000 -0.951027 0.007502 0.309017 -0.808992 0.006382 0.587785 -0.587767 0.004637 0.809017 -0.309007 0.002438 0.951057 -0.999969 0.007888 0.000000 -0.999969 0.007888 0.000000 -0.999969 0.007888 0.000000 -0.999969 0.007888 0.000000 -0.999969 0.007888 0.000000 -0.999969 0.007888 0.000000 0.000000 -0.000000 1.000000 0.000000 -0.000000 1.000000 0.000000 -0.000000 1.000000 0.000000 -0.000000 1.000000 0.000000 -0.000000 1.000000 0.005578 0.707085 0.707107 -0.072947 0.383271 0.920751 -0.052563 0.707543 0.704712 -0.024178 0.924099 0.381388 -0.145293 0.383842 0.911897 -0.107935 0.707980 0.697936 -0.054145 0.924335 0.377720 -0.216042 0.384400 0.897531 -0.162084 0.708407 0.686941 -0.083450 0.924567 0.371770 0.007888 0.999969 0.000000 0.007888 0.999969 0.000000 0.007288 0.923851 0.382683 0.003019 0.382672 0.923880 0.000000 0.000000 1.000000 -0.052900 0.000417 0.998600 -0.105653 0.000833 0.994403 -0.158109 0.001247 0.987421 -0.210123 0.001658 0.977674 -0.261548 0.002063 0.965188 -0.312240 0.002463 0.950000 -0.285454 0.384947 0.877686 -0.215209 0.708826 0.671751 -0.112201 0.924793 0.363549 0.007888 0.999969 0.000000 0.007888 0.999969 0.000000 0.007888 0.999969 0.000000 0.007888 0.999969 0.000000 0.007888 0.999969 0.000000 0.000000 -0.000000 1.000000 -0.024178 0.924099 0.381388 -0.052563 0.707543 0.704712 -0.072947 0.383271 0.920751 -0.054145 0.924335 0.377720 -0.107935 0.707980 0.697936 -0.145293 0.383842 0.911897 -0.083450 0.924567 0.371770 -0.162084 0.708407 0.686941 -0.216042 0.384400 0.897531 -0.312240 0.002463 0.950000 0.007888 0.999969 -0.000000 -0.112201 0.924793 0.363549 -0.215209 0.708826 0.671751 -0.285454 0.384947 0.877686 0.003019 0.382672 0.923880 0.005578 0.707085 0.707107 0.007288 0.923851 0.382683 0.007888 0.999969 -0.000000 0.007888 0.999969 -0.000000 0.007888 0.999969 -0.000000 0.007888 0.999969 -0.000000 0.007888 0.999969 -0.000000 0.007888 0.999969 -0.000000 -0.261548 0.002063 0.965188 -0.210123 0.001658 0.977674 -0.158109 0.001247 0.987421 -0.105653 0.000833 0.994403 -0.052900 0.000417 0.998600 0.007888 0.999969 -0.000000 0.007888 0.999969 -0.000000 0.007888 0.999969 -0.000000 0.007288 0.923851 0.382683 0.007288 0.923851 0.382683 0.007288 0.923851 0.382683 0.005578 0.707085 0.707107 0.005578 0.707085 0.707107 0.005578 0.707085 0.707107 0.005578 0.707085 0.707107 0.003019 0.382672 0.923880 0.003019 0.382672 0.923880 0.003019 0.382672 0.923880 -0.000000 0.000000 1.000000 -0.000000 0.000000 1.000000 -0.000000 0.000000 1.000000 0.003019 0.382672 0.923880 0.005578 0.707085 0.707107 0.007288 0.923851 0.382683 0.007288 0.923851 0.382683 0.003019 0.382672 0.923880 -0.000000 0.000000 1.000000 -0.000000 0.000000 1.000000 -0.000000 0.000000 1.000000 -0.000000 0.000000 1.000000 0.007888 0.999969 -0.000000 0.007888 0.999969 -0.000000 0.007888 0.999969 -0.000000 0.007888 0.999969 -0.000000 0.007888 0.999969 -0.000000 0.007888 0.999969 -0.000000 0.007288 0.923851 0.382683 0.007288 0.923851 0.382683 0.007288 0.923851 0.382683 0.005578 0.707085 0.707107 0.005578 0.707085 0.707107 0.005578 0.707085 0.707107 0.003019 0.382672 0.923880 0.003019 0.382672 0.923880 0.003019 0.382672 0.923880 0.000000 0.000000 1.000000 0.000000 0.000000 1.000000 0.001218 0.154375 0.988012 0.001244 0.157646 0.987495 0.001270 0.160983 0.986956 0.001324 0.167851 0.985812 0.001438 0.182314 0.983239 0.001687 0.213793 0.976877 0.002232 0.282950 0.959132 0.002371 0.300537 0.953767 0.002491 0.315773 0.948832 0.002682 0.340023 0.940413 0.002912 0.369136 0.929371 0.002928 0.371123 0.928579 0.002943 0.373039 0.927811 0.002971 0.376658 0.926347 0.003022 0.383064 0.923717 0.003098 0.392659 0.919679 0.007288 0.923851 0.382683 0.005578 0.707085 0.707107 0.003019 0.382672 0.923880 0.003155 0.399988 0.916515 0.005647 0.715899 0.698181 0.007307 0.926233 0.376881 0.007888 0.999969 -0.000000 0.007888 0.999969 -0.000000 0.007888 0.999969 -0.000000 0.007888 0.999969 -0.000000 0.007888 0.999969 -0.000000 0.000000 0.000000 1.000000 0.000000 0.000000 1.000000 0.000000 0.000000 1.000000 0.000000 0.000000 1.000000 0.000000 0.000000 1.000000 0.007888 0.999969 0.000000 0.007288 0.923851 0.382683 0.005578 0.707085 0.707107 0.003019 0.382672 0.923880 -0.173086 0.907521 0.382683 -0.132475 0.694587 0.707107 -0.071695 0.375908 0.923880 -0.346809 0.856316 0.382683 -0.265436 0.655396 0.707107 -0.143653 0.354698 0.923880 -0.507204 0.772203 0.382683 -0.388197 0.591018 0.707107 -0.210091 0.319857 0.923880 -0.648108 0.658414 0.382683 -0.496040 0.503929 0.707107 -0.268455 0.272724 0.923880 -0.764105 0.519324 0.382683 -0.584821 0.397473 0.707107 -0.316503 0.215111 0.923880 -0.850738 0.360276 0.382683 -0.651127 0.275743 0.707107 -0.352387 0.149231 0.923880 -0.904677 0.187382 0.382683 -0.692410 0.143416 0.707107 -0.374730 0.077616 0.923880 -0.923851 0.007288 0.382683 -0.707085 0.005578 0.707107 -0.382672 0.003019 0.923880 -0.907521 -0.173086 0.382683 -0.694587 -0.132475 0.707107 -0.375908 -0.071695 0.923880 -0.856316 -0.346809 0.382683 -0.655396 -0.265436 0.707107 -0.354698 -0.143653 0.923880 -0.772203 -0.507204 0.382683 -0.591018 -0.388197 0.707107 -0.319857 -0.210091 0.923880 -0.658414 -0.648108 0.382683 -0.503929 -0.496040 0.707107 -0.272724 -0.268455 0.923880 -0.519324 -0.764105 0.382683 -0.397473 -0.584821 0.707107 -0.215111 -0.316503 0.923880 -0.360276 -0.850738 0.382683 -0.275743 -0.651127 0.707107 -0.149231 -0.352387 0.923880 -0.187382 -0.904677 0.382683 -0.143416 -0.692410 0.707107 -0.077616 -0.374730 0.923880 -0.007888 -0.999969 0.000000 0.000000 -0.000000 1.000000 0.003019 0.382672 0.923880 0.005578 0.707085 0.707107 0.007288 0.923851 0.382683 -0.007288 -0.923851 0.382683 -0.005578 -0.707085 0.707107 -0.003019 -0.382672 0.923880 0.000000 0.000000 1.000000 0.000000 0.000000 1.000000 0.000000 0.000000 1.000000 0.000000 0.000000 1.000000 0.000000 0.000000 1.000000 0.000000 0.000000 1.000000 0.000000 0.000000 1.000000 0.000000 0.000000 1.000000 0.000000 0.000000 1.000000 0.000000 -0.000000 1.000000 0.000000 -0.000000 1.000000 0.000000 -0.000000 1.000000 0.000000 -0.000000 1.000000 0.000000 -0.000000 1.000000 0.000000 -0.000000 1.000000 0.000000 -0.000000 1.000000 0.000000 -0.000000 1.000000 0.000000 -0.000000 1.000000 -0.128347 0.991729 0.000000 -0.262192 0.965016 0.000000 -0.391153 0.920326 0.000000 -0.512828 0.858491 0.000000 -0.624949 0.780665 0.000000 -0.725429 0.688297 0.000000 -0.812395 0.583107 0.000000 -0.884228 0.467055 0.000000 -0.939590 0.342302 0.000000 -0.977449 0.211173 0.000000 -0.997099 0.076110 0.000000 -0.998176 -0.060370 0.000000 -0.980659 -0.195726 0.000000 -0.944873 -0.327436 0.000000 -0.891487 -0.453047 0.000000 -0.821494 -0.570218 0.000000 -0.736197 -0.676767 0.000000 -0.637187 -0.770709 0.000000 -0.526308 -0.850294 0.000000 -0.405624 -0.914040 0.000000 -0.277384 -0.960759 0.000000 -0.143977 -0.989581 0.000000 0.999969 -0.007888 -0.000000 0.961535 0.183388 0.204499 0.902720 0.172171 0.394276 0.809949 0.154477 0.565791 0.687694 0.131160 0.714055 0.539669 0.102928 0.835561 0.371422 0.070839 0.925758 0.189257 0.036096 0.981264 0.907282 0.367451 0.204499 0.851786 0.344975 0.394276 0.764249 0.309522 0.565791 0.648892 0.262802 0.714055 0.509219 0.206235 0.835561 0.350465 0.141939 0.925758 0.178579 0.072325 0.981264 0.818163 0.537392 0.204499 0.768118 0.504521 0.394276 0.689180 0.452672 0.565791 0.585154 0.384345 0.714055 0.459201 0.301616 0.835561 0.316040 0.207584 0.925758 0.161037 0.105774 0.981264 0.697602 0.686682 0.204499 0.654932 0.644679 0.394276 0.587625 0.578427 0.565791 0.498928 0.491118 0.714055 0.391535 0.385406 0.835561 0.269470 0.265252 0.925758 0.137308 0.135158 0.981264 0.550233 0.809583 0.204499 0.516576 0.760063 0.394276 0.463489 0.681952 0.565791 0.393529 0.579017 0.714055 0.308823 0.454385 0.835561 0.212544 0.312726 0.925758 0.108301 0.159349 0.981264 0.381718 0.901372 0.204499 0.358370 0.846237 0.394276 0.321541 0.759271 0.565791 0.273007 0.644665 0.714055 0.214243 0.505902 0.835561 0.147450 0.348182 0.925758 0.075133 0.177415 0.981264 0.198535 0.958522 0.204499 0.186391 0.899892 0.394276 0.167236 0.807411 0.565791 0.141993 0.685539 0.714055 0.111429 0.537978 0.835561 0.076690 0.370258 0.925758 0.039077 0.188664 0.981264 0.003155 0.399988 0.916515 0.017746 0.371630 0.928211 0.018304 0.368837 0.929314 0.018859 0.365814 0.930497 0.019948 0.359030 0.933113 0.021939 0.342168 0.939383 0.024184 0.292328 0.956012 0.024132 0.274804 0.961197 0.023774 0.257543 0.965974 0.022403 0.224772 0.974154 0.018698 0.171520 0.985003 0.018305 0.166861 0.985810 0.017901 0.162193 0.986597 0.017064 0.152834 0.988105 0.015282 0.134050 0.990857 0.011365 0.096438 0.995274 0.002765 0.022615 0.999740 0.000000 0.000000 1.000000 0.156687 0.014920 0.987536 0.159824 0.015150 0.987029 0.163038 0.015382 0.986500 0.169691 0.015847 0.985370 0.183847 0.016770 0.982812 0.215148 0.018444 0.976407 0.285184 0.019707 0.958270 0.370020 0.012312 0.928942 0.371949 0.011890 0.928177 0.373809 0.011460 0.927435 0.377325 0.010581 0.926021 0.383549 0.008749 0.923479 0.392879 0.004872 0.919577 0.399988 -0.003155 0.916515 0.007888 0.999969 -0.000000 0.007307 0.926233 0.376881 0.005647 0.715899 0.698181 0.715899 -0.005647 0.698181 0.926233 -0.007307 0.376881 -0.000000 -0.000000 1.000000 0.000000 0.000000 1.000000 0.000000 0.000000 1.000000 0.000000 0.000000 1.000000 0.000000 0.000000 1.000000 0.000000 0.000000 1.000000 0.000000 0.000000 1.000000 0.000000 0.000000 1.000000 0.375448 0.926844 -0.000000 0.256323 0.966591 -0.000000 0.133156 0.991095 -0.000000 0.992228 0.124433 -0.000000 0.967055 0.254569 -0.000000 0.924891 0.380231 -0.000000 0.866479 0.499214 -0.000000 0.792843 0.609426 -0.000000 0.705278 0.708931 -0.000000 0.605321 0.795981 -0.000000 0.494730 0.869047 -0.000000 -0.007888 -0.999969 0.000000 -0.007288 -0.923851 0.382683 -0.007288 -0.923851 0.382683 -0.007288 -0.923851 0.382683 -0.007288 -0.923851 0.382683 -0.005578 -0.707085 0.707107 -0.005578 -0.707085 0.707107 -0.005578 -0.707085 0.707107 -0.003019 -0.382672 0.923880 -0.003019 -0.382672 0.923880 -0.003019 -0.382672 0.923880 0.000000 -0.000000 1.000000 0.000000 0.000000 1.000000 -0.003019 -0.382672 0.923880 -0.005578 -0.707085 0.707107 -0.007288 -0.923851 0.382683 -0.007888 -0.999969 -0.000000 -0.005578 -0.707085 0.707107 -0.003019 -0.382672 0.923880 0.000000 0.000000 1.000000 0.000000 0.000000 1.000000 0.000000 0.000000 1.000000 0.000000 0.000000 1.000000 0.000000 0.000000 1.000000 -0.007888 -0.999969 0.000000 -0.007888 -0.999969 0.000000 -0.007888 -0.999969 0.000000 -0.007888 -0.999969 0.000000 -0.007888 -0.999969 0.000000 -0.007888 -0.999969 0.000000 -0.007288 -0.923851 0.382683 -0.007288 -0.923851 0.382683 -0.007288 -0.923851 0.382683 -0.005578 -0.707085 0.707107 -0.005578 -0.707085 0.707107 -0.005578 -0.707085 0.707107 -0.005578 -0.707085 0.707107 -0.003019 -0.382672 0.923880 -0.003019 -0.382672 0.923880 -0.003019 -0.382672 0.923880 -0.003019 -0.382672 0.923880 0.000000 0.000000 1.000000 0.000000 0.000000 1.000000 0.000000 0.000000 1.000000 0.000000 0.000000 1.000000 0.000000 0.000000 1.000000 0.000000 0.000000 1.000000 0.000000 0.000000 1.000000 -0.007288 -0.923851 0.382683 -0.007888 -0.999969 0.000000 -0.007888 -0.999969 0.000000 -0.007888 -0.999969 0.000000 -0.007888 -0.999969 0.000000 -0.007888 -0.999969 0.000000 -0.007888 -0.999969 0.000000 -0.007307 -0.926233 0.376881 -0.005647 -0.715899 0.698181 -0.003155 -0.399988 0.916515 -0.002910 -0.368935 0.929451 -0.002900 -0.367576 0.929989 -0.002888 -0.366153 0.930550 -0.002864 -0.363107 0.931743 -0.002810 -0.356156 0.934422 -0.002669 -0.338344 0.941019 -0.002232 -0.282886 0.959151 -0.001216 -0.154125 0.988051 -0.001178 -0.149331 0.988787 -0.001140 -0.144527 0.989500 -0.001064 -0.134890 0.990860 -0.000911 -0.115530 0.993304 -0.000605 -0.076678 0.997056 -0.223344 -0.380933 0.897222 -0.174207 -0.705755 0.686704 -0.098549 -0.923131 0.371642 -0.151312 -0.381502 0.911900 -0.119077 -0.706189 0.697938 -0.068713 -0.923366 0.377721 -0.077407 -0.382085 0.920880 -0.062512 -0.706636 0.704811 -0.038101 -0.923608 0.381441 0.000000 -0.000000 1.000000 -0.007888 -0.999969 0.000000 -0.003019 -0.382672 0.923880 -0.005578 -0.707085 0.707107 -0.007288 -0.923851 0.382683 -0.007888 -0.999969 0.000000 -0.126777 -0.922908 0.363549 -0.226365 -0.705343 0.671751 -0.291491 -0.380396 0.877686 -0.312240 0.002463 0.950000 -0.261548 0.002063 0.965188 -0.210123 0.001658 0.977674 -0.158109 0.001247 0.987421 -0.105653 0.000833 0.994403 -0.052900 0.000417 0.998600 -0.007888 -0.999969 0.000000 -0.007888 -0.999969 0.000000 -0.007888 -0.999969 0.000000 -0.007888 -0.999969 0.000000 -0.007888 -0.999969 0.000000 -0.312240 0.002463 0.950000 -0.098549 -0.923131 0.371642 -0.174207 -0.705755 0.686704 -0.223344 -0.380933 0.897222 -0.068713 -0.923366 0.377721 -0.119077 -0.706189 0.697938 -0.151312 -0.381502 0.911900 -0.038101 -0.923608 0.381441 -0.062512 -0.706636 0.704811 -0.077407 -0.382085 0.920880 0.000000 -0.000000 1.000000 -0.007888 -0.999969 -0.000000 -0.007288 -0.923851 0.382683 -0.005578 -0.707085 0.707107 -0.003019 -0.382672 0.923880 -0.291491 -0.380396 0.877686 -0.226365 -0.705343 0.671751 -0.126777 -0.922908 0.363549 -0.007888 -0.999969 -0.000000 -0.007888 -0.999969 -0.000000 -0.007888 -0.999969 -0.000000 -0.007888 -0.999969 -0.000000 -0.007888 -0.999969 -0.000000 -0.007888 -0.999969 -0.000000 -0.052900 0.000417 0.998600 -0.105653 0.000833 0.994403 -0.158109 0.001247 0.987421 -0.210123 0.001658 0.977674 -0.261548 0.002063 0.965188 0.197273 0.952432 -0.232286 0.181537 0.876457 -0.445945 0.157135 0.758643 -0.632273 0.125110 0.604029 -0.787081 0.086968 0.419881 -0.903403 0.044574 0.215202 -0.975552 0.379293 0.895645 -0.232286 0.349037 0.824200 -0.445945 0.302119 0.713410 -0.632273 0.240547 0.568015 -0.787081 0.167212 0.394846 -0.903403 0.085701 0.202371 -0.975552 0.546737 0.804439 -0.232286 0.503124 0.740269 -0.445945 0.435494 0.640762 -0.632273 0.346739 0.510173 -0.787081 0.241030 0.354638 -0.903403 0.123535 0.181763 -0.975552 0.693170 0.682319 -0.232286 0.637876 0.627891 -0.445945 0.552132 0.543489 -0.632273 0.439606 0.432725 -0.787081 0.305585 0.300801 -0.903403 0.156621 0.154170 -0.975552 0.812964 0.533978 -0.232286 0.748115 0.491383 -0.445945 0.647553 0.425331 -0.632273 0.515580 0.338647 -0.787081 0.358396 0.235405 -0.903403 0.183689 0.120652 -0.975552 0.901517 0.365116 -0.232286 0.829604 0.335991 -0.445945 0.718088 0.290827 -0.632273 0.571740 0.231555 -0.787081 0.397435 0.160962 -0.903403 0.203698 0.082498 -0.975552 0.955426 0.182223 -0.232286 0.879212 0.167687 -0.445945 0.761028 0.145147 -0.632273 0.605928 0.115565 -0.787081 0.421201 0.080333 -0.903403 0.215878 0.041173 -0.975552 0.972617 -0.007673 -0.232286 0.895032 -0.007061 -0.445945 0.774721 -0.006112 -0.632273 0.616831 -0.004866 -0.787081 0.952432 -0.197273 -0.232286 0.876457 -0.181537 -0.445945 0.758643 -0.157135 -0.632273 0.604029 -0.125110 -0.787081 0.419881 -0.086968 -0.903403 0.215202 -0.044574 -0.975552 0.895645 -0.379293 -0.232286 0.824200 -0.349037 -0.445945 0.713410 -0.302119 -0.632273 0.568015 -0.240547 -0.787081 0.394846 -0.167212 -0.903403 0.202371 -0.085701 -0.975552 0.804439 -0.546737 -0.232286 0.740269 -0.503124 -0.445945 0.640762 -0.435494 -0.632273 0.510173 -0.346739 -0.787081 0.354638 -0.241030 -0.903403 0.181763 -0.123535 -0.975552 0.682319 -0.693170 -0.232286 0.627891 -0.637876 -0.445945 0.543489 -0.552132 -0.632273 0.432725 -0.439606 -0.787081 0.300801 -0.305585 -0.903403 0.154170 -0.156621 -0.975552 0.533978 -0.812964 -0.232286 0.491383 -0.748115 -0.445945 0.425331 -0.647553 -0.632273 0.338647 -0.515580 -0.787081 0.235405 -0.358396 -0.903403 0.120652 -0.183689 -0.975552 0.365116 -0.901517 -0.232286 0.335991 -0.829604 -0.445945 0.290827 -0.718088 -0.632273 0.231555 -0.571740 -0.787081 0.160962 -0.397435 -0.903403 0.082498 -0.203698 -0.975552 0.182223 -0.955426 -0.232286 0.167687 -0.879212 -0.445945 0.145147 -0.761028 -0.632273 0.115565 -0.605928 -0.787081 0.080333 -0.421201 -0.903403 0.041173 -0.215878 -0.975552 0.002765 0.022615 -0.999740 0.018681 0.171308 -0.985040 0.018907 0.174036 -0.984558 0.019137 0.176853 -0.984051 0.019605 0.182746 -0.982965 0.020561 0.195525 -0.980483 0.022395 0.224621 -0.974189 0.024186 0.292105 -0.956080 0.023927 0.307563 -0.951227 0.023412 0.321160 -0.946735 0.021833 0.343357 -0.938951 0.017756 0.371718 -0.928176 0.017369 0.373524 -0.927458 0.016975 0.375266 -0.926762 0.016165 0.378561 -0.925435 0.014468 0.384404 -0.923052 0.010836 0.393194 -0.919392 0.003155 0.399988 -0.916515 0.002408 -0.022655 -0.999740 0.005647 0.715899 -0.698181 0.007307 0.926233 -0.376881 -0.007888 -0.999969 0.000000 -0.007307 -0.926233 -0.376881 -0.005647 -0.715899 -0.698181 -0.003155 -0.399988 -0.916515 0.000000 -0.000000 -1.000000 0.000000 -0.000000 -1.000000 0.000000 -0.000000 -1.000000 -0.000000 0.000000 -1.000000 -0.000000 0.000000 -1.000000 -0.000000 0.000000 -1.000000 -0.000000 0.000000 -1.000000 -0.000000 0.000000 -1.000000 0.399988 -0.003155 -0.916515 0.370047 0.012306 -0.928932 0.368779 0.012571 -0.929432 0.367446 0.012841 -0.929956 0.364576 0.013389 -0.931078 0.357960 0.014511 -0.933624 0.340707 0.016732 -0.940021 0.285369 0.019704 -0.958215 0.156921 0.014938 -0.987498 0.152032 0.014571 -0.988268 0.147132 0.014195 -0.989015 0.137304 0.013413 -0.990438 0.117564 0.011743 -0.992996 0.077972 0.008060 -0.996923 -0.000000 -0.000000 -1.000000 -0.000000 -0.000000 -1.000000 -0.000000 -0.000000 -1.000000 -0.000000 -0.000000 -1.000000 -0.000000 -0.000000 -1.000000 -0.000000 -0.000000 -1.000000 -0.000000 -0.000000 -1.000000 -0.000000 -0.000000 -1.000000 0.375448 0.926844 0.000000 0.505865 0.862612 0.000000 0.625592 0.780150 0.000000 0.732097 0.681200 0.000000 0.823130 0.567853 0.000000 0.896766 0.442505 0.000000 0.951450 0.307805 0.000000 0.986025 0.166599 0.000000 0.999761 0.021872 0.000000 0.992367 -0.123317 0.000000 0.964001 -0.265899 0.000000 0.915261 -0.402862 0.000000 0.847177 -0.531311 0.000000 0.761188 -0.648531 0.000000 0.659113 -0.752044 0.000000 0.543107 -0.839664 0.000000 0.415623 -0.909537 0.000000 0.279355 -0.960188 0.000000 0.137183 -0.990546 0.000000 0.007888 0.999969 0.000000 0.133156 0.991095 0.000000 0.256323 0.966591 0.000000 0.011880 -0.371864 -0.928211 0.012483 -0.369080 -0.929314 0.013086 -0.366066 -0.930497 0.014281 -0.359300 -0.933113 0.016538 -0.342471 -0.939383 0.019570 -0.292674 -0.956012 0.019794 -0.275150 -0.961197 0.019708 -0.257886 -0.965974 0.018854 -0.225098 -0.974154 0.015990 -0.171794 -0.985003 0.015670 -0.167129 -0.985810 0.015340 -0.162456 -0.986597 0.014651 -0.153084 -0.988105 0.013165 -0.134275 -0.990857 0.009842 -0.096605 -0.995274 -0.000000 0.000000 -1.000000 0.156240 -0.017373 -0.987566 0.159378 -0.017653 -0.987060 0.162592 -0.017936 -0.986530 0.169242 -0.018507 -0.985401 0.183388 -0.019655 -0.982844 0.214645 -0.021824 -0.976448 0.284562 -0.024203 -0.958352 0.340199 -0.022122 -0.940093 0.369649 -0.018173 -0.928994 0.371594 -0.017782 -0.928225 0.373469 -0.017381 -0.927480 0.377014 -0.016556 -0.926060 0.383293 -0.014820 -0.923508 0.392723 -0.011084 -0.919590 0.000000 0.000000 -1.000000 -0.000000 0.000000 -1.000000 0.003019 0.382672 -0.923880 0.003019 0.382672 -0.923880 0.003019 0.382672 -0.923880 0.005578 0.707085 -0.707107 0.005578 0.707085 -0.707107 0.005578 0.707085 -0.707107 0.007288 0.923851 -0.382683 0.007288 0.923851 -0.382683 0.007288 0.923851 -0.382683 0.007888 0.999969 -0.000000 0.003155 0.399988 -0.916515 0.002910 0.368935 -0.929451 0.002900 0.367576 -0.929989 0.002888 0.366153 -0.930550 0.002864 0.363107 -0.931743 0.002810 0.356156 -0.934422 0.002669 0.338344 -0.941019 0.002232 0.282886 -0.959151 0.001216 0.154125 -0.988051 0.001178 0.149331 -0.988787 0.001140 0.144527 -0.989500 0.001064 0.134890 -0.990860 0.000911 0.115530 -0.993304 0.000605 0.076678 -0.997056 -0.000000 -0.000000 -1.000000 0.007307 0.926233 -0.376881 0.005647 0.715899 -0.698181 -0.000000 -0.000000 -1.000000 -0.000000 -0.000000 -1.000000 -0.000000 -0.000000 -1.000000 -0.000000 -0.000000 -1.000000 -0.000000 -0.000000 -1.000000 0.003019 0.382672 -0.923880 0.005578 0.707085 -0.707107 0.007288 0.923851 -0.382683 0.007888 0.999969 0.000000 0.007888 0.999969 -0.000000 0.007888 0.999969 -0.000000 0.007888 0.999969 -0.000000 0.007888 0.999969 -0.000000 0.007888 0.999969 -0.000000 0.000000 -0.000000 -1.000000 -0.003019 -0.382672 -0.923880 -0.003019 -0.382672 -0.923880 -0.003019 -0.382672 -0.923880 -0.005578 -0.707085 -0.707107 -0.005578 -0.707085 -0.707107 -0.005578 -0.707085 -0.707107 -0.007288 -0.923851 -0.382683 -0.007288 -0.923851 -0.382683 -0.007288 -0.923851 -0.382683 -0.007288 -0.923851 -0.382683 -0.003155 -0.399988 -0.916515 -0.005647 -0.715899 -0.698181 -0.007307 -0.926233 -0.376881 -0.007888 -0.999969 0.000000 -0.007888 -0.999969 0.000000 -0.007888 -0.999969 0.000000 -0.007888 -0.999969 0.000000 -0.007888 -0.999969 0.000000 -0.007888 -0.999969 0.000000 -0.007888 -0.999969 0.000000 -0.005578 -0.707085 -0.707107 -0.003019 -0.382672 -0.923880 0.000000 -0.000000 -1.000000 0.000000 -0.000000 -1.000000 0.000000 -0.000000 -1.000000 0.000000 -0.000000 -1.000000 0.000000 -0.000000 -1.000000 0.000000 -0.000000 -1.000000 -0.001218 -0.154375 -0.988012 -0.001244 -0.157646 -0.987495 -0.001270 -0.160983 -0.986956 -0.001324 -0.167851 -0.985812 -0.001438 -0.182314 -0.983239 -0.001687 -0.213793 -0.976877 -0.002232 -0.282950 -0.959132 -0.002371 -0.300537 -0.953767 -0.002491 -0.315773 -0.948832 -0.002682 -0.340023 -0.940413 -0.002912 -0.369136 -0.929371 -0.002928 -0.371123 -0.928579 -0.002943 -0.373039 -0.927811 -0.002971 -0.376658 -0.926347 -0.003022 -0.383064 -0.923717 -0.003098 -0.392659 -0.919679 0.007888 0.999969 0.000000 -0.083974 0.924571 -0.371642 -0.163051 0.708415 -0.686704 -0.217306 0.384410 -0.897222 -0.054137 0.924335 -0.377721 -0.107921 0.707980 -0.697938 -0.145275 0.383841 -0.911900 -0.023525 0.924094 -0.381441 -0.051356 0.707534 -0.704811 -0.071370 0.383258 -0.920880 0.005578 0.707085 -0.707107 -0.000000 0.000000 -1.000000 0.007888 0.999969 0.000000 0.007288 0.923851 -0.382683 0.003019 0.382672 -0.923880 -0.312240 0.002463 -0.950000 -0.285454 0.384947 -0.877686 -0.215209 0.708826 -0.671751 -0.112201 0.924793 -0.363549 0.007888 0.999969 0.000000 0.007888 0.999969 0.000000 0.007888 0.999969 0.000000 0.007888 0.999969 0.000000 0.007888 0.999969 0.000000 -0.052900 0.000417 -0.998600 -0.105653 0.000833 -0.994403 -0.158109 0.001247 -0.987421 -0.210123 0.001658 -0.977674 -0.261548 0.002063 -0.965188 -0.005578 -0.707085 -0.707107 -0.000000 0.000000 -1.000000 -0.038754 -0.923603 -0.381388 -0.063719 -0.706626 -0.704712 -0.078984 -0.382072 -0.920751 -0.068721 -0.923366 -0.377720 -0.119091 -0.706189 -0.697936 -0.151331 -0.381502 -0.911897 -0.098026 -0.923135 -0.371770 -0.173240 -0.705762 -0.686941 -0.222080 -0.380943 -0.897531 -0.007888 -0.999969 0.000000 -0.003019 -0.382672 -0.923880 -0.007288 -0.923851 -0.382683 -0.126777 -0.922908 -0.363549 -0.226365 -0.705343 -0.671751 -0.291491 -0.380396 -0.877686 -0.007888 -0.999969 0.000000 -0.007888 -0.999969 -0.000000 -0.007888 -0.999969 0.000000 -0.007888 -0.999969 0.000000 -0.007888 -0.999969 -0.000000 -0.007888 -0.999969 -0.000000 -0.312240 0.002463 -0.950000 -0.261548 0.002063 -0.965188 -0.210123 0.001658 -0.977674 -0.158109 0.001247 -0.987421 -0.105653 0.000833 -0.994403 -0.052900 0.000417 -0.998600 -0.312240 0.002463 -0.950000 -0.217306 0.384410 -0.897222 -0.163051 0.708415 -0.686704 -0.083974 0.924571 -0.371642 -0.145275 0.383841 -0.911900 -0.107921 0.707980 -0.697938 -0.054137 0.924335 -0.377721 -0.071370 0.383258 -0.920880 -0.051356 0.707534 -0.704811 -0.023525 0.924094 -0.381441 0.003019 0.382672 -0.923880 0.007888 0.999969 -0.000000 0.007888 0.999969 -0.000000 -0.112201 0.924793 -0.363549 -0.215209 0.708826 -0.671751 -0.285454 0.384947 -0.877686 -0.000000 0.000000 -1.000000 0.005578 0.707085 -0.707107 0.007288 0.923851 -0.382683 0.007888 0.999969 -0.000000 0.007888 0.999969 -0.000000 0.007888 0.999969 -0.000000 0.007888 0.999969 -0.000000 0.007888 0.999969 -0.000000 -0.261548 0.002063 -0.965188 -0.210123 0.001658 -0.977674 -0.158109 0.001247 -0.987421 -0.105653 0.000833 -0.994403 -0.052900 0.000417 -0.998600 -0.000000 -0.000000 -1.000000 -0.005578 -0.707085 -0.707107 -0.007888 -0.999969 -0.000000 -0.078984 -0.382072 -0.920751 -0.063719 -0.706626 -0.704712 -0.038754 -0.923603 -0.381388 -0.151331 -0.381502 -0.911897 -0.119091 -0.706189 -0.697936 -0.068721 -0.923366 -0.377720 -0.222080 -0.380943 -0.897531 -0.173240 -0.705762 -0.686941 -0.098026 -0.923135 -0.371770 -0.312240 0.002463 -0.950000 -0.291491 -0.380396 -0.877686 -0.226365 -0.705343 -0.671751 -0.126777 -0.922908 -0.363549 -0.007288 -0.923851 -0.382683 -0.003019 -0.382672 -0.923880 -0.052900 0.000417 -0.998600 -0.105653 0.000833 -0.994403 -0.158109 0.001247 -0.987421 -0.210123 0.001658 -0.977674 -0.261548 0.002063 -0.965188 -0.007888 -0.999969 -0.000000 -0.007888 -0.999969 -0.000000 -0.007888 -0.999969 -0.000000 -0.007888 -0.999969 -0.000000 -0.007888 -0.999969 -0.000000 -0.007888 -0.999969 -0.000000 0.007888 0.999969 -0.000000 0.007888 0.999969 -0.000000 0.007288 0.923851 -0.382683 0.007288 0.923851 -0.382683 0.007288 0.923851 -0.382683 0.005578 0.707085 -0.707107 0.005578 0.707085 -0.707107 0.005578 0.707085 -0.707107 0.003019 0.382672 -0.923880 0.003019 0.382672 -0.923880 0.003019 0.382672 -0.923880 0.000000 -0.000000 -1.000000 0.007288 0.923851 -0.382683 0.005578 0.707085 -0.707107 0.003019 0.382672 -0.923880 0.003019 0.382672 -0.923880 0.005578 0.707085 -0.707107 0.007288 0.923851 -0.382683 0.007888 0.999969 -0.000000 0.007888 0.999969 -0.000000 0.007888 0.999969 -0.000000 0.007888 0.999969 -0.000000 0.007888 0.999969 -0.000000 0.000000 -0.000000 -1.000000 0.000000 -0.000000 -1.000000 0.000000 -0.000000 -1.000000 0.000000 -0.000000 -1.000000 0.000000 -0.000000 -1.000000 0.000000 -0.000000 -1.000000 -0.007888 -0.999969 0.000000 -0.007288 -0.923851 -0.382683 -0.007288 -0.923851 -0.382683 -0.007288 -0.923851 -0.382683 -0.005578 -0.707085 -0.707107 -0.005578 -0.707085 -0.707107 -0.005578 -0.707085 -0.707107 -0.003019 -0.382672 -0.923880 -0.003019 -0.382672 -0.923880 -0.003019 -0.382672 -0.923880 -0.000000 -0.000000 -1.000000 -0.000000 -0.000000 -1.000000 -0.003019 -0.382672 -0.923880 -0.005578 -0.707085 -0.707107 -0.007288 -0.923851 -0.382683 -0.007888 -0.999969 0.000000 -0.007288 -0.923851 -0.382683 -0.005578 -0.707085 -0.707107 -0.003019 -0.382672 -0.923880 -0.000000 -0.000000 -1.000000 -0.000000 -0.000000 -1.000000 -0.000000 -0.000000 -1.000000 -0.000000 -0.000000 -1.000000 -0.000000 -0.000000 -1.000000 -0.007888 -0.999969 0.000000 -0.007888 -0.999969 0.000000 -0.007888 -0.999969 0.000000 -0.007888 -0.999969 0.000000 -0.007888 -0.999969 0.000000 -0.000000 -0.000000 -1.000000 0.003019 0.382672 -0.923880 0.005578 0.707085 -0.707107 0.007288 0.923851 -0.382683 -0.071695 0.375908 -0.923880 -0.132475 0.694587 -0.707107 -0.173086 0.907521 -0.382683 -0.143653 0.354698 -0.923880 -0.265436 0.655396 -0.707107 -0.346809 0.856316 -0.382683 -0.210091 0.319857 -0.923880 -0.388197 0.591018 -0.707107 -0.507204 0.772203 -0.382683 -0.268455 0.272724 -0.923880 -0.496040 0.503929 -0.707107 -0.648108 0.658414 -0.382683 -0.316503 0.215111 -0.923880 -0.584821 0.397473 -0.707107 -0.764105 0.519324 -0.382683 -0.352387 0.149231 -0.923880 -0.651127 0.275743 -0.707107 -0.850738 0.360276 -0.382683 -0.374730 0.077616 -0.923880 -0.692410 0.143416 -0.707107 -0.904677 0.187382 -0.382683 -0.382672 0.003019 -0.923880 -0.707085 0.005578 -0.707107 -0.923851 0.007288 -0.382683 -0.375908 -0.071695 -0.923880 -0.694587 -0.132475 -0.707107 -0.907521 -0.173086 -0.382683 -0.354698 -0.143653 -0.923880 -0.655396 -0.265436 -0.707107 -0.856316 -0.346809 -0.382683 -0.319857 -0.210091 -0.923880 -0.591018 -0.388197 -0.707107 -0.772203 -0.507204 -0.382683 -0.272724 -0.268455 -0.923880 -0.503929 -0.496040 -0.707107 -0.658414 -0.648108 -0.382683 -0.215111 -0.316503 -0.923880 -0.397473 -0.584821 -0.707107 -0.519324 -0.764105 -0.382683 -0.149231 -0.352387 -0.923880 -0.275743 -0.651127 -0.707107 -0.360276 -0.850738 -0.382683 -0.077616 -0.374730 -0.923880 -0.143416 -0.692410 -0.707107 -0.187382 -0.904677 -0.382683 0.007888 0.999969 0.000000 0.007288 0.923851 -0.382683 0.005578 0.707085 -0.707107 0.003019 0.382672 -0.923880 -0.000000 -0.000000 -1.000000 -0.003019 -0.382672 -0.923880 -0.005578 -0.707085 -0.707107 -0.007288 -0.923851 -0.382683 -0.000000 -0.000000 -1.000000 -0.000000 -0.000000 -1.000000 0.000000 -0.000000 -1.000000 0.000000 -0.000000 -1.000000 0.000000 -0.000000 -1.000000 -0.000000 -0.000000 -1.000000 0.000000 -0.000000 -1.000000 -0.000000 -0.000000 -1.000000 -0.000000 -0.000000 -1.000000 -0.000000 0.000000 -1.000000 -0.000000 0.000000 -1.000000 -0.000000 -0.000000 -1.000000 -0.000000 -0.000000 -1.000000 -0.000000 -0.000000 -1.000000 -0.000000 -0.000000 -1.000000 -0.000000 -0.000000 -1.000000 -0.000000 -0.000000 -1.000000 -0.999969 0.007888 0.000000 -0.990384 0.138343 0.000000 -0.963854 0.266431 0.000000 -0.920832 0.389959 0.000000 -0.862054 0.506816 0.000000 -0.788526 0.615001 0.000000 -0.701507 0.712663 0.000000 -0.602484 0.798131 0.000000 -0.493153 0.869943 0.000000 -0.375384 0.926870 0.000000 -0.251191 0.967937 0.000000 -0.122701 0.992444 0.000000 -0.007888 -0.999969 0.000000 -0.138343 -0.990384 0.000000 -0.266431 -0.963854 0.000000 -0.389959 -0.920832 0.000000 -0.506816 -0.862054 0.000000 -0.615001 -0.788526 0.000000 -0.712663 -0.701507 0.000000 -0.798131 -0.602484 0.000000 -0.869943 -0.493153 0.000000 -0.926870 -0.375384 0.000000 -0.967937 -0.251191 0.000000 -0.992444 -0.122701 0.000000 -0.238478 0.001881 0.971146 -0.238478 0.001881 0.971146 -0.238478 0.001881 0.971146 -0.160512 0.001266 0.987033 -0.160512 0.001266 0.987033 -0.160512 0.001266 0.987033 -0.080517 0.000635 0.996753 -0.080517 0.000635 0.996753 -0.080517 0.000635 0.996753 0.000000 -0.000000 1.000000 -0.052900 0.000417 0.998600 -0.105653 0.000833 0.994403 -0.158109 0.001247 0.987421 -0.210123 0.001658 0.977674 -0.261548 0.002063 0.965188 -0.312240 0.002463 0.950000 -0.261548 0.002063 0.965188 -0.210123 0.001658 0.977674 -0.158109 0.001247 0.987421 -0.105653 0.000833 0.994403 -0.052900 0.000417 0.998600 -0.312240 0.002463 0.950000 -0.312240 0.002463 0.950000 -0.312240 0.002463 0.950000 -0.312240 0.002463 0.950000 -0.312240 0.002463 0.950000 -0.312240 0.002463 0.950000 0.000000 -0.000000 1.000000 0.000000 -0.000000 1.000000 0.000000 -0.000000 1.000000 0.000000 -0.000000 1.000000 0.000000 -0.000000 1.000000 0.000000 -0.000000 1.000000 -0.000000 0.000000 -1.000000 -0.082224 0.000649 -0.996614 -0.082224 0.000649 -0.996614 -0.082224 0.000649 -0.996614 -0.160532 0.001266 -0.987030 -0.160532 0.001266 -0.987030 -0.160532 0.001266 -0.987030 -0.237110 0.001870 -0.971481 -0.237110 0.001870 -0.971481 -0.237110 0.001870 -0.971481 -0.312240 0.002463 -0.950000 -0.261548 0.002063 -0.965188 -0.210123 0.001658 -0.977674 -0.158109 0.001247 -0.987421 -0.105653 0.000833 -0.994403 -0.052900 0.000417 -0.998600 -0.000000 0.000000 -1.000000 -0.052900 0.000417 -0.998600 -0.105653 0.000833 -0.994403 -0.158109 0.001247 -0.987421 -0.210123 0.001658 -0.977674 -0.261548 0.002063 -0.965188 -0.312240 0.002463 -0.950000 -0.312240 0.002463 -0.950000 -0.312240 0.002463 -0.950000 -0.312240 0.002463 -0.950000 -0.312240 0.002463 -0.950000 -0.312240 0.002463 -0.950000 -0.000000 0.000000 -1.000000 -0.000000 0.000000 -1.000000 -0.000000 0.000000 -1.000000 -0.000000 0.000000 -1.000000 -0.000000 0.000000 -1.000000 -0.312240 0.002463 0.950000 -0.238478 0.001881 0.971146 -0.238478 0.001881 0.971146 -0.238478 0.001881 0.971146 -0.160512 0.001266 0.987033 -0.160512 0.001266 0.987033 -0.160512 0.001266 0.987033 -0.080517 0.000635 0.996753 -0.080517 0.000635 0.996753 -0.080517 0.000635 0.996753 0.000000 -0.000000 1.000000 -0.052900 0.000417 0.998600 -0.105653 0.000833 0.994403 -0.158109 0.001247 0.987421 -0.210123 0.001658 0.977674 -0.261548 0.002063 0.965188 -0.261548 0.002063 0.965188 -0.210123 0.001658 0.977674 -0.158109 0.001247 0.987421 -0.105653 0.000833 0.994403 -0.052900 0.000417 0.998600 -0.312240 0.002463 0.950000 -0.312240 0.002463 0.950000 -0.312240 0.002463 0.950000 -0.312240 0.002463 0.950000 -0.312240 0.002463 0.950000 -0.312240 0.002463 0.950000 0.000000 -0.000000 1.000000 0.000000 -0.000000 1.000000 0.000000 -0.000000 1.000000 0.000000 -0.000000 1.000000 0.000000 -0.000000 1.000000 0.000000 -0.000000 1.000000 -0.000000 0.000000 -1.000000 -0.082224 0.000649 -0.996614 -0.082224 0.000649 -0.996614 -0.082224 0.000649 -0.996614 -0.160532 0.001266 -0.987030 -0.160532 0.001266 -0.987030 -0.160532 0.001266 -0.987030 -0.237110 0.001870 -0.971481 -0.237110 0.001870 -0.971481 -0.237110 0.001870 -0.971481 -0.312240 0.002463 -0.950000 -0.312240 0.002463 -0.950000 -0.261548 0.002063 -0.965188 -0.210123 0.001658 -0.977674 -0.158109 0.001247 -0.987421 -0.105653 0.000833 -0.994403 -0.052900 0.000417 -0.998600 -0.000000 0.000000 -1.000000 -0.052900 0.000417 -0.998600 -0.105653 0.000833 -0.994403 -0.158109 0.001247 -0.987421 -0.210123 0.001658 -0.977674 -0.261548 0.002063 -0.965188 -0.312240 0.002463 -0.950000 -0.312240 0.002463 -0.950000 -0.312240 0.002463 -0.950000 -0.312240 0.002463 -0.950000 -0.312240 0.002463 -0.950000 -0.000000 0.000000 -1.000000 -0.000000 0.000000 -1.000000 -0.000000 0.000000 -1.000000 -0.000000 0.000000 -1.000000 -0.000000 0.000000 -1.000000 -0.000000 0.000000 -1.000000 -0.000000 0.000000 -1.000000 -0.000000 0.000000 -1.000000 -0.000000 0.000000 -1.000000 -0.000000 0.000000 -1.000000 -0.000000 0.000000 -1.000000 -0.000000 0.000000 -1.000000 -0.000000 0.000000 -1.000000 -0.000000 0.000000 -1.000000 -0.000000 0.000000 -1.000000 -0.000000 0.000000 -1.000000 -0.000000 0.000000 -1.000000 -0.000000 0.000000 -1.000000 -0.000000 0.000000 -1.000000 -0.000000 0.000000 -1.000000 -0.000000 0.000000 -1.000000 -0.000000 0.000000 -1.000000 -0.000000 0.000000 -1.000000 -0.000000 0.000000 -1.000000 -0.000000 0.000000 -1.000000 -0.000000 0.000000 -1.000000 -0.000000 0.000000 -1.000000 -0.000000 0.000000 -1.000000 -0.000000 0.000000 -1.000000 -0.000000 0.000000 -1.000000 -0.000000 0.000000 -1.000000 -0.000000 0.000000 -1.000000 -0.000000 0.000000 -1.000000 -0.000000 0.000000 -1.000000 -0.000000 0.000000 -1.000000 -0.000000 0.000000 -1.000000 -0.000000 0.000000 -1.000000 -0.000000 0.000000 -1.000000 -0.000000 0.000000 -1.000000 -0.000000 0.000000 -1.000000 -0.000000 0.000000 -1.000000 -0.000000 0.000000 -1.000000 -0.000000 0.000000 -1.000000 -0.000000 0.000000 -1.000000 -0.000000 0.000000 -1.000000 -0.000000 0.000000 -1.000000 -0.000000 0.000000 -1.000000 -0.000000 0.000000 -1.000000 -0.000000 0.000000 -1.000000 -0.000000 0.000000 -1.000000 -0.000000 0.000000 -1.000000 -0.000000 0.000000 -1.000000 -0.000000 0.000000 -1.000000 -0.000000 0.000000 -1.000000 -0.000000 0.000000 -1.000000 -0.000000 0.000000 -1.000000 -0.000000 0.000000 -1.000000 -0.000000 0.000000 -1.000000 -0.000000 0.000000 -1.000000 -0.000000 0.000000 -1.000000 -0.000000 0.000000 -1.000000 -0.000000 0.000000 -1.000000 -0.000000 0.000000 -1.000000 -0.000000 0.000000 -1.000000 -0.000000 0.000000 -1.000000 -0.000000 0.000000 -1.000000 -0.000000 0.000000 -1.000000 -0.000000 0.000000 -1.000000 -0.000000 0.000000 -1.000000 -0.000000 0.000000 -1.000000 -0.000000 0.000000 -1.000000 -0.000000 0.000000 -1.000000 -0.000000 0.000000 -1.000000 -0.000000 0.000000 -1.000000 -0.000000 0.000000 -1.000000 -0.000000 0.000000 -1.000000 -0.000000 0.000000 -1.000000 -0.000000 0.000000 -1.000000 -0.000000 0.000000 -1.000000 -0.000000 0.000000 -1.000000 -0.000000 0.000000 -1.000000 -0.000000 0.000000 -1.000000 -0.000000 0.000000 -1.000000 -0.000000 0.000000 -1.000000 -0.000000 0.000000 -1.000000 -0.000000 0.000000 -1.000000 -0.000000 0.000000 -1.000000 -0.000000 0.000000 -1.000000 -0.000000 0.000000 -1.000000 -0.000000 0.000000 -1.000000 -0.000000 0.000000 -1.000000 -0.000000 0.000000 -1.000000 -0.999969 0.007888 0.000000 0.007888 0.999969 0.000000 -0.122701 0.992444 0.000000 -0.251191 0.967937 0.000000 -0.375384 0.926870 0.000000 -0.493153 0.869943 0.000000 -0.602484 0.798131 0.000000 -0.701507 0.712663 0.000000 -0.788526 0.615001 0.000000 -0.862054 0.506816 0.000000 -0.920832 0.389959 0.000000 -0.963854 0.266431 0.000000 -0.990384 0.138343 0.000000 -0.999969 0.007888 0.000000 -0.999969 0.007888 0.000000 -0.988668 0.150119 0.000000 -0.957241 0.289293 0.000000 -0.906327 0.422578 0.000000 -0.836963 0.547260 0.000000 -0.750560 0.660802 0.000000 -0.648879 0.760892 0.000000 -0.533988 0.845492 0.000000 -0.408227 0.912881 0.000000 -0.274155 0.961686 0.000000 -0.134502 0.990913 0.000000 0.007888 0.999969 0.000000 0.007888 0.999969 0.000000 -0.979216 0.202821 0.000000 -0.827061 0.562112 0.000000 -0.701507 0.712663 0.000000 -0.548994 0.835826 0.000000 -0.375384 0.926870 0.000000 -0.187347 0.982294 0.000000 0.007888 0.999969 0.000000 -0.007888 -0.999969 0.000000 -0.143977 -0.989581 0.000000 -0.277384 -0.960759 0.000000 -0.405624 -0.914040 0.000000 -0.526308 -0.850294 0.000000 -0.637187 -0.770709 0.000000 -0.736197 -0.676767 0.000000 -0.821494 -0.570218 0.000000 -0.891487 -0.453047 0.000000 -0.944873 -0.327436 0.000000 -0.980659 -0.195726 0.000000 -0.998176 -0.060370 0.000000 -0.997099 0.076110 0.000000 -0.977449 0.211173 0.000000 -0.939590 0.342302 0.000000 -0.884228 0.467055 0.000000 -0.812395 0.583107 0.000000 -0.725429 0.688297 0.000000 -0.624949 0.780665 0.000000 -0.512828 0.858491 0.000000 -0.391153 0.920326 0.000000 -0.262192 0.965016 0.000000 -0.128347 0.991729 0.000000 -0.007888 -0.999969 0.000000 -0.007888 -0.999969 0.000000 0.007888 0.999969 0.000000 0.007888 0.999969 0.000000 -0.156809 0.987629 0.000000 -0.317228 0.948349 0.000000 -0.468995 0.883201 0.000000 -0.607969 0.793961 0.000000 -0.730358 0.683064 0.000000 -0.832826 0.553535 0.000000 -0.912576 0.408907 0.000000 -0.967434 0.253125 0.000000 -0.995902 0.090438 0.000000 -0.997205 -0.074715 0.000000 -0.971307 -0.237831 0.000000 -0.918914 -0.394459 0.000000 -0.841455 -0.540327 0.000000 -0.741044 -0.671457 0.000000 -0.620419 -0.784271 0.000000 -0.482870 -0.875692 0.000000 -0.332150 -0.943226 0.000000 -0.172370 -0.985032 0.000000 -0.007888 -0.999969 0.000000 -0.007888 -0.999969 -0.000000 -0.007888 -0.999969 -0.000000 -0.007888 -0.999969 -0.000000 -0.007888 -0.999969 -0.000000 -0.007888 -0.999969 -0.000000 -0.007888 -0.999969 -0.000000 -0.007888 -0.999969 -0.000000 -0.007888 -0.999969 -0.000000 -0.007888 -0.999969 -0.000000 -0.007888 -0.999969 -0.000000 -0.007888 -0.999969 -0.000000 -0.007888 -0.999969 -0.000000 -0.007888 -0.999969 -0.000000 -0.007888 -0.999969 -0.000000 -0.007888 -0.999969 -0.000000 -0.007888 -0.999969 -0.000000 -0.007888 -0.999969 -0.000000 -0.007888 -0.999969 -0.000000 -0.007888 -0.999969 -0.000000 -0.007888 -0.999969 -0.000000 -0.007888 -0.999969 -0.000000 -0.007888 -0.999969 -0.000000 -0.007888 -0.999969 -0.000000 -0.007888 -0.999969 -0.000000 -0.007888 -0.999969 -0.000000 -0.007888 -0.999969 -0.000000 -0.007888 -0.999969 -0.000000 -0.007888 -0.999969 -0.000000 -0.007888 -0.999969 -0.000000 -0.007888 -0.999969 -0.000000 -0.007888 -0.999969 -0.000000 -0.007888 -0.999969 -0.000000 -0.007888 -0.999969 -0.000000 -0.007888 -0.999969 -0.000000 -0.007888 -0.999969 -0.000000 -0.007888 -0.999969 -0.000000 -0.007888 -0.999969 -0.000000 -0.007888 -0.999969 -0.000000 -0.007888 -0.999969 -0.000000 -0.007888 -0.999969 -0.000000 -0.007888 -0.999969 -0.000000 -0.007888 -0.999969 -0.000000 -0.007888 -0.999969 -0.000000 -0.007888 -0.999969 -0.000000 -0.007888 -0.999969 -0.000000 -0.007888 -0.999969 -0.000000 -0.007888 -0.999969 -0.000000 -0.007888 -0.999969 -0.000000 -0.007888 -0.999969 -0.000000 -0.007888 -0.999969 -0.000000 -0.007888 -0.999969 -0.000000 -0.007888 -0.999969 -0.000000 -0.007888 -0.999969 -0.000000 -0.007888 -0.999969 -0.000000 -0.007888 -0.999969 -0.000000 -0.007888 -0.999969 -0.000000 -0.007888 -0.999969 -0.000000 -0.007888 -0.999969 -0.000000 -0.007888 -0.999969 -0.000000 -0.007888 -0.999969 -0.000000 -0.007888 -0.999969 -0.000000 -0.007888 -0.999969 -0.000000 -0.007888 -0.999969 -0.000000 -0.007888 -0.999969 -0.000000 -0.007888 -0.999969 -0.000000 -0.007888 -0.999969 -0.000000 -0.007888 -0.999969 -0.000000 -0.999969 0.007888 0.000000 -0.999969 0.007888 0.000000 -0.999969 0.007888 0.000000 -0.999969 0.007888 0.000000 -0.999969 0.007888 0.000000 -0.999969 0.007888 0.000000 -0.999969 0.007888 0.000000 -0.999969 0.007888 0.000000 -0.999969 0.007888 0.000000 -0.999969 0.007888 0.000000 -0.999969 0.007888 0.000000 -0.999969 0.007888 0.000000 -0.999969 0.007888 0.000000 -0.999969 0.007888 0.000000 -0.999969 0.007888 0.000000 -0.999969 0.007888 0.000000 -0.999969 0.007888 0.000000 -0.999969 0.007888 0.000000 -0.999969 0.007888 0.000000 -0.999969 0.007888 0.000000 -0.999969 0.007888 0.000000 -0.999969 0.007888 0.000000 -0.999969 0.007888 0.000000 -0.999969 0.007888 0.000000 -0.999969 0.007888 0.000000 -0.999969 0.007888 0.000000 0.007888 0.999969 -0.000000 0.007888 0.999969 -0.000000 0.007888 0.999969 -0.000000 0.007888 0.999969 -0.000000 0.007888 0.999969 -0.000000 0.007888 0.999969 -0.000000 0.007888 0.999969 -0.000000 0.007888 0.999969 -0.000000 0.007888 0.999969 -0.000000 0.007888 0.999969 -0.000000 0.007888 0.999969 -0.000000 0.007888 0.999969 -0.000000 0.007888 0.999969 -0.000000 0.007888 0.999969 -0.000000 0.007888 0.999969 -0.000000 0.007888 0.999969 -0.000000 0.007888 0.999969 -0.000000 0.007888 0.999969 -0.000000 0.007888 0.999969 -0.000000 0.007888 0.999969 -0.000000 0.007888 0.999969 -0.000000 0.007888 0.999969 -0.000000 0.007888 0.999969 -0.000000 0.007888 0.999969 -0.000000 0.007888 0.999969 -0.000000 0.007888 0.999969 -0.000000 0.007888 0.999969 -0.000000 0.007888 0.999969 -0.000000 0.007888 0.999969 -0.000000 0.007888 0.999969 -0.000000 0.007888 0.999969 -0.000000 0.007888 0.999969 -0.000000 0.007888 0.999969 -0.000000 0.007888 0.999969 -0.000000 0.007888 0.999969 -0.000000 0.007888 0.999969 -0.000000 0.007888 0.999969 -0.000000 0.007888 0.999969 -0.000000 0.007888 0.999969 -0.000000 0.007888 0.999969 -0.000000 0.007888 0.999969 -0.000000 0.007888 0.999969 -0.000000 0.007888 0.999969 -0.000000 0.007888 0.999969 -0.000000 0.007888 0.999969 -0.000000 0.007888 0.999969 -0.000000 0.007888 0.999969 -0.000000 0.007888 0.999969 -0.000000 0.007888 0.999969 -0.000000 0.007888 0.999969 -0.000000 0.007888 0.999969 -0.000000 0.007888 0.999969 -0.000000 0.007888 0.999969 -0.000000 0.007888 0.999969 -0.000000 0.007888 0.999969 -0.000000 0.007888 0.999969 -0.000000 0.007888 0.999969 -0.000000 0.007888 0.999969 -0.000000 0.007888 0.999969 -0.000000 0.007888 0.999969 -0.000000 0.007888 0.999969 -0.000000 0.007888 0.999969 -0.000000 0.007888 0.999969 -0.000000 0.007888 0.999969 -0.000000 0.007888 0.999969 -0.000000 0.007888 0.999969 -0.000000 0.007888 0.999969 -0.000000 0.007888 0.999969 -0.000000 0.007888 0.999969 -0.000000 0.007888 0.999969 -0.000000 0.007888 0.999969 -0.000000 0.007888 0.999969 -0.000000 0.007888 0.999969 -0.000000 0.007888 0.999969 -0.000000 0.007888 0.999969 -0.000000 0.007888 0.999969 -0.000000 0.007888 0.999969 -0.000000 0.007888 0.999969 -0.000000 0.007888 0.999969 -0.000000 0.007888 0.999969 -0.000000 0.007888 0.999969 -0.000000 0.007888 0.999969 -0.000000 0.007888 0.999969 -0.000000 0.007888 0.999969 -0.000000 0.007888 0.999969 -0.000000 0.007888 0.999969 -0.000000 0.007888 0.999969 -0.000000 0.007888 0.999969 -0.000000 0.007888 0.999969 -0.000000 -0.000000 0.000000 -1.000000 -0.000000 0.000000 -1.000000 -0.000000 0.000000 -1.000000 -0.000000 0.000000 -1.000000 -0.000000 0.000000 -1.000000 -0.000000 0.000000 -1.000000 -0.000000 0.000000 -1.000000 -0.000000 0.000000 -1.000000 -0.000000 0.000000 -1.000000 -0.000000 0.000000 -1.000000 -0.000000 0.000000 -1.000000 -0.000000 0.000000 -1.000000 -0.000000 0.000000 -1.000000 -0.000000 0.000000 -1.000000 -0.000000 0.000000 -1.000000 -0.000000 0.000000 -1.000000 -0.000000 0.000000 -1.000000 -0.000000 0.000000 -1.000000 -0.000000 0.000000 -1.000000 -0.000000 0.000000 -1.000000 -0.000000 0.000000 -1.000000 -0.000000 0.000000 -1.000000 -0.000000 0.000000 -1.000000 -0.000000 0.000000 -1.000000 -0.000000 0.000000 -1.000000 -0.000000 0.000000 -1.000000 -0.000000 0.000000 -1.000000 -0.000000 0.000000 -1.000000 -0.000000 0.000000 -1.000000 -0.000000 0.000000 -1.000000 -0.000000 0.000000 -1.000000 -0.000000 0.000000 -1.000000 -0.000000 0.000000 -1.000000 -0.000000 0.000000 -1.000000 -0.000000 0.000000 -1.000000 -0.000000 0.000000 -1.000000 -0.000000 0.000000 -1.000000 -0.000000 0.000000 -1.000000 -0.000000 0.000000 -1.000000 -0.000000 0.000000 -1.000000 -0.000000 0.000000 -1.000000 -0.000000 0.000000 -1.000000 -0.000000 0.000000 -1.000000 -0.000000 0.000000 -1.000000 -0.000000 0.000000 -1.000000 -0.000000 0.000000 -1.000000 -0.000000 0.000000 -1.000000 -0.000000 0.000000 -1.000000 -0.000000 0.000000 -1.000000 -0.000000 0.000000 -1.000000 -0.000000 0.000000 -1.000000 -0.000000 0.000000 -1.000000 -0.000000 0.000000 -1.000000 -0.000000 0.000000 -1.000000 -0.000000 0.000000 -1.000000 -0.000000 0.000000 -1.000000 -0.000000 0.000000 -1.000000 -0.000000 0.000000 -1.000000 -0.000000 0.000000 -1.000000 -0.000000 0.000000 -1.000000 -0.000000 0.000000 -1.000000 -0.000000 0.000000 -1.000000 -0.000000 0.000000 -1.000000 -0.000000 0.000000 -1.000000 -0.000000 0.000000 -1.000000 -0.000000 0.000000 -1.000000 -0.000000 0.000000 -1.000000 -0.000000 0.000000 -1.000000 -0.000000 0.000000 -1.000000 -0.000000 0.000000 -1.000000 -0.000000 0.000000 -1.000000 -0.000000 0.000000 -1.000000 -0.000000 0.000000 -1.000000 -0.000000 0.000000 -1.000000 -0.000000 0.000000 -1.000000 -0.000000 0.000000 -1.000000 -0.000000 0.000000 -1.000000 -0.000000 0.000000 -1.000000 -0.000000 0.000000 -1.000000 -0.000000 0.000000 -1.000000 -0.000000 0.000000 -1.000000 -0.000000 0.000000 -1.000000 -0.000000 0.000000 -1.000000 -0.000000 0.000000 -1.000000 -0.000000 0.000000 -1.000000 -0.000000 0.000000 -1.000000 -0.000000 0.000000 -1.000000 -0.000000 0.000000 -1.000000 -0.000000 0.000000 -1.000000 -0.000000 0.000000 -1.000000 -0.000000 0.000000 -1.000000 -0.000000 0.000000 -1.000000 0.000000 -0.000000 1.000000 0.000000 -0.000000 1.000000 0.000000 -0.000000 1.000000 0.000000 -0.000000 1.000000 0.000000 -0.000000 1.000000 0.000000 -0.000000 1.000000 0.000000 -0.000000 1.000000 0.000000 -0.000000 1.000000 0.000000 -0.000000 1.000000 0.000000 -0.000000 1.000000 0.000000 -0.000000 1.000000 0.000000 -0.000000 1.000000 0.000000 -0.000000 1.000000 0.000000 -0.000000 1.000000 0.000000 -0.000000 1.000000 0.000000 -0.000000 1.000000 0.000000 -0.000000 1.000000 0.000000 -0.000000 1.000000 0.000000 -0.000000 1.000000 0.000000 -0.000000 1.000000 0.000000 -0.000000 1.000000 0.000000 -0.000000 1.000000 0.000000 -0.000000 1.000000 0.000000 -0.000000 1.000000 0.000000 -0.000000 1.000000 0.000000 -0.000000 1.000000 0.000000 -0.000000 1.000000 0.000000 -0.000000 1.000000 0.000000 -0.000000 1.000000 0.000000 -0.000000 1.000000 0.000000 -0.000000 1.000000 0.000000 -0.000000 1.000000 0.000000 -0.000000 1.000000 0.000000 -0.000000 1.000000 0.000000 -0.000000 1.000000 0.000000 -0.000000 1.000000 0.000000 -0.000000 1.000000 0.000000 -0.000000 1.000000 0.000000 -0.000000 1.000000 0.000000 -0.000000 1.000000 0.000000 -0.000000 1.000000 0.000000 -0.000000 1.000000 0.000000 -0.000000 1.000000 0.000000 -0.000000 1.000000 0.000000 -0.000000 1.000000 0.000000 -0.000000 1.000000 0.000000 -0.000000 1.000000 0.000000 -0.000000 1.000000 0.000000 -0.000000 1.000000 0.000000 -0.000000 1.000000 0.000000 -0.000000 1.000000 0.000000 -0.000000 1.000000 0.000000 -0.000000 1.000000 0.000000 -0.000000 1.000000 0.000000 -0.000000 1.000000 0.000000 -0.000000 1.000000 0.000000 -0.000000 1.000000 0.000000 -0.000000 1.000000 0.000000 -0.000000 1.000000 0.000000 -0.000000 1.000000 0.000000 -0.000000 1.000000 0.000000 -0.000000 1.000000 0.000000 -0.000000 1.000000 0.000000 -0.000000 1.000000 0.000000 -0.000000 1.000000 0.000000 -0.000000 1.000000 0.000000 -0.000000 1.000000 0.000000 -0.000000 1.000000 0.000000 -0.000000 1.000000 0.000000 -0.000000 1.000000 0.000000 -0.000000 1.000000 0.000000 -0.000000 1.000000 0.000000 -0.000000 1.000000 0.000000 -0.000000 1.000000 0.000000 -0.000000 1.000000 0.000000 -0.000000 1.000000 0.000000 -0.000000 1.000000 0.000000 -0.000000 1.000000 0.000000 -0.000000 1.000000 0.000000 -0.000000 1.000000 0.000000 -0.000000 1.000000 0.000000 -0.000000 1.000000 0.000000 -0.000000 1.000000 0.000000 -0.000000 1.000000 0.000000 -0.000000 1.000000 0.000000 -0.000000 1.000000 0.000000 -0.000000 1.000000 0.000000 -0.000000 1.000000 0.000000 -0.000000 1.000000 0.000000 -0.000000 1.000000 0.000000 -0.000000 1.000000 0.000000 -0.000000 1.000000 0.000000 -0.000000 1.000000 0.000000 -0.000000 1.000000 0.000000 -0.000000 1.000000 0.000000 -0.000000 1.000000 0.000000 -0.000000 1.000000 0.000000 -0.000000 1.000000 0.000000 -0.000000 1.000000 0.000000 -0.000000 1.000000 0.000000 -0.000000 1.000000 0.000000 -0.000000 1.000000 0.000000 -0.000000 1.000000 0.000000 -0.000000 1.000000 0.000000 -0.000000 1.000000 0.000000 -0.000000 1.000000 0.000000 -0.000000 1.000000 0.000000 -0.000000 1.000000 0.000000 -0.000000 1.000000 0.000000 -0.000000 1.000000 0.000000 -0.000000 1.000000 0.000000 -0.000000 1.000000 0.000000 -0.000000 1.000000 0.000000 -0.000000 1.000000 0.000000 -0.000000 1.000000 0.000000 -0.000000 1.000000 0.000000 -0.000000 1.000000 0.000000 -0.000000 1.000000 0.000000 -0.000000 1.000000 0.000000 -0.000000 1.000000 0.000000 -0.000000 1.000000 0.000000 -0.000000 1.000000 0.000000 -0.000000 1.000000 0.000000 -0.000000 1.000000 0.000000 -0.000000 1.000000 0.000000 -0.000000 1.000000 0.000000 -0.000000 1.000000 0.000000 -0.000000 1.000000 0.000000 -0.000000 1.000000 0.000000 -0.000000 1.000000 0.000000 -0.000000 1.000000 0.000000 -0.000000 1.000000 0.000000 -0.000000 1.000000 0.000000 -0.000000 1.000000 0.000000 -0.000000 1.000000 0.000000 -0.000000 1.000000 0.000000 -0.000000 1.000000 0.000000 -0.000000 1.000000 0.000000 -0.000000 1.000000 0.000000 -0.000000 1.000000 0.000000 -0.000000 1.000000 -0.000000 0.000000 -1.000000 -0.000000 0.000000 -1.000000 -0.000000 0.000000 -1.000000 -0.000000 0.000000 -1.000000 -0.000000 0.000000 -1.000000 -0.000000 0.000000 -1.000000 -0.000000 0.000000 -1.000000 -0.000000 0.000000 -1.000000 -0.000000 0.000000 -1.000000 -0.000000 0.000000 -1.000000 -0.000000 0.000000 -1.000000 -0.000000 0.000000 -1.000000 -0.000000 0.000000 -1.000000 -0.000000 0.000000 -1.000000 -0.000000 0.000000 -1.000000 -0.000000 0.000000 -1.000000 -0.000000 0.000000 -1.000000 -0.000000 0.000000 -1.000000 -0.000000 0.000000 -1.000000 -0.000000 0.000000 -1.000000 -0.000000 0.000000 -1.000000 -0.000000 0.000000 -1.000000 -0.000000 0.000000 -1.000000 -0.000000 0.000000 -1.000000 -0.000000 0.000000 -1.000000 -0.000000 0.000000 -1.000000 -0.000000 0.000000 -1.000000 -0.000000 0.000000 -1.000000 -0.000000 0.000000 -1.000000 -0.000000 0.000000 -1.000000 -0.000000 0.000000 -1.000000 -0.000000 0.000000 -1.000000 -0.000000 0.000000 -1.000000 -0.000000 0.000000 -1.000000 -0.000000 0.000000 -1.000000 -0.000000 0.000000 -1.000000 -0.000000 0.000000 -1.000000 0.999969 -0.007888 -0.000000 -0.999969 0.007888 -0.000000 -0.999969 0.007888 -0.000000 -0.999969 0.007888 -0.000000 -0.999969 0.007888 -0.000000 0.920832 -0.389959 -0.000000 0.701507 -0.712663 -0.000000 0.375384 -0.926870 -0.000000 -0.007888 -0.999969 -0.000000 -0.389959 -0.920832 -0.000000 -0.712663 -0.701507 -0.000000 -0.926870 -0.375384 -0.000000 0.999969 -0.007888 -0.000000 0.999969 -0.007888 -0.000000 0.999969 -0.007888 -0.000000 -0.926870 -0.375384 -0.000000 -0.712663 -0.701507 -0.000000 -0.389959 -0.920832 -0.000000 -0.007888 -0.999969 -0.000000 0.375384 -0.926870 -0.000000 0.701507 -0.712663 -0.000000 0.920832 -0.389959 -0.000000 0.920832 -0.389959 -0.000000 0.375384 -0.926870 -0.000000 -0.007888 -0.999969 -0.000000 -0.389959 -0.920832 -0.000000 -0.712663 -0.701507 -0.000000 -0.926870 -0.375384 -0.000000 0.375448 0.926844 0.000000 0.375448 0.926844 0.000000 0.926844 -0.375448 0.000000 0.775474 -0.631380 0.000000 -0.007888 -0.999969 0.000000 0.775474 -0.631380 0.000000 0.860724 -0.509071 0.000000 0.926844 -0.375448 0.000000 0.860724 -0.509071 0.000000 0.775474 -0.631380 0.000000 0.926844 -0.375448 0.000000 0.860724 -0.509071 0.000000 -0.007888 -0.999969 0.000000 -0.007888 -0.999969 0.000000 -0.007888 -0.999969 0.000000 0.494730 0.869047 0.000000 0.605321 0.795981 0.000000 0.705278 0.708931 0.000000 0.792843 0.609426 0.000000 0.866479 0.499214 0.000000 0.924891 0.380231 0.000000 0.967055 0.254569 0.000000 0.992228 0.124433 0.000000 0.999969 -0.007888 0.000000 0.988668 -0.150119 0.000000 0.957241 -0.289293 0.000000 0.906327 -0.422578 0.000000 0.836963 -0.547260 0.000000 0.750560 -0.660802 0.000000 0.648879 -0.760892 0.000000 0.533988 -0.845492 0.000000 0.408227 -0.912881 0.000000 0.274155 -0.961686 0.000000 0.134502 -0.990913 0.000000 0.137183 -0.990546 0.000000 0.279355 -0.960188 0.000000 0.415623 -0.909537 0.000000 0.543107 -0.839664 0.000000 0.659113 -0.752044 0.000000 0.761188 -0.648531 0.000000 0.847177 -0.531311 0.000000 0.915261 -0.402862 0.000000 0.964001 -0.265899 0.000000 0.992367 -0.123317 0.000000 0.999761 0.021872 0.000000 0.986025 0.166599 0.000000 0.951450 0.307805 0.000000 0.896766 0.442505 0.000000 0.823130 0.567853 0.000000 0.732097 0.681200 0.000000 0.625592 0.780150 0.000000 0.505865 0.862612 0.000000 0.375448 0.926844 0.000000 0.375448 0.926844 0.000000 0.549052 0.835788 0.000000 0.827100 0.562055 0.000000 0.920859 0.389896 0.000000 0.979230 0.202754 0.000000 0.999969 0.007819 0.000000 0.982281 -0.187415 0.000000 0.555542 -0.831489 0.000000 0.425748 -0.904842 0.000000 0.286491 -0.958083 0.000000 0.140867 -0.990029 0.000000 0.375448 0.926844 0.000000 0.375448 0.926844 0.000000 -0.999969 0.007888 0.000000 -0.999969 0.007888 0.000000 -0.999969 0.007888 0.000000 -0.999969 0.007888 0.000000 0.007888 0.999969 0.000000 0.007888 0.999969 0.000000 0.007888 0.999969 0.000000 0.007888 0.999969 0.000000 -0.963854 0.266431 0.000000 -0.862054 0.506816 0.000000 -0.701507 0.712663 0.000000 -0.493153 0.869943 0.000000 -0.251191 0.967937 0.000000 0.133156 0.991095 0.000000 0.256323 0.966591 0.000000 0.256323 0.966591 0.000000 0.133156 0.991095 0.000000 -0.251191 0.967937 0.000000 -0.493153 0.869943 0.000000 -0.701507 0.712663 0.000000 -0.862054 0.506816 0.000000 -0.963854 0.266431 0.000000 0.375448 0.926844 0.000000 0.375448 0.926844 0.000000 -0.980779 0.195124 0.000000 -0.835788 0.549052 0.000000 -0.562055 0.827100 0.000000 -0.712614 0.701556 0.000000 -0.389896 0.920859 0.000000 -0.202754 0.979230 0.000000 -0.007819 0.999969 0.000000 0.187415 0.982281 0.000000 -0.999969 0.007888 -0.000000 0.999969 -0.007888 -0.000000 0.999969 -0.007888 -0.000000 0.999969 -0.007888 -0.000000 0.999969 -0.007888 -0.000000 -0.942361 -0.334597 0.000000 -0.771091 -0.636725 0.000000 -0.506816 -0.862054 0.000000 -0.181411 -0.983407 0.000000 0.165874 -0.986147 -0.000000 0.493153 -0.869943 -0.000000 0.760950 -0.648811 -0.000000 0.936965 -0.349422 -0.000000 -0.999969 0.007888 -0.000000 -0.999969 0.007888 -0.000000 -0.999969 0.007888 -0.000000 0.936965 -0.349422 -0.000000 0.760950 -0.648811 -0.000000 0.493153 -0.869943 -0.000000 0.165874 -0.986147 -0.000000 -0.181411 -0.983407 0.000000 -0.506816 -0.862054 0.000000 -0.771091 -0.636725 0.000000 -0.942361 -0.334597 0.000000 0.000000 -0.000000 1.000000 0.000000 -0.000000 1.000000 0.000000 -0.000000 1.000000 0.000000 -0.000000 1.000000 0.000000 -0.000000 1.000000 0.000000 -0.000000 1.000000 0.000000 -0.000000 1.000000 0.000000 -0.000000 1.000000 0.000000 -0.000000 1.000000 0.000000 -0.000000 1.000000 0.000000 -0.000000 1.000000 0.000000 -0.000000 1.000000 0.000000 -0.000000 1.000000 0.000000 -0.000000 1.000000 0.000000 -0.000000 1.000000 -0.000000 0.000000 -1.000000 -0.000000 0.000000 -1.000000 -0.000000 0.000000 -1.000000 -0.000000 0.000000 -1.000000 -0.000000 0.000000 -1.000000 -0.000000 0.000000 -1.000000 -0.000000 0.000000 -1.000000 -0.000000 0.000000 -1.000000 -0.000000 0.000000 -1.000000 -0.000000 0.000000 -1.000000 -0.000000 0.000000 -1.000000 -0.000000 0.000000 -1.000000 -0.000000 0.000000 -1.000000 -0.000000 0.000000 -1.000000 -0.000000 0.000000 -1.000000 0.007888 0.999969 0.000000 0.007888 0.999969 0.000000 0.007888 0.999969 0.000000 0.007888 0.999969 0.000000 0.007888 0.999969 0.000000 0.007888 0.999969 0.000000 0.007888 0.999969 0.000000 0.007888 0.999969 0.000000 0.007888 0.999969 0.000000 0.007888 0.999969 0.000000 0.007888 0.999969 0.000000 0.007888 0.999969 0.000000 0.007888 0.999969 0.000000 0.007888 0.999969 0.000000 0.007888 0.999969 0.000000 0.007888 0.999969 0.000000 0.007888 0.999969 0.000000 0.007888 0.999969 0.000000 0.007888 0.999969 0.000000 0.007888 0.999969 0.000000 0.007888 0.999969 0.000000 0.007888 0.999969 0.000000 0.007888 0.999969 0.000000 0.007888 0.999969 0.000000 0.007888 0.999969 0.000000 -0.999969 0.007888 -0.000000 -0.202821 -0.979216 0.000000 0.187347 -0.982294 -0.000000 0.999969 -0.007888 -0.000000 0.187347 -0.982294 -0.000000 -0.007888 -0.999969 0.000000 -0.202821 -0.979216 0.000000 -0.007888 -0.999969 0.000000 0.187347 -0.982294 -0.000000 -0.202821 -0.979216 0.000000 -0.007888 -0.999969 0.000000 0.999969 -0.007888 -0.000000 0.999969 -0.007888 -0.000000 0.999969 -0.007888 -0.000000 -0.967937 -0.251191 0.000000 -0.869943 -0.493153 0.000000 -0.712663 -0.701507 0.000000 -0.506816 -0.862054 0.000000 -0.266431 -0.963854 0.000000 -0.007888 -0.999969 0.000000 0.251191 -0.967937 -0.000000 0.493153 -0.869943 -0.000000 0.701507 -0.712663 -0.000000 0.862054 -0.506816 -0.000000 0.963854 -0.266431 -0.000000 -0.999969 0.007888 -0.000000 -0.999969 0.007888 -0.000000 -0.999969 0.007888 -0.000000 0.963854 -0.266431 -0.000000 0.862054 -0.506816 -0.000000 0.701507 -0.712663 -0.000000 0.493153 -0.869943 -0.000000 0.251191 -0.967937 -0.000000 -0.007888 -0.999969 0.000000 -0.266431 -0.963854 0.000000 -0.506816 -0.862054 0.000000 -0.712663 -0.701507 0.000000 -0.869943 -0.493153 0.000000 -0.967937 -0.251191 0.000000 -0.835826 -0.548994 0.000000 -0.982294 -0.187347 0.000000 -0.712663 -0.701507 0.000000 -0.562112 -0.827061 0.000000 -0.389959 -0.920832 0.000000 0.548994 -0.835826 -0.000000 0.701507 -0.712663 -0.000000 0.827061 -0.562112 -0.000000 0.920832 -0.389959 -0.000000 0.979216 -0.202821 -0.000000 0.000000 -0.000000 1.000000 0.000000 -0.000000 1.000000 0.000000 -0.000000 1.000000 0.000000 -0.000000 1.000000 0.000000 -0.000000 1.000000 0.000000 -0.000000 1.000000 0.000000 -0.000000 1.000000 0.000000 -0.000000 1.000000 0.000000 -0.000000 1.000000 0.000000 -0.000000 1.000000 0.000000 -0.000000 1.000000 0.000000 -0.000000 1.000000 0.000000 -0.000000 1.000000 0.000000 -0.000000 1.000000 0.000000 -0.000000 1.000000 0.000000 -0.000000 1.000000 0.000000 -0.000000 1.000000 0.000000 -0.000000 1.000000 0.000000 -0.000000 1.000000 0.000000 -0.000000 1.000000 0.000000 -0.000000 1.000000 0.000000 -0.000000 1.000000 0.000000 -0.000000 1.000000 0.000000 -0.000000 1.000000 0.000000 -0.000000 1.000000 0.000000 -0.000000 1.000000 0.000000 -0.000000 1.000000 0.000000 -0.000000 1.000000 0.000000 -0.000000 1.000000 0.000000 -0.000000 1.000000 0.000000 -0.000000 1.000000 0.000000 -0.000000 1.000000 0.000000 -0.000000 1.000000 0.000000 -0.000000 1.000000 0.000000 -0.000000 1.000000 0.000000 -0.000000 1.000000 0.000000 -0.000000 1.000000 0.000000 -0.000000 1.000000 0.000000 -0.000000 1.000000 0.000000 -0.000000 1.000000 0.000000 -0.000000 1.000000 0.000000 -0.000000 1.000000 0.000000 -0.000000 1.000000 0.000000 -0.000000 1.000000 0.000000 -0.000000 1.000000 0.000000 -0.000000 1.000000 0.000000 -0.000000 1.000000 0.000000 -0.000000 1.000000 0.000000 -0.000000 1.000000 0.000000 -0.000000 1.000000 0.000000 -0.000000 1.000000 0.000000 -0.000000 1.000000 0.000000 -0.000000 1.000000 0.000000 -0.000000 1.000000 0.000000 -0.000000 1.000000 0.000000 -0.000000 1.000000 0.000000 -0.000000 1.000000 0.000000 -0.000000 1.000000 0.000000 -0.000000 1.000000 0.000000 -0.000000 1.000000 0.000000 -0.000000 1.000000 0.000000 -0.000000 1.000000 0.000000 -0.000000 1.000000 0.000000 -0.000000 1.000000 0.000000 -0.000000 1.000000 0.000000 -0.000000 1.000000 0.000000 -0.000000 1.000000 0.000000 -0.000000 1.000000 0.000000 -0.000000 1.000000 0.000000 -0.000000 1.000000 0.000000 -0.000000 1.000000 0.000000 -0.000000 1.000000 0.000000 -0.000000 1.000000 0.000000 -0.000000 1.000000 0.000000 -0.000000 1.000000 0.000000 -0.000000 1.000000 0.000000 -0.000000 1.000000 0.000000 -0.000000 1.000000 0.000000 -0.000000 1.000000 0.000000 -0.000000 1.000000 0.000000 -0.000000 1.000000 0.000000 -0.000000 1.000000 0.000000 -0.000000 1.000000 0.000000 -0.000000 1.000000 0.000000 -0.000000 1.000000 0.000000 -0.000000 1.000000 0.000000 -0.000000 1.000000 0.000000 -0.000000 1.000000 0.000000 -0.000000 1.000000 0.000000 -0.000000 1.000000 0.000000 -0.000000 1.000000 0.000000 -0.000000 1.000000 0.000000 -0.000000 1.000000 0.000000 -0.000000 1.000000 0.000000 -0.000000 1.000000 0.000000 -0.000000 1.000000 0.000000 -0.000000 1.000000 0.000000 -0.000000 1.000000 0.000000 -0.000000 1.000000 0.000000 -0.000000 1.000000 0.000000 -0.000000 1.000000 0.000000 -0.000000 1.000000 0.000000 -0.000000 1.000000 0.000000 -0.000000 1.000000 0.000000 -0.000000 1.000000 0.000000 -0.000000 1.000000 0.000000 -0.000000 1.000000 0.000000 -0.000000 1.000000 0.000000 -0.000000 1.000000 0.000000 -0.000000 1.000000 0.000000 -0.000000 1.000000 0.000000 -0.000000 1.000000 0.000000 -0.000000 1.000000 0.000000 -0.000000 1.000000 0.000000 -0.000000 1.000000 0.000000 -0.000000 1.000000 0.000000 -0.000000 1.000000 0.000000 -0.000000 1.000000 0.000000 -0.000000 1.000000 0.000000 -0.000000 1.000000 0.000000 -0.000000 1.000000 0.000000 -0.000000 1.000000 0.000000 -0.000000 1.000000 0.000000 -0.000000 1.000000 0.000000 -0.000000 1.000000 0.000000 -0.000000 1.000000 0.000000 -0.000000 1.000000 0.000000 -0.000000 1.000000 0.000000 -0.000000 1.000000 0.000000 -0.000000 1.000000 0.000000 -0.000000 1.000000 0.000000 -0.000000 1.000000 0.000000 -0.000000 1.000000 0.000000 -0.000000 1.000000 0.000000 -0.000000 1.000000 0.000000 -0.000000 1.000000 0.000000 -0.000000 1.000000 0.000000 -0.000000 1.000000 0.000000 -0.000000 1.000000 0.000000 -0.000000 1.000000 0.000000 -0.000000 1.000000 0.000000 -0.000000 1.000000 0.000000 -0.000000 1.000000 0.000000 -0.000000 1.000000 0.000000 -0.000000 1.000000 0.000000 -0.000000 1.000000 0.000000 -0.000000 1.000000 0.000000 -0.000000 1.000000 0.000000 -0.000000 1.000000 0.000000 -0.000000 1.000000 0.000000 -0.000000 1.000000 0.000000 -0.000000 1.000000 0.000000 -0.000000 1.000000 0.000000 -0.000000 1.000000 0.000000 -0.000000 1.000000 0.000000 -0.000000 1.000000 0.000000 -0.000000 1.000000 0.000000 -0.000000 1.000000 0.000000 -0.000000 1.000000 0.000000 -0.000000 1.000000 0.000000 -0.000000 1.000000 0.000000 -0.000000 1.000000 0.000000 -0.000000 1.000000 0.000000 -0.000000 1.000000 0.000000 -0.000000 1.000000 0.000000 -0.000000 1.000000 0.000000 -0.000000 1.000000 0.000000 -0.000000 1.000000 0.000000 -0.000000 1.000000 0.000000 -0.000000 1.000000 0.000000 -0.000000 1.000000 0.000000 -0.000000 1.000000 0.000000 -0.000000 1.000000 0.000000 -0.000000 1.000000 0.000000 -0.000000 1.000000 0.000000 -0.000000 1.000000 0.000000 -0.000000 1.000000 0.000000 -0.000000 1.000000 0.000000 -0.000000 1.000000 0.000000 -0.000000 1.000000 -0.000000 0.000000 -1.000000 -0.000000 0.000000 -1.000000 -0.000000 0.000000 -1.000000 -0.000000 0.000000 -1.000000 -0.000000 0.000000 -1.000000 -0.000000 0.000000 -1.000000 -0.000000 0.000000 -1.000000 -0.000000 0.000000 -1.000000 -0.000000 0.000000 -1.000000 -0.000000 0.000000 -1.000000 -0.000000 0.000000 -1.000000 -0.000000 0.000000 -1.000000 -0.000000 0.000000 -1.000000 -0.000000 0.000000 -1.000000 -0.000000 0.000000 -1.000000 -0.000000 0.000000 -1.000000 -0.000000 0.000000 -1.000000 -0.000000 0.000000 -1.000000 -0.000000 0.000000 -1.000000 -0.000000 0.000000 -1.000000 -0.000000 0.000000 -1.000000 -0.000000 0.000000 -1.000000 -0.000000 0.000000 -1.000000 -0.000000 0.000000 -1.000000 -0.000000 0.000000 -1.000000 -0.000000 0.000000 -1.000000 -0.000000 0.000000 -1.000000 -0.000000 0.000000 -1.000000 -0.000000 0.000000 -1.000000 -0.000000 0.000000 -1.000000 -0.000000 0.000000 -1.000000 -0.000000 0.000000 -1.000000 -0.000000 0.000000 -1.000000 -0.000000 0.000000 -1.000000 -0.000000 0.000000 -1.000000 -0.000000 0.000000 -1.000000 -0.000000 0.000000 -1.000000 -0.000000 0.000000 -1.000000 -0.000000 0.000000 -1.000000 -0.000000 0.000000 -1.000000 -0.000000 0.000000 -1.000000 -0.000000 0.000000 -1.000000 -0.000000 0.000000 -1.000000 -0.000000 0.000000 -1.000000 -0.000000 0.000000 -1.000000 -0.000000 0.000000 -1.000000 -0.000000 0.000000 -1.000000 -0.000000 0.000000 -1.000000 -0.000000 0.000000 -1.000000 -0.000000 0.000000 -1.000000 -0.000000 0.000000 -1.000000 -0.000000 0.000000 -1.000000 -0.000000 0.000000 -1.000000 -0.000000 0.000000 -1.000000 -0.000000 0.000000 -1.000000 -0.000000 0.000000 -1.000000 -0.000000 0.000000 -1.000000 -0.000000 0.000000 -1.000000 -0.000000 0.000000 -1.000000 -0.000000 0.000000 -1.000000 -0.000000 0.000000 -1.000000 -0.000000 0.000000 -1.000000 -0.000000 0.000000 -1.000000 -0.000000 0.000000 -1.000000 -0.000000 0.000000 -1.000000 -0.000000 0.000000 -1.000000 -0.000000 0.000000 -1.000000 -0.000000 0.000000 -1.000000 -0.000000 0.000000 -1.000000 -0.000000 0.000000 -1.000000 -0.000000 0.000000 -1.000000 -0.000000 0.000000 -1.000000 -0.000000 0.000000 -1.000000 -0.000000 0.000000 -1.000000 -0.000000 0.000000 -1.000000 -0.000000 0.000000 -1.000000 -0.000000 0.000000 -1.000000 -0.000000 0.000000 -1.000000 -0.000000 0.000000 -1.000000 -0.000000 0.000000 -1.000000 -0.000000 0.000000 -1.000000 -0.000000 0.000000 -1.000000 -0.000000 0.000000 -1.000000 -0.000000 0.000000 -1.000000 -0.000000 0.000000 -1.000000 -0.000000 0.000000 -1.000000 -0.000000 0.000000 -1.000000 -0.000000 0.000000 -1.000000 -0.000000 0.000000 -1.000000 -0.000000 0.000000 -1.000000 -0.000000 0.000000 -1.000000 -0.000000 0.000000 -1.000000 -0.000000 0.000000 -1.000000 -0.000000 0.000000 -1.000000 -0.000000 0.000000 -1.000000 -0.000000 0.000000 -1.000000 -0.000000 0.000000 -1.000000 -0.000000 0.000000 -1.000000 -0.000000 0.000000 -1.000000 -0.000000 0.000000 -1.000000 -0.000000 0.000000 -1.000000 -0.000000 0.000000 -1.000000 -0.000000 0.000000 -1.000000 0.999969 -0.007888 -0.000000 0.187347 -0.982294 -0.000000 -0.202821 -0.979216 -0.000000 -0.999969 0.007888 -0.000000 -0.202821 -0.979216 -0.000000 -0.007888 -0.999969 -0.000000 0.187347 -0.982294 -0.000000 -0.007888 -0.999969 -0.000000 -0.202821 -0.979216 -0.000000 0.187347 -0.982294 -0.000000 -0.007888 -0.999969 -0.000000 -0.999969 0.007888 -0.000000 -0.999969 0.007888 -0.000000 -0.999969 0.007888 -0.000000 0.986424 -0.164221 -0.000000 0.948589 -0.316510 -0.000000 0.887398 -0.461005 -0.000000 0.804355 -0.594149 -0.000000 0.701507 -0.712663 -0.000000 0.581385 -0.813628 -0.000000 0.446948 -0.894560 -0.000000 0.301505 -0.953465 -0.000000 0.148638 -0.988892 -0.000000 -0.007888 -0.999969 -0.000000 -0.164221 -0.986424 -0.000000 -0.316510 -0.948589 -0.000000 -0.461005 -0.887398 -0.000000 -0.594149 -0.804355 -0.000000 -0.712663 -0.701507 -0.000000 -0.813628 -0.581385 -0.000000 -0.894560 -0.446948 -0.000000 -0.953465 -0.301505 -0.000000 -0.988892 -0.148638 -0.000000 0.999969 -0.007888 -0.000000 0.999969 -0.007888 -0.000000 0.999969 -0.007888 -0.000000 -0.988892 -0.148638 -0.000000 -0.953465 -0.301505 -0.000000 -0.894560 -0.446948 -0.000000 -0.813628 -0.581385 -0.000000 -0.712663 -0.701507 -0.000000 -0.594149 -0.804355 -0.000000 -0.461005 -0.887398 -0.000000 -0.316510 -0.948589 -0.000000 -0.164221 -0.986424 -0.000000 -0.007888 -0.999969 -0.000000 0.148638 -0.988892 -0.000000 0.301505 -0.953465 -0.000000 0.446948 -0.894560 -0.000000 0.581385 -0.813628 -0.000000 0.701507 -0.712663 -0.000000 0.804355 -0.594149 -0.000000 0.887398 -0.461005 -0.000000 0.948589 -0.316510 -0.000000 0.986424 -0.164221 -0.000000 0.827061 -0.562112 -0.000000 0.979216 -0.202821 -0.000000 0.701507 -0.712663 -0.000000 0.548994 -0.835826 -0.000000 0.375384 -0.926870 -0.000000 -0.562112 -0.827061 -0.000000 -0.712663 -0.701507 -0.000000 -0.835826 -0.548994 -0.000000 -0.926870 -0.375384 -0.000000 -0.982294 -0.187347 -0.000000 -0.999969 0.007888 -0.000000 -0.202821 -0.979216 0.000000 0.187347 -0.982294 -0.000000 0.999969 -0.007888 -0.000000 0.187347 -0.982294 -0.000000 -0.007888 -0.999969 0.000000 -0.202821 -0.979216 0.000000 -0.007888 -0.999969 0.000000 0.187347 -0.982294 -0.000000 -0.202821 -0.979216 0.000000 -0.007888 -0.999969 0.000000 0.999969 -0.007888 -0.000000 0.999969 -0.007888 -0.000000 0.999969 -0.007888 -0.000000 -0.988892 -0.148638 0.000000 -0.953465 -0.301505 0.000000 -0.894560 -0.446948 0.000000 -0.813628 -0.581385 0.000000 -0.712663 -0.701507 0.000000 -0.594149 -0.804355 0.000000 -0.461005 -0.887398 0.000000 -0.316510 -0.948589 0.000000 -0.164221 -0.986424 0.000000 -0.007888 -0.999969 0.000000 0.148638 -0.988892 -0.000000 0.301505 -0.953465 -0.000000 0.446948 -0.894560 -0.000000 0.581385 -0.813628 -0.000000 0.701507 -0.712663 -0.000000 0.804355 -0.594149 -0.000000 0.887398 -0.461005 -0.000000 0.948589 -0.316510 -0.000000 0.986424 -0.164221 -0.000000 -0.999969 0.007888 -0.000000 -0.999969 0.007888 -0.000000 -0.999969 0.007888 -0.000000 0.986424 -0.164221 -0.000000 0.948589 -0.316510 -0.000000 0.887398 -0.461005 -0.000000 0.804355 -0.594149 -0.000000 0.701507 -0.712663 -0.000000 0.581385 -0.813628 -0.000000 0.446948 -0.894560 -0.000000 0.301505 -0.953465 -0.000000 0.148638 -0.988892 -0.000000 -0.007888 -0.999969 0.000000 -0.164221 -0.986424 0.000000 -0.316510 -0.948589 0.000000 -0.461005 -0.887398 0.000000 -0.594149 -0.804355 0.000000 -0.712663 -0.701507 0.000000 -0.813628 -0.581385 0.000000 -0.894560 -0.446948 0.000000 -0.953465 -0.301505 0.000000 -0.988892 -0.148638 0.000000 -0.835826 -0.548994 0.000000 -0.982294 -0.187347 0.000000 -0.712663 -0.701507 0.000000 -0.562112 -0.827061 0.000000 -0.389959 -0.920832 0.000000 0.548994 -0.835826 -0.000000 0.701507 -0.712663 -0.000000 0.827061 -0.562112 -0.000000 0.920832 -0.389959 -0.000000 0.979216 -0.202821 -0.000000 -0.999969 0.007888 -0.000000 -0.202821 -0.979216 -0.000000 0.187347 -0.982294 -0.000000 0.999969 -0.007888 -0.000000 0.187347 -0.982294 -0.000000 -0.007888 -0.999969 -0.000000 -0.202821 -0.979216 -0.000000 -0.007888 -0.999969 -0.000000 0.187347 -0.982294 -0.000000 -0.202821 -0.979216 -0.000000 -0.007888 -0.999969 -0.000000 0.999969 -0.007888 -0.000000 0.999969 -0.007888 -0.000000 0.999969 -0.007888 -0.000000 -0.989976 -0.141237 -0.000000 -0.957868 -0.287208 -0.000000 -0.904364 -0.426763 -0.000000 -0.830657 -0.556785 -0.000000 -0.738395 -0.674369 -0.000000 -0.629638 -0.776889 -0.000000 -0.506816 -0.862054 -0.000000 -0.372673 -0.927963 -0.000000 -0.230205 -0.973142 -0.000000 -0.082594 -0.996583 -0.000000 0.066861 -0.997762 -0.000000 0.214823 -0.976653 -0.000000 0.357987 -0.933727 -0.000000 0.493153 -0.869943 -0.000000 0.617303 -0.786726 -0.000000 0.727664 -0.685934 -0.000000 0.821769 -0.569820 -0.000000 0.897518 -0.440977 -0.000000 0.953218 -0.302284 -0.000000 0.987624 -0.156838 -0.000000 -0.999969 0.007888 -0.000000 -0.999969 0.007888 -0.000000 -0.999969 0.007888 -0.000000 0.987624 -0.156838 -0.000000 0.953218 -0.302284 -0.000000 0.897518 -0.440977 -0.000000 0.821769 -0.569820 -0.000000 0.727664 -0.685934 -0.000000 0.617303 -0.786726 -0.000000 0.493153 -0.869943 -0.000000 0.357987 -0.933727 -0.000000 0.214823 -0.976653 -0.000000 0.066861 -0.997762 -0.000000 -0.082594 -0.996583 -0.000000 -0.230205 -0.973142 -0.000000 -0.372673 -0.927963 -0.000000 -0.506816 -0.862054 -0.000000 -0.629638 -0.776889 -0.000000 -0.738395 -0.674369 -0.000000 -0.830657 -0.556785 -0.000000 -0.904364 -0.426763 -0.000000 -0.957868 -0.287208 -0.000000 -0.989976 -0.141237 -0.000000 -0.982294 -0.187347 -0.000000 -0.712663 -0.701507 -0.000000 -0.835826 -0.548994 -0.000000 -0.389959 -0.920832 -0.000000 -0.562112 -0.827061 -0.000000 0.548994 -0.835826 -0.000000 0.701507 -0.712663 -0.000000 0.827061 -0.562112 -0.000000 0.920832 -0.389959 -0.000000 0.979216 -0.202821 -0.000000 0.999969 -0.007888 -0.000000 -0.999969 0.007888 -0.000000 -0.999969 0.007888 -0.000000 -0.999969 0.007888 -0.000000 0.963854 -0.266431 -0.000000 0.862054 -0.506816 -0.000000 0.701507 -0.712663 -0.000000 0.493153 -0.869943 -0.000000 0.251191 -0.967937 -0.000000 -0.007888 -0.999969 -0.000000 -0.266431 -0.963854 -0.000000 -0.506816 -0.862054 -0.000000 -0.712663 -0.701507 -0.000000 -0.869943 -0.493153 -0.000000 -0.967937 -0.251191 -0.000000 0.999969 -0.007888 -0.000000 0.999969 -0.007888 -0.000000 -0.967937 -0.251191 -0.000000 -0.869943 -0.493153 -0.000000 -0.712663 -0.701507 -0.000000 -0.506816 -0.862054 -0.000000 -0.266431 -0.963854 -0.000000 -0.007888 -0.999969 -0.000000 0.251191 -0.967937 -0.000000 0.493153 -0.869943 -0.000000 0.701507 -0.712663 -0.000000 0.862054 -0.506816 -0.000000 0.963854 -0.266431 -0.000000 -0.999969 0.007888 -0.000000 0.999969 -0.007888 -0.000000 -0.999969 0.007888 -0.000000 0.999969 -0.007888 -0.000000 -0.999969 0.007888 -0.000000 -0.963854 0.266431 -0.000000 -0.862054 0.506816 -0.000000 -0.701507 0.712663 -0.000000 -0.493153 0.869943 -0.000000 -0.251191 0.967937 -0.000000 0.007888 0.999969 -0.000000 0.266431 0.963854 -0.000000 0.506816 0.862054 -0.000000 0.712663 0.701507 -0.000000 0.869943 0.493153 -0.000000 0.967937 0.251191 -0.000000 0.999969 -0.007888 -0.000000 0.967937 0.251191 -0.000000 0.869943 0.493153 -0.000000 0.712663 0.701507 -0.000000 0.506816 0.862054 -0.000000 0.266431 0.963854 -0.000000 0.007888 0.999969 -0.000000 -0.251191 0.967937 -0.000000 -0.493153 0.869943 -0.000000 -0.701507 0.712663 -0.000000 -0.862054 0.506816 -0.000000 -0.963854 0.266431 -0.000000 0.999969 -0.007888 -0.000000 -0.999969 0.007888 -0.000000 0.999969 -0.007888 -0.000000 0.999969 -0.007888 -0.000000 -0.999969 0.007888 -0.000000 -0.999969 0.007888 -0.000000 0.999969 -0.007888 -0.000000 0.967937 0.251191 -0.000000 0.869943 0.493153 -0.000000 0.712663 0.701507 -0.000000 0.506816 0.862054 -0.000000 0.266431 0.963854 -0.000000 0.007888 0.999969 -0.000000 -0.251191 0.967937 -0.000000 -0.493153 0.869943 -0.000000 -0.701507 0.712663 -0.000000 -0.862054 0.506816 -0.000000 -0.963854 0.266431 -0.000000 -0.999969 0.007888 -0.000000 -0.963854 0.266431 -0.000000 -0.862054 0.506816 -0.000000 -0.701507 0.712663 -0.000000 -0.493153 0.869943 -0.000000 -0.251191 0.967937 -0.000000 0.007888 0.999969 -0.000000 0.266431 0.963854 -0.000000 0.506816 0.862054 -0.000000 0.712663 0.701507 -0.000000 0.869943 0.493153 -0.000000 0.967937 0.251191 -0.000000 0.999969 -0.007888 -0.000000 0.202821 0.979216 -0.000000 -0.187347 0.982294 -0.000000 -0.999969 0.007888 -0.000000 -0.187347 0.982294 -0.000000 0.007888 0.999969 -0.000000 0.202821 0.979216 -0.000000 0.007888 0.999969 -0.000000 -0.187347 0.982294 -0.000000 0.202821 0.979216 -0.000000 0.007888 0.999969 -0.000000 0.999969 -0.007888 -0.000000 0.999969 -0.007888 -0.000000 -0.999969 0.007888 -0.000000 -0.999969 0.007888 -0.000000 0.999969 -0.007888 -0.000000 0.988892 0.148638 -0.000000 0.953465 0.301505 -0.000000 0.894560 0.446948 -0.000000 0.813628 0.581385 -0.000000 0.712663 0.701507 -0.000000 0.594149 0.804355 -0.000000 0.461005 0.887398 -0.000000 0.316510 0.948589 -0.000000 0.164221 0.986424 -0.000000 0.007888 0.999969 -0.000000 -0.148638 0.988892 -0.000000 -0.301505 0.953465 -0.000000 -0.446948 0.894560 -0.000000 -0.581385 0.813628 -0.000000 -0.701507 0.712663 -0.000000 -0.804355 0.594149 -0.000000 -0.887398 0.461005 -0.000000 -0.948589 0.316510 -0.000000 -0.986424 0.164221 -0.000000 -0.999969 0.007888 -0.000000 -0.986424 0.164221 -0.000000 -0.948589 0.316510 -0.000000 -0.887398 0.461005 -0.000000 -0.804355 0.594149 -0.000000 -0.701507 0.712663 -0.000000 -0.581385 0.813628 -0.000000 -0.446948 0.894560 -0.000000 -0.301505 0.953465 -0.000000 -0.148638 0.988892 -0.000000 0.007888 0.999969 -0.000000 0.164221 0.986424 -0.000000 0.316510 0.948589 -0.000000 0.461005 0.887398 -0.000000 0.594149 0.804355 -0.000000 0.712663 0.701507 -0.000000 0.813628 0.581385 -0.000000 0.894560 0.446948 -0.000000 0.953465 0.301505 -0.000000 0.988892 0.148638 -0.000000 0.835826 0.548994 -0.000000 0.982294 0.187347 -0.000000 0.712663 0.701507 -0.000000 0.562112 0.827061 -0.000000 0.389959 0.920832 -0.000000 -0.548994 0.835826 -0.000000 -0.701507 0.712663 -0.000000 -0.827061 0.562112 -0.000000 -0.979216 0.202821 -0.000000 -0.920832 0.389959 -0.000000 -0.999969 0.007888 -0.000000 0.999969 -0.007888 -0.000000 -0.999969 0.007888 -0.000000 -0.999969 0.007888 -0.000000 0.999969 -0.007888 -0.000000 0.999969 -0.007888 -0.000000 -0.999969 0.007888 -0.000000 -0.948589 0.316510 -0.000000 -0.804355 0.594149 -0.000000 -0.581385 0.813628 -0.000000 -0.301505 0.953465 -0.000000 0.007888 0.999969 0.000000 0.316510 0.948589 0.000000 0.594149 0.804355 0.000000 0.813628 0.581385 0.000000 0.953465 0.301505 0.000000 0.999969 -0.007888 -0.000000 0.953465 0.301505 0.000000 0.813628 0.581385 0.000000 0.594149 0.804355 0.000000 0.316510 0.948589 0.000000 0.007888 0.999969 0.000000 -0.301505 0.953465 -0.000000 -0.581385 0.813628 -0.000000 -0.804355 0.594149 -0.000000 -0.948589 0.316510 -0.000000 0.999969 -0.007888 -0.000000 -0.999969 0.007888 -0.000000 0.999969 -0.007888 -0.000000 0.999969 -0.007888 -0.000000 -0.999969 0.007888 -0.000000 -0.999969 0.007888 -0.000000 0.999969 -0.007888 -0.000000 0.942361 0.334597 -0.000000 0.771091 0.636725 -0.000000 0.506816 0.862054 -0.000000 0.181411 0.983407 -0.000000 -0.165874 0.986147 -0.000000 -0.493153 0.869943 -0.000000 -0.760950 0.648811 -0.000000 -0.936965 0.349422 -0.000000 -0.999969 0.007888 -0.000000 -0.936965 0.349422 -0.000000 -0.760950 0.648811 -0.000000 -0.493153 0.869943 -0.000000 -0.165874 0.986147 -0.000000 0.181411 0.983407 -0.000000 0.506816 0.862054 -0.000000 0.771091 0.636725 -0.000000 0.942361 0.334597 -0.000000 0.999969 -0.007888 -0.000000 0.202821 0.979216 -0.000000 -0.187347 0.982294 -0.000000 -0.999969 0.007888 -0.000000 -0.187347 0.982294 -0.000000 0.007888 0.999969 -0.000000 0.202821 0.979216 -0.000000 0.007888 0.999969 -0.000000 -0.187347 0.982294 -0.000000 0.202821 0.979216 -0.000000 0.007888 0.999969 -0.000000 0.999969 -0.007888 -0.000000 0.999969 -0.007888 -0.000000 -0.999969 0.007888 -0.000000 -0.999969 0.007888 -0.000000 0.999969 -0.007888 -0.000000 0.967937 0.251191 -0.000000 0.869943 0.493153 -0.000000 0.712663 0.701507 -0.000000 0.506816 0.862054 -0.000000 0.266431 0.963854 -0.000000 0.007888 0.999969 -0.000000 -0.251191 0.967937 -0.000000 -0.493153 0.869943 -0.000000 -0.701507 0.712663 -0.000000 -0.862054 0.506816 -0.000000 -0.963854 0.266431 -0.000000 -0.999969 0.007888 -0.000000 -0.963854 0.266431 -0.000000 -0.862054 0.506816 -0.000000 -0.701507 0.712663 -0.000000 -0.493153 0.869943 -0.000000 -0.251191 0.967937 -0.000000 0.007888 0.999969 -0.000000 0.266431 0.963854 -0.000000 0.506816 0.862054 -0.000000 0.712663 0.701507 -0.000000 0.869943 0.493153 -0.000000 0.967937 0.251191 -0.000000 0.835826 0.548994 -0.000000 0.982294 0.187347 -0.000000 0.712663 0.701507 -0.000000 0.562112 0.827061 -0.000000 0.389959 0.920832 -0.000000 -0.701507 0.712663 -0.000000 -0.548994 0.835826 -0.000000 -0.920832 0.389959 -0.000000 -0.827061 0.562112 -0.000000 -0.979216 0.202821 -0.000000 -0.999969 0.007888 -0.000000 0.999969 -0.007888 -0.000000 -0.999969 0.007888 -0.000000 -0.999969 0.007888 -0.000000 0.999969 -0.007888 -0.000000 0.999969 -0.007888 -0.000000 -0.999969 0.007888 -0.000000 -0.920832 0.389959 -0.000000 -0.701507 0.712663 -0.000000 -0.375384 0.926870 -0.000000 0.007888 0.999969 0.000000 0.389959 0.920832 0.000000 0.712663 0.701507 0.000000 0.926870 0.375384 0.000000 0.999969 -0.007888 -0.000000 0.926870 0.375384 0.000000 0.712663 0.701507 0.000000 0.389959 0.920832 0.000000 0.007888 0.999969 0.000000 -0.375384 0.926870 -0.000000 -0.701507 0.712663 -0.000000 -0.920832 0.389959 -0.000000 -0.920832 0.389959 -0.000000 -0.375384 0.926870 -0.000000 0.007888 0.999969 0.000000 0.389959 0.920832 0.000000 0.712663 0.701507 0.000000 0.926870 0.375384 0.000000 -0.999969 0.007888 0.000000 -0.999969 0.007888 0.000000 -0.992444 -0.122701 0.000000 -0.967937 -0.251191 0.000000 -0.926870 -0.375384 0.000000 -0.869943 -0.493153 0.000000 -0.798131 -0.602484 0.000000 -0.712663 -0.701507 0.000000 -0.615001 -0.788526 0.000000 -0.506816 -0.862054 0.000000 -0.389959 -0.920832 0.000000 -0.266431 -0.963854 0.000000 -0.138343 -0.990384 0.000000 -0.999969 0.007888 0.000000 -0.007888 -0.999969 0.000000 -0.007888 -0.999969 0.000000 -0.007888 -0.999969 0.000000 -0.150119 -0.988668 0.000000 -0.289293 -0.957241 0.000000 -0.422578 -0.906327 0.000000 -0.547260 -0.836963 0.000000 -0.660802 -0.750560 0.000000 -0.760892 -0.648879 0.000000 -0.845492 -0.533988 0.000000 -0.912881 -0.408227 0.000000 -0.961686 -0.274155 0.000000 -0.990913 -0.134502 0.000000 -0.202821 -0.979216 0.000000 -0.562112 -0.827061 0.000000 -0.712663 -0.701507 0.000000 -0.835826 -0.548994 0.000000 -0.926870 -0.375384 0.000000 -0.982294 -0.187347 0.000000 -0.007888 -0.999969 -0.000000 0.183388 -0.961535 0.204499 0.172171 -0.902720 0.394276 0.154477 -0.809949 0.565791 0.131160 -0.687694 0.714055 0.102928 -0.539669 0.835561 0.070839 -0.371422 0.925758 0.036096 -0.189257 0.981264 0.367451 -0.907282 0.204499 0.344975 -0.851786 0.394276 0.309522 -0.764249 0.565791 0.262802 -0.648892 0.714055 0.206235 -0.509219 0.835561 0.141939 -0.350465 0.925758 0.072325 -0.178579 0.981264 0.537392 -0.818163 0.204499 0.504521 -0.768118 0.394276 0.452672 -0.689180 0.565791 0.384345 -0.585154 0.714055 0.301616 -0.459201 0.835561 0.207584 -0.316040 0.925758 0.105774 -0.161037 0.981264 0.686682 -0.697602 0.204499 0.644679 -0.654932 0.394276 0.578427 -0.587625 0.565791 0.491118 -0.498928 0.714055 0.385406 -0.391535 0.835561 0.265252 -0.269470 0.925758 0.135158 -0.137308 0.981264 0.809583 -0.550233 0.204499 0.760063 -0.516576 0.394276 0.681952 -0.463489 0.565791 0.579017 -0.393529 0.714055 0.454385 -0.308823 0.835561 0.312726 -0.212544 0.925758 0.159349 -0.108301 0.981264 0.901372 -0.381718 0.204499 0.846237 -0.358370 0.394276 0.759271 -0.321541 0.565791 0.644665 -0.273007 0.714055 0.505902 -0.214243 0.835561 0.348182 -0.147450 0.925758 0.177415 -0.075133 0.981264 0.958522 -0.198535 0.204499 0.899892 -0.186391 0.394276 0.807411 -0.167236 0.565791 0.685539 -0.141993 0.714055 0.537978 -0.111429 0.835561 0.370258 -0.076690 0.925758 0.188664 -0.039077 0.981264 0.999969 -0.007888 -0.000000 0.000000 -0.000000 1.000000 0.002408 -0.022655 0.999740 0.926233 -0.007307 0.376881 0.715899 -0.005647 0.698181 0.399988 -0.003155 0.916515 -0.003155 -0.399988 0.916515 -0.005647 -0.715899 0.698181 -0.007307 -0.926233 0.376881 0.134502 -0.990913 -0.000000 0.274155 -0.961686 -0.000000 0.408227 -0.912881 -0.000000 0.533988 -0.845492 -0.000000 0.648879 -0.760892 -0.000000 0.750560 -0.660802 -0.000000 0.836963 -0.547260 -0.000000 0.906327 -0.422578 -0.000000 0.957241 -0.289293 -0.000000 0.988668 -0.150119 -0.000000 0.369772 -0.018149 0.928945 0.368500 -0.018394 0.929446 0.367163 -0.018642 0.929970 0.364283 -0.019145 0.931091 0.357644 -0.020163 0.933640 0.340330 -0.022111 0.940046 0.284786 -0.024204 0.958285 0.156334 -0.017382 0.987551 0.151461 -0.016939 0.988318 0.146579 -0.016485 0.989062 0.136785 -0.015549 0.990479 0.117116 -0.013570 0.993025 0.077673 -0.009271 0.996936 -0.000000 0.000000 1.000000 -0.000000 0.000000 1.000000 -0.000000 0.000000 1.000000 -0.000000 0.000000 1.000000 -0.000000 0.000000 1.000000 -0.000000 0.000000 1.000000 0.000000 -0.000000 1.000000 0.000000 -0.000000 1.000000 0.015976 -0.171582 0.985040 0.016159 -0.174313 0.984558 0.016344 -0.177133 0.984051 0.016720 -0.183032 0.982965 0.017474 -0.195825 0.980483 0.018848 -0.224946 0.974189 0.019575 -0.292450 0.956080 0.019072 -0.307903 0.951227 0.018343 -0.321490 0.946735 0.016413 -0.343659 0.938951 0.011889 -0.371952 0.928176 0.011474 -0.373752 0.927458 0.011053 -0.375488 0.926762 0.010191 -0.378769 0.925435 0.008401 -0.384584 0.923052 0.004631 -0.393316 0.919392 -0.083286 0.000657 0.996525 -0.062712 0.000495 0.998032 -0.062712 0.000495 0.998032 -0.062712 0.000495 0.998032 -0.041872 0.000330 0.999123 -0.041872 0.000330 0.999123 -0.041872 0.000330 0.999123 -0.020941 0.000165 0.999781 -0.020941 0.000165 0.999781 -0.020941 0.000165 0.999781 0.000000 -0.000000 1.000000 0.000000 -0.000000 1.000000 -0.083286 0.000657 0.996525 -0.083286 0.000657 0.996525 -0.083286 0.000657 0.996525 -0.083286 0.000657 0.996525 -0.083286 0.000657 0.996525 -0.083286 0.000657 0.996525 0.000000 -0.000000 1.000000 0.000000 -0.000000 1.000000 0.000000 -0.000000 1.000000 0.000000 -0.000000 1.000000 0.000000 -0.000000 1.000000 -0.999969 0.007888 -0.000000 0.999969 -0.007888 -0.000000 0.999969 -0.007888 -0.000000 -0.999969 0.007888 -0.000000 -0.999969 0.007888 -0.000000 0.999969 -0.007888 -0.000000 0.999969 -0.007888 -0.000000 -0.999969 0.007888 -0.000000 -0.897518 0.440977 -0.000000 -0.617303 0.786726 -0.000000 -0.214823 0.976653 -0.000000 0.230205 0.973142 0.000000 0.629638 0.776889 0.000000 0.904364 0.426763 0.000000 0.904364 0.426763 0.000000 0.629638 0.776889 0.000000 0.230205 0.973142 0.000000 -0.214823 0.976653 -0.000000 -0.617303 0.786726 -0.000000 -0.897518 0.440977 -0.000000 -0.920832 0.389959 -0.000000 -0.375384 0.926870 -0.000000 0.007888 0.999969 0.000000 0.389959 0.920832 0.000000 0.712663 0.701507 0.000000 0.926870 0.375384 0.000000 0.999969 -0.007888 -0.000000 0.999969 -0.007888 -0.000000 -0.999969 0.007888 -0.000000 -0.999969 0.007888 -0.000000 -0.999969 0.007888 -0.000000 -0.999969 0.007888 -0.000000 0.999969 -0.007888 -0.000000 0.999969 -0.007888 -0.000000 -0.920160 0.391543 -0.000000 -0.917082 0.398699 -0.000000 -0.913833 0.406089 -0.000000 -0.906800 0.421562 -0.000000 -0.890406 0.455167 -0.000000 -0.846750 0.531991 -0.000000 -0.702319 0.711862 -0.000000 -0.657664 0.753312 -0.000000 -0.613301 0.789849 -0.000000 -0.527491 0.849560 -0.000000 -0.378296 0.925685 -0.000000 -0.366213 0.930531 -0.000000 -0.354106 0.935205 -0.000000 -0.329835 0.944039 -0.000000 -0.281132 0.959669 -0.000000 -0.183624 0.982997 -0.000000 0.007888 0.999969 0.000000 0.007888 0.999969 0.000000 -0.378137 0.925750 -0.000000 -0.396004 0.918249 -0.000000 -0.414329 0.910127 -0.000000 -0.452255 0.891889 -0.000000 -0.532426 0.846476 -0.000000 -0.701711 0.712461 -0.000000 -0.746336 0.665569 -0.000000 -0.785013 0.619480 -0.000000 -0.846497 0.532393 -0.000000 -0.919923 0.392098 -0.000000 -0.925034 0.379885 -0.000000 -0.929961 0.367659 -0.000000 -0.939270 0.343179 -0.000000 -0.955746 0.294193 -0.000000 -0.980461 0.196716 -0.000000 0.925536 0.378660 0.000000 0.922136 0.386865 0.000000 0.918580 0.395234 0.000000 0.910978 0.412455 0.000000 0.893666 0.448732 0.000000 0.849404 0.527743 0.000000 0.712374 0.701800 0.000000 0.665758 0.746168 0.000000 0.619902 0.784679 0.000000 0.533096 0.846054 0.000000 0.392384 0.919801 0.000000 0.380293 0.924866 0.000000 0.368182 0.929754 0.000000 0.343911 0.939002 0.000000 0.295248 0.955421 0.000000 0.198006 0.980201 0.000000 0.392837 0.919608 0.000000 0.400844 0.916146 0.000000 0.409024 0.912524 0.000000 0.425888 0.904776 0.000000 0.461537 0.887121 0.000000 0.539601 0.841921 0.000000 0.712534 0.701638 0.000000 0.925792 0.378033 0.000000 0.930611 0.366010 0.000000 0.935260 0.353960 0.000000 0.944053 0.329795 0.000000 0.959630 0.281265 0.000000 0.982936 0.183946 0.000000 -0.920832 0.389959 -0.000000 -0.375384 0.926870 -0.000000 0.007888 0.999969 0.000000 0.389959 0.920832 0.000000 0.712663 0.701507 0.000000 0.926870 0.375384 0.000000 0.999969 -0.007888 -0.000000 0.999969 -0.007888 -0.000000 -0.999969 0.007888 -0.000000 -0.999969 0.007888 -0.000000 -0.999969 0.007888 -0.000000 -0.999969 0.007888 -0.000000 0.999969 -0.007888 -0.000000 0.999969 -0.007888 -0.000000 -0.914182 0.405303 -0.000000 -0.910643 0.413193 -0.000000 -0.906928 0.421286 -0.000000 -0.898942 0.438068 -0.000000 -0.880580 0.473897 -0.000000 -0.832819 0.553545 -0.000000 -0.680807 0.732463 -0.000000 -0.337522 0.941318 -0.000000 -0.324716 0.945812 -0.000000 -0.311898 0.950116 -0.000000 -0.286238 0.958159 -0.000000 -0.234903 0.972019 -0.000000 -0.132779 0.991146 -0.000000 0.065017 0.997884 0.000000 0.065017 0.997884 0.000000 -0.337274 0.941406 -0.000000 -0.345529 0.938408 -0.000000 -0.353990 0.935249 -0.000000 -0.371514 0.928428 -0.000000 -0.408878 0.912589 -0.000000 -0.491920 0.870640 -0.000000 -0.680200 0.733027 -0.000000 -0.832460 0.554086 -0.000000 -0.913839 0.406077 -0.000000 -0.919256 0.393661 -0.000000 -0.924486 0.381215 -0.000000 -0.934391 0.356250 -0.000000 -0.951999 0.306102 -0.000000 -0.978646 0.205555 -0.000000 0.879183 0.476485 0.000000 0.539298 0.842115 0.000000 0.539298 0.842115 0.000000 0.879183 0.476485 0.000000 -0.920832 0.389959 -0.000000 -0.375384 0.926870 -0.000000 0.007888 0.999969 0.000000 0.389959 0.920832 0.000000 0.926870 0.375384 0.000000 0.712663 0.701507 0.000000 0.999969 -0.007888 -0.000000 0.999969 -0.007888 -0.000000 -0.999969 0.007888 -0.000000 -0.999969 0.007888 -0.000000 -0.999969 0.007888 -0.000000 -0.999969 0.007888 -0.000000 0.999969 -0.007888 -0.000000 0.999969 -0.007888 -0.000000 -0.997884 0.065017 -0.000000 -0.997884 0.065017 -0.000000 0.874602 0.484841 0.000000 0.523152 0.852239 0.000000 0.036467 0.999335 0.000000 -0.459644 0.888103 -0.000000 -0.836938 0.547298 -0.000000 -0.836938 0.547298 -0.000000 -0.459644 0.888103 -0.000000 0.036467 0.999335 0.000000 0.523152 0.852239 0.000000 0.874602 0.484841 0.000000 -0.920832 0.389959 -0.000000 -0.375384 0.926870 -0.000000 0.007888 0.999969 0.000000 0.389959 0.920832 0.000000 0.712663 0.701507 0.000000 0.926870 0.375384 0.000000 0.000000 -0.000000 -1.000000 0.000000 -0.000000 -1.000000 -0.021066 0.000166 -0.999778 -0.021066 0.000166 -0.999778 -0.021066 0.000166 -0.999778 -0.041872 0.000330 -0.999123 -0.041872 0.000330 -0.999123 -0.041872 0.000330 -0.999123 -0.062592 0.000494 -0.998039 -0.062592 0.000494 -0.998039 -0.062592 0.000494 -0.998039 -0.083286 0.000657 -0.996525 0.000000 -0.000000 -1.000000 0.000000 -0.000000 -1.000000 0.000000 -0.000000 -1.000000 0.000000 -0.000000 -1.000000 0.000000 -0.000000 -1.000000 -0.083286 0.000657 -0.996525 -0.083286 0.000657 -0.996525 -0.083286 0.000657 -0.996525 -0.083286 0.000657 -0.996525 -0.083286 0.000657 -0.996525 -0.083286 0.000657 -0.996525 0.999969 -0.007888 -0.000000 -0.999969 0.007888 -0.000000 0.999969 -0.007888 -0.000000 -0.999969 0.007888 -0.000000 0.999969 -0.007888 -0.000000 0.984392 0.175990 -0.000000 0.935293 0.353875 -0.000000 0.854343 0.519709 -0.000000 0.744300 0.667845 -0.000000 0.608911 0.793239 -0.000000 0.452786 0.891619 -0.000000 0.281242 0.959637 -0.000000 0.100120 0.994975 -0.000000 -0.084411 0.996431 -0.000000 -0.266067 0.963955 -0.000000 -0.438663 0.898652 -0.000000 -0.596321 0.802746 -0.000000 -0.733672 0.679504 -0.000000 -0.846038 0.533123 -0.000000 -0.929594 0.368586 -0.000000 -0.981493 0.191498 -0.000000 -0.999969 0.007888 -0.000000 -0.981493 0.191498 -0.000000 -0.929594 0.368586 -0.000000 -0.846038 0.533123 -0.000000 -0.733672 0.679504 -0.000000 -0.596321 0.802746 -0.000000 -0.438663 0.898652 -0.000000 -0.266067 0.963955 -0.000000 -0.084411 0.996431 -0.000000 0.100120 0.994975 -0.000000 0.281242 0.959637 -0.000000 0.452786 0.891619 -0.000000 0.608911 0.793239 -0.000000 0.744300 0.667845 -0.000000 0.854343 0.519709 -0.000000 0.935293 0.353875 -0.000000 0.984392 0.175990 -0.000000 0.999969 -0.007888 -0.000000 -0.999969 0.007888 -0.000000 0.999969 -0.007888 -0.000000 -0.999969 0.007888 -0.000000 0.999969 -0.007888 -0.000000 0.984392 0.175990 -0.000000 0.935293 0.353875 -0.000000 0.854343 0.519709 -0.000000 0.744300 0.667845 -0.000000 0.608911 0.793239 -0.000000 0.452786 0.891619 -0.000000 0.281242 0.959637 -0.000000 0.100120 0.994975 -0.000000 -0.084411 0.996431 -0.000000 -0.266067 0.963955 -0.000000 -0.438663 0.898652 -0.000000 -0.596321 0.802746 -0.000000 -0.733672 0.679504 -0.000000 -0.846038 0.533123 -0.000000 -0.929594 0.368586 -0.000000 -0.981493 0.191498 -0.000000 -0.999969 0.007888 -0.000000 -0.981493 0.191498 -0.000000 -0.929594 0.368586 -0.000000 -0.846038 0.533123 -0.000000 -0.733672 0.679504 -0.000000 -0.596321 0.802746 -0.000000 -0.438663 0.898652 -0.000000 -0.266067 0.963955 -0.000000 -0.084411 0.996431 -0.000000 0.100120 0.994975 -0.000000 0.281242 0.959637 -0.000000 0.452786 0.891619 -0.000000 0.608911 0.793239 -0.000000 0.744300 0.667845 -0.000000 0.854343 0.519709 -0.000000 0.935293 0.353875 -0.000000 0.984392 0.175990 -0.000000 -0.999969 0.007888 -0.000000 0.999969 -0.007888 -0.000000 -0.999969 0.007888 -0.000000 0.999969 -0.007888 -0.000000 -0.999969 0.007888 -0.000000 -0.973142 0.230205 -0.000000 -0.897518 0.440977 -0.000000 -0.776889 0.629638 -0.000000 -0.617303 0.786726 -0.000000 -0.426763 0.904364 -0.000000 -0.214823 0.976653 -0.000000 0.007888 0.999969 0.000000 0.230205 0.973142 0.000000 0.440977 0.897518 0.000000 0.629638 0.776889 0.000000 0.786726 0.617303 0.000000 0.904364 0.426763 0.000000 0.976653 0.214823 0.000000 0.999969 -0.007888 -0.000000 0.976653 0.214823 0.000000 0.904364 0.426763 0.000000 0.786726 0.617303 0.000000 0.629638 0.776889 0.000000 0.440977 0.897518 0.000000 0.230205 0.973142 0.000000 0.007888 0.999969 0.000000 -0.214823 0.976653 -0.000000 -0.426763 0.904364 -0.000000 -0.617303 0.786726 -0.000000 -0.776889 0.629638 -0.000000 -0.897518 0.440977 -0.000000 -0.973142 0.230205 -0.000000 -0.999969 0.007888 0.000000 0.999969 -0.007888 0.000000 -0.999969 0.007888 0.000000 0.999969 -0.007888 0.000000 -0.999969 0.007888 0.000000 -0.973142 0.230205 0.000000 -0.897518 0.440977 0.000000 -0.776889 0.629638 0.000000 -0.617303 0.786726 0.000000 -0.426763 0.904364 0.000000 -0.214823 0.976653 0.000000 0.007888 0.999969 0.000000 0.230205 0.973142 0.000000 0.440977 0.897518 0.000000 0.629638 0.776889 0.000000 0.786726 0.617303 0.000000 0.904364 0.426763 0.000000 0.976653 0.214823 0.000000 0.999969 -0.007888 0.000000 0.976653 0.214823 0.000000 0.904364 0.426763 0.000000 0.786726 0.617303 0.000000 0.629638 0.776889 0.000000 0.440977 0.897518 0.000000 0.230205 0.973142 0.000000 0.007888 0.999969 0.000000 -0.214823 0.976653 0.000000 -0.426763 0.904364 0.000000 -0.617303 0.786726 0.000000 -0.776889 0.629638 0.000000 -0.897518 0.440977 0.000000 -0.973142 0.230205 0.000000</float_array>
          <technique_common>
            <accessor count="4153" offset="0" source="#lib-normal-array-aa07e5c6-3d74-42d9-b3a9-f10165e13461" stride="3">
              <param name="X" type="float" />
              <param name="Y" type="float" />
              <param name="Z" type="float" />
            </accessor>
          </technique_common>
        </source>
        <source id="lib-map1-aa07e5c6-3d74-42d9-b3a9-f10165e13461" name="map1">
          <float_array id="lib-map1-array-aa07e5c6-3d74-42d9-b3a9-f10165e13461" count="8306">0.667949 0.020087 0.762846 0.028666 0.762846 0.020087 0.762846 0.024376 0.674728 0.020087 0.681506 0.020087 0.688284 0.020087 0.695063 0.020087 0.701841 0.020087 0.708619 0.020087 0.715398 0.020087 0.722176 0.020087 0.728954 0.020087 0.735733 0.020087 0.742511 0.020087 0.749289 0.020087 0.756068 0.020087 0.667949 0.028666 0.667949 0.024376 0.756068 0.028666 0.749289 0.028666 0.742511 0.028666 0.735733 0.028666 0.728954 0.028666 0.722176 0.028666 0.715398 0.028666 0.708619 0.028666 0.701841 0.028666 0.695063 0.028666 0.688284 0.028666 0.681506 0.028666 0.674728 0.028666 0.398015 0.968297 0.391446 0.967539 0.385206 0.965301 0.379608 0.961696 0.374933 0.956906 0.371416 0.951169 0.369233 0.944774 0.368492 0.938042 0.369233 0.931309 0.371416 0.924914 0.374933 0.919178 0.379608 0.914387 0.385206 0.910783 0.391446 0.908545 0.398015 0.907786 0.398015 0.911417 0.391291 0.912324 0.385025 0.914984 0.379645 0.919215 0.375516 0.924729 0.372920 0.931151 0.372035 0.938042 0.372920 0.944933 0.375516 0.951354 0.379645 0.956868 0.385025 0.961099 0.391291 0.963759 0.398015 0.964666 0.404740 0.963759 0.411005 0.961099 0.416386 0.956868 0.420515 0.951354 0.423110 0.944933 0.423996 0.938042 0.423110 0.931151 0.420515 0.924729 0.416386 0.919215 0.411005 0.914984 0.404740 0.912324 0.404585 0.908545 0.410825 0.910783 0.416423 0.914387 0.421097 0.919178 0.424615 0.924914 0.426798 0.931309 0.427538 0.938042 0.426798 0.944774 0.424615 0.951169 0.421097 0.956906 0.416423 0.961696 0.410825 0.965301 0.404585 0.967539 0.353382 0.154865 0.448279 0.164547 0.448279 0.154865 0.448279 0.159706 0.360161 0.154865 0.366939 0.154865 0.373717 0.154865 0.380496 0.154865 0.387274 0.154865 0.394052 0.154865 0.400831 0.154865 0.407609 0.154865 0.414387 0.154865 0.421166 0.154865 0.427944 0.154865 0.434722 0.154865 0.441501 0.154865 0.353382 0.164547 0.353382 0.159706 0.441501 0.164547 0.434722 0.164547 0.427944 0.164547 0.421166 0.164547 0.414387 0.164547 0.407609 0.164547 0.400831 0.164547 0.394052 0.164547 0.387274 0.164547 0.380496 0.164547 0.373717 0.164547 0.366939 0.164547 0.360161 0.164547 0.528617 0.466600 0.529376 0.459868 0.531613 0.453473 0.535218 0.447736 0.540009 0.442946 0.545745 0.439341 0.552140 0.437103 0.558872 0.436345 0.565605 0.437103 0.572000 0.439341 0.577736 0.442946 0.582527 0.447736 0.586132 0.453473 0.588369 0.459868 0.589128 0.466600 0.585497 0.466600 0.585200 0.462632 0.584314 0.458752 0.582860 0.455048 0.580871 0.451602 0.578390 0.448491 0.575473 0.445784 0.572185 0.443542 0.568600 0.441816 0.564797 0.440643 0.560862 0.440050 0.556883 0.440050 0.552948 0.440643 0.549145 0.441816 0.545560 0.443542 0.542272 0.445784 0.539355 0.448491 0.536874 0.451602 0.534884 0.455048 0.533431 0.458752 0.532545 0.462632 0.532248 0.466600 0.533155 0.473491 0.535815 0.479912 0.540046 0.485427 0.545560 0.489658 0.551981 0.492318 0.558872 0.493225 0.565763 0.492318 0.572185 0.489658 0.577699 0.485427 0.581930 0.479912 0.584590 0.473491 0.588369 0.473333 0.586132 0.479727 0.582527 0.485464 0.577736 0.490255 0.572000 0.493859 0.565605 0.496097 0.558872 0.496855 0.552140 0.496097 0.545745 0.493859 0.540009 0.490255 0.535218 0.485464 0.531613 0.479727 0.529376 0.473333 0.414029 0.117561 0.508925 0.125307 0.508925 0.117561 0.508925 0.121434 0.419611 0.117561 0.425193 0.117561 0.430775 0.117561 0.436357 0.117561 0.441939 0.117561 0.447522 0.117561 0.453104 0.117561 0.458686 0.117561 0.464268 0.117561 0.469850 0.117561 0.475432 0.117561 0.481014 0.117561 0.486597 0.117561 0.492179 0.117561 0.497761 0.117561 0.503343 0.117561 0.414029 0.125307 0.414029 0.121434 0.503343 0.125307 0.497761 0.125307 0.492179 0.125307 0.486597 0.125307 0.481014 0.125307 0.475432 0.125307 0.469850 0.125307 0.464268 0.125307 0.458686 0.125307 0.453104 0.125307 0.447522 0.125307 0.441939 0.125307 0.436357 0.125307 0.430775 0.125307 0.425193 0.125307 0.419611 0.125307 0.458397 0.968297 0.452973 0.967782 0.447733 0.966254 0.442857 0.963765 0.438510 0.960401 0.434840 0.956275 0.431972 0.951528 0.430004 0.946322 0.429003 0.940833 0.429003 0.935250 0.430004 0.929762 0.431972 0.924556 0.434840 0.919809 0.438510 0.915683 0.442857 0.912318 0.447733 0.909829 0.452973 0.908302 0.458397 0.907786 0.458397 0.911417 0.454333 0.911745 0.450370 0.912720 0.446604 0.914319 0.443128 0.916502 0.440028 0.919215 0.437381 0.922392 0.435251 0.925954 0.433691 0.929814 0.432739 0.933877 0.432420 0.938042 0.432739 0.942207 0.433691 0.946269 0.435251 0.950129 0.437381 0.953691 0.440028 0.956868 0.443128 0.959582 0.446604 0.961765 0.450370 0.963363 0.454333 0.964339 0.458397 0.964666 0.462461 0.964339 0.466424 0.963363 0.470191 0.961765 0.473666 0.959582 0.476766 0.956868 0.479413 0.953691 0.481543 0.950129 0.483103 0.946269 0.484055 0.942207 0.484374 0.938042 0.484055 0.933877 0.483103 0.929814 0.481543 0.925954 0.479413 0.922392 0.476766 0.919215 0.473666 0.916502 0.470191 0.914319 0.466424 0.912720 0.462461 0.911745 0.463821 0.908302 0.469061 0.909829 0.473937 0.912318 0.478284 0.915683 0.481954 0.919809 0.484822 0.924556 0.486790 0.929762 0.487791 0.935250 0.487791 0.940833 0.486790 0.946322 0.484822 0.951528 0.481954 0.956275 0.478284 0.960401 0.473937 0.963765 0.469061 0.966254 0.463821 0.967782 0.353382 0.072796 0.448279 0.080541 0.448279 0.072796 0.448279 0.076669 0.358965 0.072796 0.364547 0.072796 0.370129 0.072796 0.375711 0.072796 0.381293 0.072796 0.386875 0.072796 0.392457 0.072796 0.398040 0.072796 0.403622 0.072796 0.409204 0.072796 0.414786 0.072796 0.420368 0.072796 0.425950 0.072796 0.431532 0.072796 0.437115 0.072796 0.442697 0.072796 0.353382 0.080541 0.353382 0.076669 0.442697 0.080541 0.437115 0.080541 0.431532 0.080541 0.425950 0.080541 0.420368 0.080541 0.414786 0.080541 0.409204 0.080541 0.403622 0.080541 0.398040 0.080541 0.392457 0.080541 0.386875 0.080541 0.381293 0.080541 0.375711 0.080541 0.370129 0.080541 0.364547 0.080541 0.358965 0.080541 0.130741 0.204397 0.130226 0.209956 0.128698 0.215327 0.126209 0.220324 0.122844 0.224780 0.118718 0.228541 0.113971 0.231481 0.108765 0.233497 0.103277 0.234523 0.097694 0.234523 0.092206 0.233497 0.086999 0.231481 0.082253 0.228541 0.078126 0.224780 0.074762 0.220324 0.072273 0.215327 0.070745 0.209956 0.070230 0.204397 0.073861 0.204397 0.074189 0.208562 0.075164 0.212625 0.076763 0.216484 0.078946 0.220047 0.081659 0.223224 0.084836 0.225937 0.088398 0.228120 0.092258 0.229719 0.096320 0.230694 0.100485 0.231022 0.104650 0.230694 0.108713 0.229719 0.112573 0.228120 0.116135 0.225937 0.119312 0.223224 0.122025 0.220047 0.124208 0.216484 0.125807 0.212625 0.126782 0.208562 0.127110 0.204397 0.125807 0.196170 0.122025 0.188747 0.116135 0.182857 0.108713 0.179075 0.100485 0.177772 0.092258 0.179075 0.084836 0.182857 0.078946 0.188747 0.075164 0.196170 0.070745 0.198838 0.072273 0.193468 0.074762 0.188470 0.078126 0.184014 0.082253 0.180253 0.086999 0.177314 0.092206 0.175297 0.097694 0.174271 0.103277 0.174271 0.108765 0.175297 0.113971 0.177314 0.118718 0.180253 0.122844 0.184014 0.126209 0.188470 0.128698 0.193468 0.130226 0.198838 0.353382 0.019407 0.411473 0.021685 0.392109 0.021685 0.372746 0.021685 0.411473 0.023564 0.392109 0.023564 0.372746 0.023564 0.411473 0.025443 0.392109 0.025443 0.372746 0.025443 0.430836 0.027323 0.392109 0.027323 0.353382 0.027323 0.353382 0.025344 0.353382 0.023365 0.353382 0.021386 0.417927 0.027323 0.405018 0.027323 0.379200 0.027323 0.366291 0.027323 0.430836 0.019407 0.430836 0.021386 0.430836 0.023365 0.430836 0.025344 0.366291 0.019407 0.379200 0.019407 0.392109 0.019407 0.405018 0.019407 0.417927 0.019407 0.430836 0.000000 0.353382 0.000000 0.411473 0.001889 0.392109 0.001889 0.372746 0.001889 0.411473 0.003777 0.392109 0.003777 0.372746 0.003777 0.411473 0.005666 0.392109 0.005666 0.372746 0.005666 0.353382 0.007555 0.430836 0.007555 0.417927 0.007555 0.405018 0.007555 0.392109 0.007555 0.379200 0.007555 0.366291 0.007555 0.430836 0.001889 0.430836 0.003777 0.430836 0.005666 0.366291 0.000000 0.379200 0.000000 0.392109 0.000000 0.405018 0.000000 0.417927 0.000000 0.353382 0.005666 0.353382 0.003777 0.353382 0.001889 0.060197 0.174271 0.062086 0.193634 0.062086 0.212998 0.062086 0.232361 0.063975 0.193634 0.063975 0.212998 0.063975 0.232361 0.065863 0.193634 0.065863 0.212998 0.065863 0.232361 0.067752 0.251725 0.065863 0.251725 0.063975 0.251725 0.062086 0.251725 0.067752 0.174271 0.067752 0.187180 0.067752 0.200089 0.067752 0.212998 0.067752 0.225907 0.067752 0.238816 0.061708 0.174271 0.063219 0.174271 0.064730 0.174271 0.066241 0.174271 0.060197 0.251725 0.060197 0.238816 0.060197 0.225907 0.060197 0.212998 0.060197 0.200089 0.060197 0.187180 0.430836 0.009703 0.353382 0.009703 0.411473 0.011592 0.392109 0.011592 0.372746 0.011592 0.411473 0.013481 0.392109 0.013481 0.372746 0.013481 0.411473 0.015370 0.392109 0.015370 0.372746 0.015370 0.353382 0.017258 0.353382 0.015747 0.353382 0.014236 0.353382 0.012725 0.353382 0.011214 0.430836 0.017258 0.417927 0.017258 0.405018 0.017258 0.392109 0.017258 0.379200 0.017258 0.366291 0.017258 0.430836 0.011592 0.430836 0.013481 0.430836 0.015370 0.366291 0.009703 0.379200 0.009703 0.392109 0.009703 0.405018 0.009703 0.417927 0.009703 0.368492 0.684832 0.368492 0.724349 0.445946 0.684832 0.445946 0.724349 0.381401 0.684832 0.394310 0.684832 0.407219 0.684832 0.420128 0.684832 0.433037 0.684832 0.433037 0.724349 0.420128 0.724349 0.407219 0.724349 0.394310 0.724349 0.381401 0.724349 0.845869 0.154760 0.753893 0.154760 0.845867 0.165835 0.815210 0.165835 0.784553 0.165835 0.753896 0.165835 0.845061 0.160298 0.845177 0.161693 0.845188 0.161761 0.845199 0.161832 0.845224 0.161980 0.845285 0.162305 0.845443 0.163068 0.845493 0.163296 0.845539 0.163508 0.845618 0.163884 0.845724 0.164443 0.845732 0.164489 0.845739 0.164536 0.845754 0.164628 0.845780 0.164811 0.845823 0.165165 0.845753 0.156157 0.845748 0.156189 0.845743 0.156221 0.845732 0.156287 0.845706 0.156429 0.845644 0.156748 0.845474 0.157531 0.845422 0.157758 0.845375 0.157969 0.845294 0.158344 0.845185 0.158904 0.845178 0.158950 0.845170 0.158997 0.845156 0.159088 0.845131 0.159269 0.845092 0.159623 0.784552 0.154760 0.815211 0.154760 0.754701 0.160298 0.754573 0.158903 0.754568 0.158872 0.754562 0.158840 0.754551 0.158775 0.754525 0.158635 0.754461 0.158316 0.754288 0.157530 0.754009 0.156155 0.754002 0.156109 0.753995 0.156064 0.753982 0.155973 0.753958 0.155793 0.753922 0.155440 0.754038 0.164445 0.754043 0.164417 0.754048 0.164389 0.754058 0.164329 0.754083 0.164197 0.754144 0.163886 0.754318 0.163071 0.754365 0.162856 0.754408 0.162653 0.754483 0.162285 0.754588 0.161693 0.754595 0.161647 0.754602 0.161602 0.754615 0.161511 0.754638 0.161330 0.754673 0.160977 0.799881 0.156145 0.799881 0.158914 0.799881 0.160298 0.799881 0.161682 0.799881 0.163067 0.799881 0.164451 0.759926 0.052714 0.667949 0.052714 0.759117 0.063789 0.728997 0.063789 0.698878 0.063789 0.668758 0.063789 0.759926 0.058050 0.759805 0.059494 0.759800 0.059525 0.759795 0.059556 0.759784 0.059623 0.759759 0.059766 0.759696 0.060094 0.759522 0.060920 0.759238 0.062346 0.759230 0.062393 0.759223 0.062441 0.759210 0.062535 0.759185 0.062722 0.759147 0.063088 0.759926 0.054492 0.759926 0.056271 0.698608 0.052714 0.729267 0.052714 0.667949 0.058050 0.667949 0.056271 0.667949 0.054492 0.668637 0.062346 0.668633 0.062316 0.668628 0.062284 0.668616 0.062219 0.668591 0.062077 0.668529 0.061750 0.668354 0.060922 0.668070 0.059496 0.668063 0.059448 0.668056 0.059400 0.668042 0.059305 0.668018 0.059117 0.667980 0.058750 0.713938 0.054098 0.713938 0.056867 0.713938 0.058251 0.713938 0.059636 0.713938 0.062404 0.713938 0.061020 0.759926 0.065254 0.667949 0.065254 0.759923 0.076328 0.729266 0.076328 0.698609 0.076328 0.667952 0.076328 0.759926 0.076127 0.759926 0.067066 0.759926 0.068878 0.759926 0.070690 0.759926 0.072502 0.759926 0.074315 0.698608 0.065254 0.729267 0.065254 0.667949 0.076127 0.667949 0.074315 0.667949 0.072502 0.667949 0.070690 0.667949 0.068878 0.667949 0.067066 0.713938 0.066638 0.713938 0.069407 0.713938 0.070791 0.713938 0.072175 0.713938 0.073560 0.713938 0.074944 0.460469 0.652658 0.368492 0.652658 0.368492 0.664746 0.460469 0.664746 0.429810 0.664746 0.399151 0.664746 0.460469 0.654385 0.460469 0.656112 0.460469 0.657839 0.460469 0.659566 0.460469 0.661292 0.460469 0.663019 0.399151 0.652658 0.429810 0.652658 0.368492 0.663019 0.368492 0.661292 0.368492 0.659566 0.368492 0.657839 0.368492 0.656112 0.368492 0.654385 0.414481 0.654169 0.414481 0.657191 0.414481 0.658702 0.414481 0.661724 0.414481 0.660213 0.414481 0.663235 0.421154 0.333018 0.353382 0.333018 0.353382 0.366706 0.421154 0.366706 0.398564 0.366706 0.375973 0.366706 0.353382 0.445624 0.360006 0.387534 0.360006 0.406898 0.360006 0.426261 0.366355 0.387534 0.366355 0.406898 0.366355 0.426261 0.372643 0.387534 0.372643 0.406898 0.372643 0.426261 0.378932 0.368171 0.353382 0.368171 0.366157 0.368171 0.353382 0.432715 0.353382 0.419806 0.353382 0.406898 0.353382 0.393989 0.353382 0.381080 0.378932 0.445624 0.366157 0.445624 0.378932 0.381080 0.378932 0.393989 0.378932 0.406898 0.378932 0.419806 0.378932 0.432715 0.528617 0.368148 0.586707 0.376663 0.567344 0.376663 0.547980 0.376663 0.586707 0.384826 0.567344 0.384826 0.547980 0.384826 0.586707 0.392912 0.567344 0.392912 0.547980 0.392912 0.606071 0.400997 0.593162 0.400997 0.580253 0.400997 0.567344 0.400997 0.554435 0.400997 0.541526 0.400997 0.541526 0.368148 0.554435 0.368148 0.567344 0.368148 0.580253 0.368148 0.593162 0.368148 0.606071 0.368148 0.606071 0.379098 0.606071 0.390047 0.528617 0.400997 0.528617 0.390047 0.528617 0.379098 0.495240 0.514153 0.475877 0.514153 0.456513 0.514153 0.495240 0.520428 0.475877 0.520428 0.456513 0.520428 0.495240 0.526784 0.475877 0.526784 0.456513 0.526784 0.437150 0.533140 0.514604 0.508101 0.514604 0.520620 0.437150 0.508101 0.450059 0.508101 0.462968 0.508101 0.475877 0.508101 0.488786 0.508101 0.501695 0.508101 0.437150 0.520620 0.514604 0.533140 0.501695 0.533140 0.488786 0.533140 0.475877 0.533140 0.462968 0.533140 0.450059 0.533140 0.368492 0.534605 0.426583 0.544709 0.407219 0.544709 0.387856 0.544709 0.426583 0.554833 0.407219 0.554833 0.387856 0.554833 0.426583 0.565197 0.407219 0.565197 0.387856 0.565197 0.381401 0.534605 0.394310 0.534605 0.407219 0.534605 0.420128 0.534605 0.433037 0.534605 0.445946 0.534605 0.445946 0.544893 0.445946 0.555181 0.445946 0.565468 0.445946 0.575756 0.433037 0.575756 0.420128 0.575756 0.407219 0.575756 0.394310 0.575756 0.381401 0.575756 0.368492 0.575756 0.368492 0.565468 0.368492 0.555181 0.368492 0.544893 0.355271 0.085164 0.355271 0.087585 0.355271 0.090005 0.357160 0.085164 0.357160 0.087585 0.357160 0.090005 0.359049 0.085164 0.359049 0.087585 0.359049 0.090005 0.360937 0.082744 0.360937 0.087585 0.360937 0.092426 0.353382 0.082744 0.354893 0.082744 0.356404 0.082744 0.357915 0.082744 0.359426 0.082744 0.359426 0.092426 0.357915 0.092426 0.356404 0.092426 0.354893 0.092426 0.360937 0.084357 0.360937 0.085971 0.360937 0.089198 0.360937 0.090812 0.353382 0.092426 0.353382 0.090812 0.353382 0.089198 0.353382 0.087585 0.353382 0.085971 0.353382 0.084357 0.363064 0.030048 0.353382 0.030048 0.360644 0.031936 0.358223 0.031936 0.355803 0.031936 0.360644 0.033825 0.358223 0.033825 0.355803 0.033825 0.360644 0.035714 0.358223 0.035714 0.355803 0.035714 0.363064 0.031559 0.363064 0.033070 0.363064 0.034581 0.363064 0.036092 0.353382 0.037603 0.353382 0.036092 0.353382 0.034581 0.353382 0.033070 0.353382 0.031559 0.363064 0.037603 0.361451 0.037603 0.359837 0.037603 0.358223 0.037603 0.356610 0.037603 0.354996 0.037603 0.354996 0.030048 0.356610 0.030048 0.358223 0.030048 0.359837 0.030048 0.361451 0.030048 0.667949 0.117130 0.676276 0.113352 0.676276 0.117130 0.676276 0.120907 0.684257 0.113352 0.684257 0.117130 0.684257 0.120907 0.692163 0.113352 0.692163 0.117130 0.692163 0.120907 0.700069 0.124685 0.667949 0.124685 0.667949 0.120907 0.667949 0.113352 0.667949 0.109575 0.673303 0.109575 0.678656 0.109575 0.684009 0.109575 0.689362 0.109575 0.694715 0.109575 0.700069 0.109575 0.700069 0.113352 0.700069 0.117130 0.700069 0.120907 0.694715 0.124685 0.689362 0.124685 0.684009 0.124685 0.678656 0.124685 0.673303 0.124685 0.373598 0.082744 0.384930 0.090313 0.381153 0.090313 0.377375 0.090313 0.384930 0.097569 0.381153 0.097569 0.377375 0.097569 0.384930 0.104756 0.381153 0.104756 0.377375 0.104756 0.373598 0.111943 0.388708 0.111943 0.384930 0.111943 0.381153 0.111943 0.377375 0.111943 0.377375 0.082744 0.381153 0.082744 0.384930 0.082744 0.388708 0.082744 0.388708 0.087610 0.388708 0.092477 0.388708 0.097344 0.388708 0.102210 0.388708 0.107077 0.373598 0.107077 0.373598 0.102210 0.373598 0.097344 0.373598 0.092477 0.373598 0.087610 0.867270 0.307910 0.697944 0.307910 0.528617 0.307910 0.782607 0.311687 0.697944 0.311687 0.613280 0.311687 0.867270 0.315465 0.782607 0.315465 0.697944 0.315465 0.613280 0.315465 0.782607 0.319242 0.697944 0.319242 0.613280 0.319242 0.867270 0.323020 0.697944 0.323020 0.528617 0.323020 0.528617 0.319242 0.528617 0.315465 0.528617 0.311687 0.867270 0.311687 0.867270 0.319242 0.810828 0.323020 0.754386 0.323020 0.641501 0.323020 0.585059 0.323020 0.585059 0.307910 0.641501 0.307910 0.754386 0.307910 0.810828 0.307910 0.000000 0.174271 0.000000 0.598101 0.003777 0.280228 0.003777 0.386186 0.003777 0.492143 0.007555 0.280228 0.007555 0.386186 0.007555 0.492143 0.011332 0.280228 0.011332 0.386186 0.011332 0.492143 0.015110 0.174271 0.015110 0.594228 0.013619 0.594528 0.013587 0.594542 0.013555 0.594556 0.013488 0.594586 0.013346 0.594654 0.013037 0.594828 0.012350 0.595364 0.012174 0.595546 0.012019 0.595724 0.011773 0.596062 0.011473 0.596610 0.011452 0.596657 0.011433 0.596704 0.011395 0.596798 0.011328 0.596987 0.011228 0.597364 0.003777 0.174271 0.007555 0.174271 0.011332 0.174271 0.011151 0.598101 0.007434 0.598101 0.003717 0.598101 0.000000 0.527463 0.000000 0.456824 0.000000 0.386186 0.000000 0.315548 0.000000 0.244909 0.015110 0.244264 0.015110 0.314257 0.015110 0.384250 0.015110 0.454242 0.015110 0.524235 0.416572 0.368171 0.412795 0.368171 0.409017 0.368171 0.405240 0.368171 0.412795 0.376711 0.409017 0.376711 0.405240 0.376711 0.412795 0.385252 0.409017 0.385252 0.405240 0.385252 0.412795 0.393793 0.409017 0.393793 0.405240 0.393793 0.412795 0.402333 0.409017 0.402333 0.405240 0.402333 0.412795 0.410874 0.409017 0.410874 0.405240 0.410874 0.412795 0.419415 0.409017 0.419415 0.405240 0.419415 0.412795 0.427955 0.409017 0.427955 0.405240 0.427955 0.412795 0.436496 0.409017 0.436496 0.405240 0.436496 0.412795 0.445037 0.409017 0.445037 0.405240 0.445037 0.412795 0.453577 0.409017 0.453577 0.405240 0.453577 0.412795 0.462118 0.409017 0.462118 0.405240 0.462118 0.412795 0.470659 0.409017 0.470659 0.405240 0.470659 0.412795 0.479199 0.409017 0.479199 0.405240 0.479199 0.412795 0.487740 0.409017 0.487740 0.405240 0.487740 0.412795 0.496281 0.409017 0.496281 0.405240 0.496281 0.416572 0.504822 0.401462 0.368171 0.405240 0.368171 0.409017 0.368171 0.412795 0.368171 0.412795 0.504822 0.409017 0.504822 0.405240 0.504822 0.401462 0.504822 0.401462 0.497230 0.401462 0.489638 0.401462 0.482046 0.401462 0.474455 0.401462 0.466863 0.401462 0.459271 0.401462 0.451680 0.401462 0.444088 0.401462 0.436496 0.401462 0.428904 0.401462 0.421313 0.401462 0.413721 0.401462 0.406129 0.401462 0.398538 0.401462 0.390946 0.401462 0.383354 0.401462 0.375762 0.416572 0.374112 0.416572 0.380053 0.416572 0.385995 0.416572 0.391936 0.416572 0.397877 0.416572 0.403819 0.416572 0.409760 0.416572 0.415701 0.416572 0.421643 0.416572 0.427584 0.416572 0.433525 0.416572 0.439467 0.416572 0.445408 0.416572 0.451349 0.416572 0.457291 0.416572 0.463232 0.416572 0.469173 0.416572 0.475115 0.416572 0.481056 0.416572 0.486997 0.416572 0.492939 0.416572 0.498880 0.753893 0.126490 0.762423 0.128360 0.762423 0.130171 0.762423 0.131952 0.762423 0.133712 0.762423 0.135473 0.762423 0.137234 0.762423 0.138995 0.770953 0.128360 0.770953 0.130171 0.770953 0.131952 0.770953 0.133712 0.770953 0.135473 0.770953 0.137234 0.770953 0.138995 0.779483 0.128360 0.779483 0.130171 0.779483 0.131952 0.779483 0.133712 0.779483 0.135473 0.779483 0.137234 0.779483 0.138995 0.788013 0.128360 0.788013 0.130171 0.788013 0.131952 0.788013 0.133712 0.788013 0.135473 0.788013 0.137234 0.788013 0.138995 0.796543 0.128360 0.796543 0.130171 0.796543 0.131952 0.796543 0.133712 0.796543 0.135473 0.796543 0.137234 0.796543 0.138995 0.805073 0.128360 0.805073 0.130171 0.805073 0.131952 0.805073 0.133712 0.805073 0.135473 0.805073 0.137234 0.805073 0.138995 0.813603 0.128360 0.813603 0.130171 0.813603 0.131952 0.813603 0.133712 0.813603 0.135473 0.813603 0.137234 0.813603 0.138995 0.822133 0.137018 0.820402 0.137294 0.820321 0.137321 0.820238 0.137350 0.820064 0.137415 0.819694 0.137577 0.818889 0.138052 0.818670 0.138218 0.818476 0.138380 0.818160 0.138687 0.817758 0.139181 0.817729 0.139224 0.817700 0.139267 0.817645 0.139354 0.817544 0.139527 0.817379 0.139873 0.817189 0.140549 0.758861 0.140756 0.758360 0.139320 0.758342 0.139292 0.758322 0.139262 0.758281 0.139200 0.758188 0.139070 0.757951 0.138779 0.757233 0.138123 0.755681 0.137312 0.755624 0.137293 0.755567 0.137275 0.755454 0.137241 0.755226 0.137180 0.754774 0.137089 0.753893 0.137018 0.822133 0.126490 0.822133 0.129999 0.822133 0.133509 0.753893 0.133509 0.753893 0.129999 0.817165 0.140756 0.809877 0.140756 0.802589 0.140756 0.795301 0.140756 0.788013 0.140756 0.780725 0.140756 0.773437 0.140756 0.766149 0.140756 0.805755 0.126490 0.811214 0.126490 0.816673 0.126490 0.759655 0.126490 0.765418 0.126490 0.771180 0.126490 0.776943 0.126490 0.782705 0.126490 0.788468 0.126490 0.794230 0.126490 0.799993 0.126490 0.600076 0.513119 0.938729 0.516896 0.854066 0.516896 0.769402 0.516896 0.684739 0.516896 0.854066 0.520674 0.769402 0.520674 0.684739 0.520674 0.854066 0.524451 0.769402 0.524451 0.684739 0.524451 0.938729 0.528229 0.600076 0.528229 0.600076 0.524451 0.600076 0.520674 0.600076 0.516896 0.938729 0.513119 0.938729 0.520674 0.938729 0.524451 0.882287 0.528229 0.825844 0.528229 0.769402 0.528229 0.712960 0.528229 0.656518 0.528229 0.656518 0.513119 0.712960 0.513119 0.769402 0.513119 0.825844 0.513119 0.882287 0.513119 0.542505 0.690279 0.860378 0.693832 0.754420 0.693832 0.648463 0.693832 0.860378 0.697384 0.754420 0.697384 0.648463 0.697384 0.542505 0.697384 0.860378 0.700937 0.754420 0.700937 0.648463 0.700937 0.542505 0.700937 0.542505 0.704489 0.962463 0.704489 0.892470 0.704489 0.822477 0.704489 0.752484 0.704489 0.682491 0.704489 0.612498 0.704489 0.542505 0.693832 0.613144 0.690279 0.683782 0.690279 0.754420 0.690279 0.825059 0.690279 0.895697 0.690279 0.966335 0.690279 0.966335 0.693775 0.966335 0.697271 0.966335 0.700767 0.964842 0.701071 0.964811 0.701084 0.964779 0.701098 0.964714 0.701128 0.964575 0.701195 0.964271 0.701367 0.963597 0.701895 0.962762 0.703089 0.962743 0.703133 0.962724 0.703177 0.962689 0.703265 0.962628 0.703442 0.962534 0.703795 0.675713 0.151836 0.675713 0.155613 0.675713 0.159391 0.683763 0.151836 0.683763 0.155613 0.683763 0.159391 0.691916 0.151836 0.691916 0.155613 0.691916 0.159391 0.700069 0.148058 0.700069 0.163168 0.700069 0.151836 0.700069 0.155613 0.700069 0.159391 0.667949 0.163168 0.667949 0.159391 0.667949 0.155613 0.667949 0.151836 0.667949 0.148058 0.673303 0.148058 0.678656 0.148058 0.684009 0.148058 0.689362 0.148058 0.694715 0.148058 0.694715 0.163168 0.689362 0.163168 0.684009 0.163168 0.678656 0.163168 0.673303 0.163168 0.667949 0.105443 0.675007 0.094111 0.675007 0.097888 0.675007 0.101666 0.682325 0.094111 0.682325 0.097888 0.682325 0.101666 0.689737 0.094111 0.689737 0.097888 0.689737 0.101666 0.697149 0.105443 0.697149 0.090333 0.697149 0.094111 0.697149 0.097888 0.697149 0.101666 0.667949 0.101666 0.667949 0.097888 0.667949 0.094111 0.667949 0.090333 0.672816 0.090333 0.677683 0.090333 0.682549 0.090333 0.687416 0.090333 0.692282 0.090333 0.692282 0.105443 0.687416 0.105443 0.682549 0.105443 0.677683 0.105443 0.672816 0.105443 0.396456 0.376711 0.394256 0.376711 0.392111 0.376711 0.389972 0.376711 0.387833 0.376711 0.385694 0.376711 0.396456 0.385252 0.394256 0.385252 0.392111 0.385252 0.389972 0.385252 0.387833 0.385252 0.385694 0.385252 0.396456 0.393793 0.394256 0.393793 0.392111 0.393793 0.389972 0.393793 0.387833 0.393793 0.385694 0.393793 0.396456 0.402333 0.394256 0.402333 0.392111 0.402333 0.389972 0.402333 0.387833 0.402333 0.385694 0.402333 0.396456 0.410874 0.394256 0.410874 0.392111 0.410874 0.389972 0.410874 0.387833 0.410874 0.385694 0.410874 0.396456 0.419415 0.394256 0.419415 0.392111 0.419415 0.389972 0.419415 0.387833 0.419415 0.385694 0.419415 0.396456 0.427955 0.394256 0.427955 0.392111 0.427955 0.389972 0.427955 0.387833 0.427955 0.385694 0.427955 0.396456 0.436496 0.394256 0.436496 0.392111 0.436496 0.389972 0.436496 0.396456 0.445037 0.394256 0.445037 0.392111 0.445037 0.389972 0.445037 0.387833 0.445037 0.385694 0.445037 0.396456 0.453577 0.394256 0.453577 0.392111 0.453577 0.389972 0.453577 0.387833 0.453577 0.385694 0.453577 0.396456 0.462118 0.394256 0.462118 0.392111 0.462118 0.389972 0.462118 0.387833 0.462118 0.385694 0.462118 0.396456 0.470659 0.394256 0.470659 0.392111 0.470659 0.389972 0.470659 0.387833 0.470659 0.385694 0.470659 0.396456 0.479199 0.394256 0.479199 0.392111 0.479199 0.389972 0.479199 0.387833 0.479199 0.385694 0.479199 0.396456 0.487740 0.394256 0.487740 0.392111 0.487740 0.389972 0.487740 0.387833 0.487740 0.385694 0.487740 0.396456 0.496281 0.394256 0.496281 0.392111 0.496281 0.389972 0.496281 0.387833 0.496281 0.385694 0.496281 0.383774 0.373120 0.385226 0.372552 0.385253 0.372534 0.385281 0.372516 0.385339 0.372476 0.385465 0.372385 0.385753 0.372150 0.386426 0.371421 0.386582 0.371205 0.386720 0.370993 0.386945 0.370590 0.387236 0.369904 0.387254 0.369849 0.387272 0.369794 0.387306 0.369684 0.387366 0.369464 0.387457 0.369026 0.387527 0.368171 0.383774 0.499872 0.391258 0.368171 0.394988 0.368171 0.398719 0.504822 0.394988 0.504822 0.391258 0.504822 0.387527 0.504822 0.383554 0.499848 0.383554 0.492550 0.383554 0.485253 0.383554 0.477956 0.383554 0.470659 0.383554 0.463362 0.383554 0.456064 0.383554 0.448767 0.387527 0.436496 0.387216 0.434707 0.387203 0.434671 0.387189 0.434634 0.387160 0.434556 0.387092 0.434391 0.386915 0.434019 0.386355 0.433154 0.385083 0.432025 0.385035 0.431997 0.384987 0.431969 0.384891 0.431917 0.384698 0.431823 0.384312 0.431673 0.383554 0.431522 0.383554 0.424225 0.383554 0.416928 0.383554 0.409631 0.383554 0.402333 0.383554 0.395036 0.383554 0.387739 0.383554 0.380442 0.398719 0.384569 0.398719 0.390898 0.398719 0.397227 0.398719 0.403556 0.398719 0.409885 0.398719 0.416214 0.398719 0.422543 0.398719 0.428872 0.398719 0.435201 0.398719 0.441531 0.398719 0.447860 0.398719 0.454189 0.398719 0.460518 0.398719 0.466847 0.398719 0.473176 0.398719 0.479505 0.398719 0.485834 0.398719 0.492163 0.398719 0.498492 0.398719 0.368171 0.398719 0.373637 0.398719 0.379103 0.387235 0.503089 0.387206 0.503008 0.387175 0.502924 0.387105 0.502750 0.386933 0.502380 0.386428 0.501574 0.386253 0.501355 0.386080 0.501161 0.385754 0.500844 0.385228 0.500441 0.385183 0.500412 0.385137 0.500383 0.385045 0.500328 0.384861 0.500227 0.384493 0.500062 0.383554 0.441470 0.385078 0.440970 0.385109 0.440951 0.385141 0.440932 0.385206 0.440891 0.385345 0.440797 0.385654 0.440560 0.386350 0.439844 0.386913 0.438978 0.387214 0.438290 0.387234 0.438233 0.387254 0.438176 0.387290 0.438062 0.387355 0.437834 0.387452 0.437380 0.383554 0.373144 0.353382 0.534605 0.356794 0.640562 0.356794 0.746520 0.356794 0.852477 0.360205 0.640562 0.360205 0.746520 0.360205 0.852477 0.363616 0.640562 0.363616 0.746520 0.363616 0.852477 0.367028 0.958435 0.356957 0.958435 0.356665 0.956942 0.356652 0.956911 0.356639 0.956879 0.356611 0.956813 0.356546 0.956675 0.356381 0.956371 0.355874 0.955697 0.354727 0.954861 0.354685 0.954842 0.354642 0.954824 0.354558 0.954789 0.354388 0.954727 0.354049 0.954634 0.353382 0.954562 0.363671 0.958435 0.360314 0.958435 0.353382 0.884569 0.353382 0.814577 0.353382 0.744584 0.353382 0.674591 0.353382 0.604598 0.356794 0.534605 0.360205 0.534605 0.363616 0.534605 0.367028 0.534605 0.367028 0.605243 0.367028 0.675882 0.367028 0.746520 0.367028 0.817158 0.367028 0.887797 0.020066 0.598101 0.023843 0.280228 0.023843 0.386186 0.023843 0.492143 0.027621 0.280228 0.027621 0.386186 0.027621 0.492143 0.031398 0.280228 0.031398 0.386186 0.031398 0.492143 0.031398 0.598101 0.024024 0.174271 0.027741 0.174271 0.031459 0.174271 0.035176 0.174271 0.035176 0.244909 0.035176 0.315548 0.035176 0.386186 0.035176 0.456824 0.035176 0.527463 0.035176 0.598101 0.027621 0.598101 0.023843 0.598101 0.020066 0.528108 0.020066 0.458115 0.020066 0.388122 0.020066 0.318129 0.020066 0.248136 0.020066 0.178144 0.021557 0.177843 0.021589 0.177830 0.021621 0.177816 0.021688 0.177786 0.021829 0.177718 0.022138 0.177544 0.022825 0.177008 0.023002 0.176826 0.023156 0.176647 0.023403 0.176309 0.023703 0.175762 0.023723 0.175715 0.023743 0.175668 0.023781 0.175574 0.023847 0.175385 0.023947 0.175008 0.815148 0.436345 0.811370 0.443402 0.807593 0.443402 0.803815 0.443402 0.811370 0.450721 0.807593 0.450721 0.803815 0.450721 0.811370 0.458132 0.807593 0.458132 0.803815 0.458132 0.807593 0.465544 0.800038 0.465544 0.815148 0.465544 0.811370 0.465544 0.803815 0.465544 0.800038 0.436345 0.803815 0.436345 0.807593 0.436345 0.811370 0.436345 0.815148 0.441211 0.815148 0.446078 0.815148 0.450944 0.815148 0.455811 0.815148 0.460678 0.800038 0.460678 0.800038 0.455811 0.800038 0.450944 0.800038 0.446078 0.800038 0.441211 0.607631 0.436345 0.600076 0.436345 0.611408 0.443914 0.607631 0.443914 0.603853 0.443914 0.611408 0.451170 0.607631 0.451170 0.603853 0.451170 0.611408 0.458357 0.607631 0.458357 0.603853 0.458357 0.615186 0.465544 0.603853 0.436345 0.611408 0.436345 0.611408 0.465544 0.607631 0.465544 0.603853 0.465544 0.615186 0.436345 0.615186 0.441211 0.615186 0.446078 0.615186 0.450944 0.615186 0.455811 0.615186 0.460678 0.600076 0.465544 0.600076 0.460678 0.600076 0.455811 0.600076 0.450944 0.600076 0.446078 0.600076 0.441211 0.055241 0.174271 0.051464 0.182034 0.047686 0.182034 0.043909 0.182034 0.051464 0.190084 0.047686 0.190084 0.043909 0.190084 0.051464 0.198237 0.047686 0.198237 0.043909 0.198237 0.051464 0.206390 0.040131 0.206390 0.040131 0.174271 0.043909 0.174271 0.047686 0.174271 0.051464 0.174271 0.055241 0.206390 0.047686 0.206390 0.043909 0.206390 0.040131 0.201037 0.040131 0.195684 0.040131 0.190330 0.040131 0.184977 0.040131 0.179624 0.055241 0.179624 0.055241 0.184977 0.055241 0.190330 0.055241 0.195684 0.055241 0.201037 0.667949 0.128817 0.667949 0.136372 0.667949 0.143927 0.676276 0.132594 0.676276 0.136372 0.676276 0.140149 0.684257 0.132594 0.684257 0.136372 0.684257 0.140149 0.692163 0.132594 0.692163 0.136372 0.692163 0.140149 0.700069 0.128817 0.700069 0.132594 0.700069 0.136372 0.700069 0.140149 0.667949 0.140149 0.667949 0.132594 0.673303 0.128817 0.678656 0.128817 0.684009 0.128817 0.689362 0.128817 0.694715 0.128817 0.700069 0.143927 0.694715 0.143927 0.689362 0.143927 0.684009 0.143927 0.678656 0.143927 0.673303 0.143927 0.938729 0.491633 0.600076 0.491633 0.854066 0.495410 0.769402 0.495410 0.684739 0.495410 0.854066 0.499188 0.769402 0.499188 0.684739 0.499188 0.854066 0.502965 0.769402 0.502965 0.684739 0.502965 0.600076 0.506743 0.938729 0.495410 0.938729 0.499188 0.938729 0.502965 0.600076 0.502965 0.600076 0.499188 0.600076 0.495410 0.656518 0.491633 0.712960 0.491633 0.769402 0.491633 0.825844 0.491633 0.882287 0.491633 0.938729 0.506743 0.882287 0.506743 0.825844 0.506743 0.769402 0.506743 0.712960 0.506743 0.656518 0.506743 0.528617 0.414859 0.782607 0.418636 0.697944 0.418636 0.613280 0.418636 0.782607 0.422414 0.697944 0.422414 0.613280 0.422414 0.782607 0.426191 0.697944 0.426191 0.613280 0.426191 0.867270 0.429969 0.528617 0.429969 0.528617 0.426191 0.528617 0.422414 0.528617 0.418636 0.867270 0.414859 0.867270 0.418636 0.867270 0.422414 0.867270 0.426191 0.810828 0.429969 0.754386 0.429969 0.697944 0.429969 0.641501 0.429969 0.585059 0.429969 0.585059 0.414859 0.641501 0.414859 0.697944 0.414859 0.754386 0.414859 0.810828 0.414859 0.434416 0.368171 0.430639 0.368171 0.426861 0.368171 0.423084 0.368171 0.430639 0.376711 0.426861 0.376711 0.423084 0.376711 0.430639 0.385252 0.426861 0.385252 0.423084 0.385252 0.430639 0.393793 0.426861 0.393793 0.423084 0.393793 0.430639 0.402333 0.426861 0.402333 0.423084 0.402333 0.430639 0.410874 0.426861 0.410874 0.423084 0.410874 0.430639 0.419415 0.426861 0.419415 0.423084 0.419415 0.430639 0.427955 0.426861 0.427955 0.423084 0.427955 0.430639 0.436496 0.426861 0.436496 0.423084 0.436496 0.430639 0.445037 0.426861 0.445037 0.423084 0.445037 0.430639 0.453577 0.426861 0.453577 0.423084 0.453577 0.430639 0.462118 0.426861 0.462118 0.423084 0.462118 0.430639 0.470659 0.426861 0.470659 0.423084 0.470659 0.430639 0.479199 0.426861 0.479199 0.423084 0.479199 0.430639 0.487740 0.426861 0.487740 0.423084 0.487740 0.430639 0.496281 0.426861 0.496281 0.423084 0.496281 0.419306 0.368171 0.423084 0.368171 0.426861 0.368171 0.430639 0.368171 0.434416 0.504822 0.430639 0.504822 0.426861 0.504822 0.423084 0.504822 0.434416 0.375762 0.434416 0.383354 0.434416 0.390946 0.434416 0.398538 0.434416 0.406129 0.434416 0.413721 0.434416 0.421313 0.434416 0.428904 0.434416 0.436496 0.434416 0.444088 0.434416 0.451680 0.434416 0.459271 0.434416 0.466863 0.434416 0.474455 0.434416 0.482046 0.434416 0.489638 0.434416 0.497230 0.419306 0.436496 0.419306 0.430802 0.419306 0.425109 0.419306 0.419415 0.419306 0.413721 0.419306 0.408027 0.419306 0.402333 0.419306 0.396640 0.419306 0.390946 0.419306 0.385252 0.419306 0.379558 0.419306 0.373864 0.419306 0.504822 0.419306 0.499128 0.419306 0.493434 0.419306 0.487740 0.419306 0.482046 0.419306 0.476353 0.419306 0.470659 0.419306 0.464965 0.419306 0.459271 0.419306 0.453577 0.419306 0.447884 0.419306 0.442190 0.127452 0.706489 0.127452 0.723432 0.127452 0.740375 0.134770 0.706489 0.134770 0.723432 0.134770 0.740375 0.142182 0.706489 0.142182 0.723432 0.142182 0.740375 0.149594 0.757318 0.144727 0.757318 0.139861 0.757318 0.134994 0.757318 0.130128 0.757318 0.125261 0.757318 0.120394 0.689546 0.125261 0.689546 0.130128 0.689546 0.134994 0.689546 0.139861 0.689546 0.144727 0.689546 0.120394 0.757318 0.120394 0.746022 0.120394 0.734727 0.120394 0.723432 0.120394 0.712137 0.120394 0.700841 0.149594 0.689546 0.149594 0.700841 0.149594 0.712137 0.149594 0.723432 0.149594 0.734727 0.149594 0.746022 0.437150 0.368171 0.487979 0.375643 0.471036 0.375643 0.454093 0.375643 0.487979 0.382806 0.471036 0.382806 0.454093 0.382806 0.487979 0.389901 0.471036 0.389901 0.454093 0.389901 0.437150 0.396996 0.437150 0.392192 0.437150 0.387388 0.437150 0.382583 0.437150 0.377779 0.437150 0.372975 0.504922 0.368171 0.504922 0.372975 0.504922 0.377779 0.504922 0.382583 0.504922 0.387388 0.504922 0.392192 0.504922 0.396996 0.493627 0.396996 0.482331 0.396996 0.471036 0.396996 0.459741 0.396996 0.448445 0.396996 0.448445 0.368171 0.459741 0.368171 0.471036 0.368171 0.482331 0.368171 0.493627 0.368171 0.040131 0.689546 0.047189 0.706489 0.047189 0.723432 0.047189 0.740375 0.054507 0.706489 0.054507 0.723432 0.054507 0.740375 0.061919 0.706489 0.061919 0.723432 0.061919 0.740375 0.069331 0.757318 0.064464 0.757318 0.059598 0.757318 0.054731 0.757318 0.049865 0.757318 0.044998 0.757318 0.044998 0.689546 0.049865 0.689546 0.054731 0.689546 0.059598 0.689546 0.064464 0.689546 0.040131 0.757318 0.040131 0.746022 0.040131 0.734727 0.040131 0.723432 0.040131 0.712137 0.040131 0.700841 0.069331 0.689546 0.069331 0.700841 0.069331 0.712137 0.069331 0.723432 0.069331 0.734727 0.069331 0.746022 0.080263 0.757318 0.087832 0.706489 0.087832 0.723432 0.087832 0.740375 0.095088 0.706489 0.095088 0.723432 0.095088 0.740375 0.102275 0.706489 0.102275 0.723432 0.102275 0.740375 0.109462 0.689546 0.109462 0.757318 0.104596 0.757318 0.099729 0.757318 0.094863 0.757318 0.089996 0.757318 0.085130 0.757318 0.080263 0.689546 0.085130 0.689546 0.089996 0.689546 0.094863 0.689546 0.099729 0.689546 0.104596 0.689546 0.109462 0.700841 0.109462 0.712137 0.109462 0.723432 0.109462 0.734727 0.109462 0.746022 0.080263 0.746022 0.080263 0.734727 0.080263 0.723432 0.080263 0.712137 0.080263 0.700841 0.542505 0.776259 0.542505 0.844031 0.998535 0.806278 0.996700 0.806867 0.995376 0.808273 0.994895 0.810145 0.968832 0.843809 0.968226 0.841937 0.966780 0.840606 0.964868 0.840160 0.962985 0.840714 0.961617 0.842126 0.935061 0.810145 0.934679 0.808465 0.933608 0.807117 0.932060 0.806369 0.930342 0.806369 0.928794 0.807117 0.927723 0.808465 0.927340 0.810145 0.998535 0.814011 0.997421 0.819578 0.995395 0.824880 0.992515 0.829768 0.988863 0.834106 0.984539 0.837770 0.979666 0.840659 0.974381 0.842691 0.968832 0.776480 0.974381 0.777598 0.979666 0.779630 0.984539 0.782519 0.988863 0.786184 0.992515 0.790521 0.995395 0.795409 0.997421 0.800712 0.612274 0.776259 0.682043 0.776259 0.751812 0.776259 0.821580 0.776259 0.891349 0.776259 0.961118 0.844031 0.891349 0.844031 0.821580 0.844031 0.751812 0.844031 0.682043 0.844031 0.612274 0.844031 0.542505 0.832735 0.542505 0.821440 0.542505 0.810145 0.542505 0.798849 0.542505 0.787554 0.991518 0.810145 0.990613 0.803254 0.987962 0.796832 0.983745 0.791318 0.978248 0.787087 0.971847 0.784427 0.964978 0.783520 0.958109 0.784427 0.951708 0.787087 0.946212 0.791318 0.941994 0.796832 0.939343 0.803254 0.938439 0.810145 0.940039 0.819251 0.944648 0.827259 0.951708 0.833202 0.960370 0.836365 0.969587 0.836365 0.978248 0.833202 0.985309 0.827259 0.989917 0.819251 0.927723 0.811825 0.928794 0.813173 0.930342 0.813920 0.932060 0.813920 0.933608 0.813173 0.934679 0.811825 0.995376 0.812017 0.996700 0.813422 0.961118 0.776259 0.961617 0.778163 0.962985 0.779575 0.964868 0.780130 0.966780 0.779684 0.968226 0.778353 0.353382 0.050414 0.421622 0.060095 0.415935 0.060095 0.410249 0.060095 0.404562 0.060095 0.398876 0.060095 0.393189 0.060095 0.387502 0.060095 0.381816 0.060095 0.376129 0.060095 0.370442 0.060095 0.364756 0.060095 0.359069 0.060095 0.353382 0.060095 0.353382 0.055254 0.359586 0.050414 0.365790 0.050414 0.371993 0.050414 0.378197 0.050414 0.384400 0.050414 0.390604 0.050414 0.396808 0.050414 0.403011 0.050414 0.409215 0.050414 0.415418 0.050414 0.421622 0.050414 0.421622 0.055254 0.361912 0.055254 0.378972 0.055254 0.387502 0.055254 0.396032 0.055254 0.404562 0.055254 0.413092 0.055254 0.368492 0.670523 0.505143 0.680205 0.499202 0.680205 0.493261 0.680205 0.487319 0.680205 0.481378 0.680205 0.475437 0.680205 0.469495 0.680205 0.463554 0.680205 0.457613 0.680205 0.451671 0.680205 0.445730 0.680205 0.439789 0.680205 0.433847 0.680205 0.427906 0.680205 0.421965 0.680205 0.416023 0.680205 0.410082 0.680205 0.404141 0.680205 0.398199 0.680205 0.392258 0.680205 0.386317 0.680205 0.380375 0.680205 0.374434 0.680205 0.505143 0.670523 0.505143 0.675364 0.368492 0.680205 0.368492 0.675364 0.375685 0.670523 0.382877 0.670523 0.390069 0.670523 0.397261 0.670523 0.404453 0.670523 0.411645 0.670523 0.418838 0.670523 0.426030 0.670523 0.433222 0.670523 0.440414 0.670523 0.447606 0.670523 0.454798 0.670523 0.461990 0.670523 0.469183 0.670523 0.476375 0.670523 0.483567 0.670523 0.490759 0.670523 0.497951 0.670523 0.329567 0.995751 0.305363 0.488366 0.306859 0.488130 0.308208 0.487443 0.309279 0.486374 0.309967 0.485027 0.310204 0.483534 0.276318 0.483534 0.276555 0.485027 0.277242 0.486374 0.278313 0.487443 0.279663 0.488130 0.281159 0.488366 0.319885 0.174271 0.319885 0.230613 0.319885 0.286954 0.319885 0.343296 0.319885 0.399638 0.319885 0.455979 0.319885 0.512321 0.329567 0.572676 0.329567 0.643188 0.329567 0.713701 0.329567 0.784214 0.329567 0.854726 0.329567 0.925239 0.320034 0.517945 0.320481 0.523553 0.321225 0.529130 0.322263 0.534660 0.323593 0.540127 0.325210 0.545516 0.326534 0.549926 0.327622 0.554399 0.328471 0.558923 0.329079 0.563486 0.329445 0.568074 0.256954 0.995751 0.256954 0.925239 0.256954 0.854726 0.256954 0.784214 0.256954 0.713701 0.256954 0.643188 0.256954 0.572676 0.257076 0.568074 0.257442 0.563486 0.258050 0.558923 0.258900 0.554399 0.259988 0.549926 0.261311 0.545516 0.262929 0.540127 0.264258 0.534660 0.265296 0.529130 0.266040 0.523553 0.266487 0.517945 0.266636 0.512321 0.266636 0.455979 0.266636 0.399638 0.266636 0.343296 0.266636 0.286954 0.266636 0.230613 0.310204 0.174271 0.315044 0.174271 0.305363 0.995751 0.281159 0.995751 0.276318 0.174271 0.266636 0.174271 0.271477 0.174271 0.353382 0.307910 0.440518 0.307910 0.440518 0.331553 0.363064 0.307910 0.375973 0.307910 0.388882 0.307910 0.401791 0.307910 0.414700 0.307910 0.427609 0.307910 0.427609 0.331553 0.414700 0.331553 0.401791 0.331553 0.388882 0.331553 0.375973 0.331553 0.363064 0.331553 0.361451 0.331553 0.359837 0.331553 0.358223 0.331553 0.356610 0.331553 0.354996 0.331553 0.354996 0.307910 0.356610 0.307910 0.358223 0.307910 0.359837 0.307910 0.361451 0.307910 0.353382 0.331553 0.160526 0.995751 0.221415 0.503266 0.221170 0.501297 0.220154 0.499592 0.218536 0.498438 0.216591 0.498031 0.177074 0.498031 0.175221 0.498399 0.173651 0.499446 0.172601 0.501014 0.172233 0.502863 0.208935 0.488366 0.210787 0.487999 0.212358 0.486951 0.213407 0.485383 0.213775 0.483534 0.179889 0.483534 0.180258 0.485383 0.181307 0.486951 0.182878 0.487999 0.184730 0.488366 0.230718 0.572676 0.229653 0.559305 0.226483 0.546271 0.223468 0.535167 0.221646 0.523809 0.221037 0.512321 0.167182 0.546271 0.164012 0.559305 0.162946 0.572676 0.172250 0.503266 0.172613 0.514153 0.171882 0.525022 0.170066 0.535764 0.164883 0.545516 0.166500 0.540127 0.167830 0.534660 0.168868 0.529130 0.169612 0.523553 0.170059 0.517945 0.170208 0.512321 0.160526 0.572676 0.160648 0.568074 0.161014 0.563486 0.161622 0.558923 0.162471 0.554399 0.163559 0.549926 0.170208 0.455979 0.170208 0.399638 0.170208 0.343296 0.170208 0.286954 0.170208 0.230613 0.160526 0.925239 0.160526 0.854726 0.160526 0.784214 0.160526 0.713701 0.160526 0.643188 0.233139 0.572676 0.233139 0.643188 0.233139 0.713701 0.233139 0.784214 0.233139 0.854726 0.233139 0.925239 0.228782 0.545516 0.230105 0.549926 0.231193 0.554399 0.232043 0.558923 0.232651 0.563486 0.233017 0.568074 0.223457 0.512321 0.223606 0.517945 0.224053 0.523553 0.224797 0.529130 0.225835 0.534660 0.227164 0.540127 0.223457 0.174271 0.223457 0.230613 0.223457 0.286954 0.223457 0.343296 0.223457 0.399638 0.223457 0.455979 0.213775 0.174271 0.218616 0.174271 0.170208 0.174271 0.175049 0.174271 0.230718 0.995751 0.233139 0.995751 0.162946 0.995751 0.179889 0.174271 0.502239 0.271491 0.502997 0.278223 0.505235 0.284618 0.508840 0.290355 0.513630 0.295145 0.519367 0.298750 0.525762 0.300988 0.532494 0.301746 0.539227 0.300988 0.545621 0.298750 0.551358 0.295145 0.556149 0.290355 0.559753 0.284618 0.561991 0.278223 0.562750 0.271491 0.357013 0.271491 0.357772 0.278223 0.360009 0.284618 0.363614 0.290355 0.368405 0.295145 0.374141 0.298750 0.380536 0.300988 0.387268 0.301746 0.394001 0.300988 0.400396 0.298750 0.406132 0.295145 0.410923 0.290355 0.414528 0.284618 0.416765 0.278223 0.417524 0.271491 0.725922 0.305377 0.669479 0.305377 0.613037 0.305377 0.556595 0.305377 0.500153 0.305377 0.443711 0.305377 0.387268 0.305377 0.387268 0.237605 0.443711 0.237605 0.500153 0.237605 0.556595 0.237605 0.613037 0.237605 0.669479 0.237605 0.381384 0.304862 0.375679 0.303333 0.370325 0.300837 0.365487 0.297449 0.361310 0.293272 0.357922 0.288434 0.355426 0.283081 0.353897 0.277375 0.353382 0.271491 0.353897 0.265607 0.355426 0.259901 0.357922 0.254548 0.361310 0.249709 0.365487 0.245533 0.370325 0.242145 0.375679 0.239648 0.381384 0.238120 0.725922 0.237605 0.725922 0.248900 0.725922 0.260196 0.725922 0.271491 0.725922 0.282786 0.725922 0.294082 0.416765 0.264758 0.414528 0.258364 0.410923 0.252627 0.406132 0.247836 0.400396 0.244232 0.394001 0.241994 0.387268 0.241236 0.380536 0.241994 0.374141 0.244232 0.368405 0.247836 0.363614 0.252627 0.360009 0.258364 0.357772 0.264758 0.561991 0.264758 0.559753 0.258364 0.556149 0.252627 0.551358 0.247836 0.545621 0.244232 0.539227 0.241994 0.532494 0.241236 0.525762 0.241994 0.519367 0.244232 0.513630 0.247836 0.508840 0.252627 0.505235 0.258364 0.502997 0.264758 0.357013 0.201186 0.357528 0.206746 0.359056 0.212116 0.361545 0.217114 0.364909 0.221569 0.369036 0.225331 0.373782 0.228270 0.378989 0.230287 0.384477 0.231312 0.390060 0.231312 0.395548 0.230287 0.400754 0.228270 0.405501 0.225331 0.409627 0.221569 0.412992 0.217114 0.415481 0.212116 0.417009 0.206746 0.417524 0.201186 0.502239 0.201186 0.502754 0.206746 0.504282 0.212116 0.506771 0.217114 0.510135 0.221569 0.514261 0.225331 0.519008 0.228270 0.524214 0.230287 0.529703 0.231312 0.535286 0.231312 0.540774 0.230287 0.545980 0.228270 0.550727 0.225331 0.554853 0.221569 0.558218 0.217114 0.560706 0.212116 0.562234 0.206746 0.562750 0.201186 0.725922 0.235072 0.669479 0.235072 0.613037 0.235072 0.556595 0.235072 0.500153 0.235072 0.443711 0.235072 0.387268 0.235072 0.381384 0.234557 0.375679 0.233029 0.370325 0.230532 0.365487 0.227144 0.361310 0.222968 0.357922 0.218129 0.355426 0.212776 0.353897 0.207070 0.353382 0.201186 0.353897 0.195302 0.355426 0.189597 0.357922 0.184243 0.361310 0.179405 0.365487 0.175228 0.370325 0.171840 0.375679 0.169344 0.381384 0.167815 0.387268 0.167300 0.443711 0.167300 0.500153 0.167300 0.556595 0.167300 0.613037 0.167300 0.669479 0.167300 0.725922 0.167300 0.725922 0.178596 0.725922 0.189891 0.725922 0.201186 0.725922 0.212482 0.725922 0.223777 0.562234 0.195627 0.560706 0.190257 0.558218 0.185259 0.554853 0.180803 0.550727 0.177042 0.545980 0.174103 0.540774 0.172086 0.535286 0.171060 0.529703 0.171060 0.524214 0.172086 0.519008 0.174103 0.514261 0.177042 0.510135 0.180803 0.506771 0.185259 0.504282 0.190257 0.502754 0.195627 0.417009 0.195627 0.415481 0.190257 0.412992 0.185259 0.409627 0.180803 0.405501 0.177042 0.400754 0.174103 0.395548 0.172086 0.390060 0.171060 0.384477 0.171060 0.378989 0.172086 0.373782 0.174103 0.369036 0.177042 0.364909 0.180803 0.361545 0.185259 0.359056 0.190257 0.357528 0.195627 0.441991 0.425086 0.443649 0.433422 0.448371 0.440489 0.455438 0.445212 0.463775 0.446870 0.472111 0.445212 0.479178 0.440489 0.483900 0.433422 0.485559 0.425086 0.490399 0.425086 0.488794 0.434192 0.484170 0.442200 0.477087 0.448144 0.468398 0.451306 0.459151 0.451306 0.450462 0.448144 0.443379 0.442200 0.438756 0.434192 0.437150 0.425086 0.438057 0.418195 0.440717 0.411774 0.444948 0.406259 0.450462 0.402028 0.456884 0.399368 0.463775 0.398461 0.470666 0.399368 0.477087 0.402028 0.482601 0.406259 0.486832 0.411774 0.489492 0.418195 0.483900 0.416750 0.479178 0.409682 0.472111 0.404960 0.463775 0.403302 0.455438 0.404960 0.448371 0.409682 0.443649 0.416750 0.485559 0.479906 0.483900 0.471569 0.479178 0.464502 0.472111 0.459780 0.463775 0.458122 0.455438 0.459780 0.448371 0.464502 0.443649 0.471569 0.441991 0.479906 0.437150 0.479906 0.438057 0.473015 0.440717 0.466593 0.444948 0.461079 0.450462 0.456848 0.456884 0.454188 0.463775 0.453281 0.470666 0.454188 0.477087 0.456848 0.482601 0.461079 0.486832 0.466593 0.489492 0.473015 0.490399 0.479906 0.488794 0.489012 0.484170 0.497020 0.477087 0.502963 0.468398 0.506126 0.459151 0.506126 0.450462 0.502963 0.443379 0.497020 0.438756 0.489012 0.443649 0.488242 0.448371 0.495309 0.455438 0.500031 0.463775 0.501689 0.472111 0.500031 0.479178 0.495309 0.483900 0.488242 0.070230 0.447805 0.138225 0.501054 0.138225 0.447805 0.138225 0.465555 0.138225 0.483304 0.078729 0.447805 0.087229 0.447805 0.095728 0.447805 0.104228 0.447805 0.112727 0.447805 0.121226 0.447805 0.129726 0.447805 0.070230 0.501054 0.070230 0.483304 0.070230 0.465555 0.129726 0.501054 0.121226 0.501054 0.112727 0.501054 0.104228 0.501054 0.095728 0.501054 0.087229 0.501054 0.078729 0.501054 0.078729 0.474429 0.095728 0.474429 0.104228 0.474429 0.112727 0.474429 0.121226 0.474429 0.129726 0.474429 0.368492 0.743235 0.368492 0.815848 0.437213 0.779542 0.450270 0.779542 0.489441 0.815848 0.450270 0.761389 0.443741 0.779542 0.437213 0.761389 0.443741 0.761389 0.450270 0.797695 0.437213 0.797695 0.443741 0.797695 0.489441 0.743235 0.489441 0.767440 0.489441 0.791644 0.374296 0.743235 0.380099 0.743235 0.385902 0.743235 0.391705 0.743235 0.397508 0.743235 0.403311 0.743235 0.409114 0.743235 0.414917 0.743235 0.420720 0.743235 0.426967 0.743235 0.433215 0.743235 0.439462 0.743235 0.445709 0.743235 0.451957 0.743235 0.458204 0.743235 0.464451 0.743235 0.470699 0.743235 0.476946 0.743235 0.483193 0.743235 0.483075 0.815848 0.476709 0.815848 0.470343 0.815848 0.463978 0.815848 0.457612 0.815848 0.451246 0.815848 0.444881 0.815848 0.438515 0.815848 0.432149 0.815848 0.425784 0.815848 0.419418 0.815848 0.413052 0.815848 0.406687 0.815848 0.400321 0.815848 0.393955 0.815848 0.387590 0.815848 0.381224 0.815848 0.374858 0.815848 0.368492 0.791644 0.368492 0.767440 0.377083 0.779542 0.394263 0.779542 0.402853 0.779542 0.411443 0.779542 0.420033 0.779542 0.428623 0.779542 0.463327 0.779542 0.469855 0.779542 0.476384 0.779542 0.482912 0.779542 0.626541 0.614953 0.626541 0.687566 0.542505 0.685145 0.542505 0.662555 0.542505 0.639964 0.542505 0.617374 0.610276 0.687566 0.610276 0.685145 0.610276 0.617374 0.610276 0.614953 0.553800 0.617374 0.565096 0.617374 0.576391 0.617374 0.587686 0.617374 0.598981 0.617374 0.615698 0.614953 0.621120 0.614953 0.621120 0.687566 0.615698 0.687566 0.598981 0.685145 0.587686 0.685145 0.576391 0.685145 0.565096 0.685145 0.553800 0.685145 0.626541 0.639157 0.626541 0.663362 0.550638 0.651259 0.567242 0.651259 0.584184 0.651259 0.575713 0.651259 0.592656 0.651259 0.601127 0.651259 0.609599 0.651259 0.618070 0.651259 0.368492 0.850551 0.452138 0.869915 0.452138 0.850551 0.452138 0.857006 0.452138 0.863460 0.377786 0.850551 0.387080 0.850551 0.396374 0.850551 0.405668 0.850551 0.414962 0.850551 0.424256 0.850551 0.433550 0.850551 0.442844 0.850551 0.368492 0.869915 0.368492 0.863460 0.368492 0.857006 0.442844 0.869915 0.433550 0.869915 0.424256 0.869915 0.414962 0.869915 0.405668 0.869915 0.396374 0.869915 0.387080 0.869915 0.377786 0.869915 0.542505 0.612059 0.966335 0.534605 0.586073 0.568491 0.966335 0.547514 0.966335 0.560423 0.966335 0.573332 0.966335 0.586241 0.966335 0.599150 0.966335 0.612059 0.553781 0.610574 0.564289 0.606222 0.573312 0.599298 0.580236 0.590275 0.584588 0.579767 0.586073 0.534605 0.542505 0.916868 0.922768 0.916868 0.922768 0.950754 0.542505 0.994322 0.542505 0.981413 0.542505 0.968504 0.542505 0.955595 0.542505 0.942686 0.542505 0.929777 0.966335 0.994322 0.924252 0.962030 0.928605 0.972538 0.935528 0.981561 0.944551 0.988485 0.955059 0.992837 0.997546 0.705954 0.997546 0.773726 0.547749 0.764423 0.545777 0.764178 0.544069 0.763162 0.542913 0.761544 0.542505 0.759599 0.542505 0.720081 0.542874 0.718229 0.543923 0.716658 0.545493 0.715609 0.547346 0.715241 0.617283 0.773726 0.603889 0.772660 0.590831 0.769490 0.579708 0.766476 0.568329 0.764654 0.556821 0.764044 0.590831 0.710190 0.603889 0.707020 0.547749 0.715257 0.558656 0.715620 0.569545 0.714890 0.580306 0.713074 0.617283 0.705954 0.368492 0.595423 0.405010 0.605105 0.415443 0.605105 0.451961 0.614787 0.415443 0.600264 0.410227 0.605105 0.405010 0.600264 0.410227 0.600264 0.415443 0.609946 0.405010 0.609946 0.410227 0.609946 0.451961 0.595423 0.451961 0.601878 0.451961 0.608332 0.375448 0.595423 0.382404 0.595423 0.389360 0.595423 0.396315 0.595423 0.403271 0.595423 0.410227 0.595423 0.417182 0.595423 0.424138 0.595423 0.431094 0.595423 0.438049 0.595423 0.445005 0.595423 0.368492 0.614787 0.368492 0.608332 0.368492 0.601878 0.445005 0.614787 0.438049 0.614787 0.431094 0.614787 0.424138 0.614787 0.417182 0.614787 0.410227 0.614787 0.403271 0.614787 0.396315 0.614787 0.389360 0.614787 0.382404 0.614787 0.375448 0.614787 0.384143 0.605105 0.373709 0.605105 0.389360 0.605105 0.394576 0.605105 0.399793 0.605105 0.425877 0.605105 0.431094 0.605105 0.436310 0.605105 0.441527 0.605105 0.446744 0.605105 0.542505 0.846563 0.994895 0.880449 0.995376 0.882322 0.996700 0.883727 0.998535 0.884316 0.961118 0.846563 0.961617 0.848468 0.962985 0.849880 0.964868 0.850435 0.966780 0.849989 0.968226 0.848657 0.968832 0.846785 0.927341 0.880449 0.927723 0.882130 0.928794 0.883477 0.930342 0.884225 0.932060 0.884225 0.933608 0.883477 0.934679 0.882130 0.935061 0.880449 0.961118 0.914335 0.891349 0.914335 0.821580 0.914335 0.751812 0.914335 0.682043 0.914335 0.612274 0.914335 0.997421 0.889883 0.995395 0.895185 0.992515 0.900073 0.988863 0.904410 0.984539 0.908075 0.979666 0.910964 0.974381 0.912996 0.968832 0.914114 0.612274 0.846563 0.682043 0.846563 0.751812 0.846563 0.821580 0.846563 0.891349 0.846563 0.542505 0.914335 0.542505 0.903040 0.542505 0.891745 0.542505 0.880449 0.542505 0.869154 0.542505 0.857859 0.938439 0.880449 0.940039 0.889556 0.944648 0.897564 0.951708 0.903507 0.960370 0.906670 0.969587 0.906670 0.978248 0.903507 0.985309 0.897564 0.989917 0.889556 0.991518 0.880449 0.990613 0.873558 0.987962 0.867137 0.983745 0.861623 0.978248 0.857392 0.971847 0.854732 0.964978 0.853825 0.958109 0.854732 0.951708 0.857392 0.946212 0.861623 0.941994 0.867137 0.939343 0.873558 0.974381 0.847903 0.979666 0.849935 0.984539 0.852824 0.988863 0.856488 0.992515 0.860826 0.995395 0.865714 0.997421 0.871016 0.934679 0.878769 0.933608 0.877422 0.932060 0.876674 0.930342 0.876674 0.928794 0.877422 0.927723 0.878769 0.998535 0.876583 0.996700 0.877172 0.995376 0.878577 0.968226 0.912242 0.966780 0.910910 0.964868 0.910464 0.962985 0.911019 0.961617 0.912431 0.351918 0.172806 0.351918 0.087135 0.351918 0.099827 0.351918 0.112519 0.351918 0.125211 0.351918 0.137903 0.351918 0.150595 0.351918 0.163287 0.351918 0.164874 0.351918 0.166460 0.351918 0.168046 0.351918 0.169633 0.351918 0.171219 0.000000 0.129971 0.000442 0.123875 0.001757 0.117903 0.003921 0.112176 0.006888 0.106812 0.010597 0.101920 0.014975 0.097598 0.019930 0.093935 0.025363 0.091006 0.031164 0.088871 0.037212 0.087571 0.043387 0.087135 0.069901 0.129971 0.069605 0.126069 0.068723 0.122255 0.067276 0.118613 0.065294 0.115225 0.062823 0.112166 0.059919 0.109505 0.056644 0.107301 0.053074 0.105603 0.049287 0.104450 0.045369 0.103867 0.041406 0.103867 0.037487 0.104450 0.033700 0.105603 0.030130 0.107301 0.026856 0.109505 0.023951 0.112166 0.021480 0.115225 0.019499 0.118613 0.018051 0.122255 0.017169 0.126069 0.016873 0.129971 0.214525 0.129971 0.213622 0.123196 0.210973 0.116882 0.206759 0.111461 0.201268 0.107301 0.194873 0.104686 0.188011 0.103794 0.181148 0.104686 0.174754 0.107301 0.169262 0.111461 0.165049 0.116882 0.162400 0.123196 0.161496 0.129971 0.162400 0.136746 0.165049 0.143059 0.169262 0.148481 0.174754 0.152641 0.181148 0.155256 0.188011 0.156148 0.194873 0.155256 0.201268 0.152641 0.206759 0.148481 0.210973 0.143059 0.213622 0.136746 0.017776 0.136746 0.020425 0.143059 0.024639 0.148481 0.030130 0.152641 0.036525 0.155256 0.043387 0.156148 0.050250 0.155256 0.056644 0.152641 0.062136 0.148481 0.066349 0.143059 0.068998 0.136746 0.043387 0.172806 0.037212 0.172370 0.031164 0.171071 0.025363 0.168935 0.019930 0.166006 0.014975 0.162343 0.010597 0.158022 0.006888 0.153129 0.003921 0.147765 0.001757 0.142039 0.000442 0.136067 0.351918 0.000000 0.351918 0.009519 0.351918 0.022211 0.351918 0.034903 0.351918 0.047595 0.351918 0.060287 0.351918 0.072979 0.351918 0.001586 0.351918 0.003173 0.351918 0.004759 0.351918 0.006346 0.351918 0.007932 0.043257 0.085671 0.036113 0.085086 0.029163 0.083350 0.022598 0.080508 0.016597 0.076638 0.011323 0.071847 0.006920 0.066264 0.003508 0.060042 0.001180 0.053351 0.000000 0.046373 0.000000 0.039298 0.001180 0.032320 0.003508 0.025629 0.006920 0.019407 0.011323 0.013824 0.016597 0.009032 0.022598 0.005163 0.029163 0.002321 0.036113 0.000584 0.043257 0.000000 0.351918 0.085671 0.161416 0.042835 0.161743 0.046930 0.162714 0.050924 0.164307 0.054719 0.166482 0.058222 0.169185 0.061345 0.172350 0.064013 0.175899 0.066159 0.179745 0.067731 0.183792 0.068690 0.187942 0.069012 0.192091 0.068690 0.196139 0.067731 0.199984 0.066159 0.203533 0.064013 0.206698 0.061345 0.209401 0.058222 0.211576 0.054719 0.213169 0.050924 0.214141 0.046930 0.214467 0.042835 0.016732 0.042835 0.017058 0.046930 0.018030 0.050924 0.019623 0.054719 0.021798 0.058222 0.024501 0.061345 0.027666 0.064013 0.031215 0.066159 0.035060 0.067731 0.039108 0.068690 0.043257 0.069012 0.047407 0.068690 0.051454 0.067731 0.055299 0.066159 0.058848 0.064013 0.062013 0.061345 0.064717 0.058222 0.066892 0.054719 0.068484 0.050924 0.069456 0.046930 0.069783 0.042835 0.069456 0.038740 0.068484 0.034746 0.066892 0.030951 0.064717 0.027449 0.062013 0.024325 0.058848 0.021658 0.055299 0.019511 0.051454 0.017939 0.047407 0.016980 0.043257 0.016658 0.039108 0.016980 0.035060 0.017939 0.031215 0.019511 0.027666 0.021658 0.024501 0.024325 0.021798 0.027449 0.019623 0.030951 0.018030 0.034746 0.017058 0.038740 0.213169 0.034746 0.209401 0.027449 0.203533 0.021658 0.196139 0.017939 0.187942 0.016658 0.179745 0.017939 0.172350 0.021658 0.166482 0.027449 0.162714 0.034746 0.753893 0.102385 0.790410 0.107679 0.800844 0.107679 0.837361 0.112973 0.800844 0.105032 0.795627 0.107679 0.790410 0.105032 0.795627 0.105032 0.800844 0.110326 0.790410 0.110326 0.795627 0.110326 0.837361 0.102385 0.837361 0.105914 0.837361 0.109444 0.758066 0.102385 0.762240 0.102385 0.766413 0.102385 0.770587 0.102385 0.774760 0.102385 0.778933 0.102385 0.783107 0.102385 0.787280 0.102385 0.791454 0.102385 0.795627 0.102385 0.799801 0.102385 0.803974 0.102385 0.808147 0.102385 0.812321 0.102385 0.816494 0.102385 0.820668 0.102385 0.824841 0.102385 0.829014 0.102385 0.833188 0.102385 0.753893 0.112973 0.753893 0.109444 0.753893 0.105914 0.833188 0.112973 0.829014 0.112973 0.824841 0.112973 0.820668 0.112973 0.816494 0.112973 0.812321 0.112973 0.808147 0.112973 0.803974 0.112973 0.799801 0.112973 0.795627 0.112973 0.791454 0.112973 0.787280 0.112973 0.783107 0.112973 0.778933 0.112973 0.774760 0.112973 0.770587 0.112973 0.766413 0.112973 0.762240 0.112973 0.758066 0.112973 0.769543 0.107679 0.759110 0.107679 0.774760 0.107679 0.779977 0.107679 0.785194 0.107679 0.811277 0.107679 0.816494 0.107679 0.821711 0.107679 0.826928 0.107679 0.832144 0.107679 0.753893 0.090333 0.790410 0.095627 0.800844 0.095627 0.837361 0.100920 0.800844 0.092980 0.795627 0.095627 0.790410 0.092980 0.795627 0.092980 0.800844 0.098274 0.790410 0.098274 0.795627 0.098274 0.837361 0.090333 0.837361 0.093862 0.837361 0.097391 0.758066 0.090333 0.762240 0.090333 0.766413 0.090333 0.770587 0.090333 0.774760 0.090333 0.778933 0.090333 0.783107 0.090333 0.787280 0.090333 0.791454 0.090333 0.795627 0.090333 0.799801 0.090333 0.803974 0.090333 0.808147 0.090333 0.812321 0.090333 0.816494 0.090333 0.820668 0.090333 0.824841 0.090333 0.829014 0.090333 0.833188 0.090333 0.753893 0.100920 0.753893 0.097391 0.753893 0.093862 0.833188 0.100920 0.829014 0.100920 0.824841 0.100920 0.820668 0.100920 0.816494 0.100920 0.812321 0.100920 0.808147 0.100920 0.803974 0.100920 0.799801 0.100920 0.795627 0.100920 0.791454 0.100920 0.787280 0.100920 0.783107 0.100920 0.778933 0.100920 0.774760 0.100920 0.770587 0.100920 0.766413 0.100920 0.762240 0.100920 0.758066 0.100920 0.769543 0.095627 0.759110 0.095627 0.774760 0.095627 0.779977 0.095627 0.785194 0.095627 0.811277 0.095627 0.816494 0.095627 0.821711 0.095627 0.826928 0.095627 0.832144 0.095627 0.414029 0.082744 0.450546 0.087585 0.460980 0.087585 0.497497 0.092426 0.460980 0.085164 0.455763 0.087585 0.450546 0.085164 0.455763 0.085164 0.460980 0.090005 0.450546 0.090005 0.455763 0.090005 0.497497 0.082744 0.497497 0.085971 0.497497 0.089198 0.418003 0.082744 0.421978 0.082744 0.425953 0.082744 0.429927 0.082744 0.433902 0.082744 0.437877 0.082744 0.441851 0.082744 0.445826 0.082744 0.449801 0.082744 0.453775 0.082744 0.457750 0.082744 0.461725 0.082744 0.465699 0.082744 0.469674 0.082744 0.473649 0.082744 0.477624 0.082744 0.481598 0.082744 0.485573 0.082744 0.489548 0.082744 0.493522 0.082744 0.414029 0.092426 0.414029 0.089198 0.414029 0.085971 0.493522 0.092426 0.489548 0.092426 0.485573 0.092426 0.481598 0.092426 0.477624 0.092426 0.473649 0.092426 0.469674 0.092426 0.465699 0.092426 0.461725 0.092426 0.457750 0.092426 0.453775 0.092426 0.449801 0.092426 0.445826 0.092426 0.441851 0.092426 0.437877 0.092426 0.433902 0.092426 0.429927 0.092426 0.425953 0.092426 0.421978 0.092426 0.418003 0.092426 0.419245 0.087585 0.434896 0.087585 0.429679 0.087585 0.445329 0.087585 0.440113 0.087585 0.471413 0.087585 0.476630 0.087585 0.481847 0.087585 0.487063 0.087585 0.492280 0.087585 0.414029 0.095179 0.497675 0.104860 0.497675 0.095179 0.497675 0.100019 0.420999 0.095179 0.427970 0.095179 0.434940 0.095179 0.441911 0.095179 0.448881 0.095179 0.455852 0.095179 0.462822 0.095179 0.469793 0.095179 0.476763 0.095179 0.483734 0.095179 0.490704 0.095179 0.414029 0.104860 0.414029 0.100019 0.490704 0.104860 0.483734 0.104860 0.476763 0.104860 0.469793 0.104860 0.462822 0.104860 0.455852 0.104860 0.448881 0.104860 0.441911 0.104860 0.434940 0.104860 0.427970 0.104860 0.420999 0.104860 0.667949 0.008579 0.751595 0.000000 0.667949 0.004289 0.751595 0.004289 0.667949 0.000000 0.674920 0.000000 0.681890 0.000000 0.688861 0.000000 0.695831 0.000000 0.702802 0.000000 0.709772 0.000000 0.716743 0.000000 0.723713 0.000000 0.730684 0.000000 0.737654 0.000000 0.744625 0.000000 0.751595 0.008579 0.744625 0.008579 0.737654 0.008579 0.730684 0.008579 0.723713 0.008579 0.716743 0.008579 0.709772 0.008579 0.702802 0.008579 0.695831 0.008579 0.688861 0.008579 0.681890 0.008579 0.674920 0.008579 0.667949 0.018622 0.751595 0.010044 0.667949 0.015763 0.667949 0.012903 0.751595 0.012903 0.751595 0.015763 0.667949 0.010044 0.674920 0.010044 0.681890 0.010044 0.688861 0.010044 0.695831 0.010044 0.702802 0.010044 0.709772 0.010044 0.716743 0.010044 0.723713 0.010044 0.730684 0.010044 0.737654 0.010044 0.744625 0.010044 0.751595 0.018622 0.744625 0.018622 0.737654 0.018622 0.730684 0.018622 0.723713 0.018622 0.716743 0.018622 0.709772 0.018622 0.702802 0.018622 0.695831 0.018622 0.688861 0.018622 0.681890 0.018622 0.674920 0.018622 0.353382 0.151562 0.389900 0.145753 0.400333 0.145753 0.436851 0.139944 0.400333 0.142848 0.395117 0.145753 0.389900 0.142848 0.395117 0.142848 0.400333 0.148657 0.389900 0.148657 0.395117 0.148657 0.353382 0.147689 0.353382 0.143816 0.436851 0.143816 0.436851 0.147689 0.353382 0.139944 0.357556 0.139944 0.361729 0.139944 0.365903 0.139944 0.370076 0.139944 0.374250 0.139944 0.378423 0.139944 0.382596 0.139944 0.386770 0.139944 0.390943 0.139944 0.395117 0.139944 0.399290 0.139944 0.403463 0.139944 0.407637 0.139944 0.411810 0.139944 0.415984 0.139944 0.420157 0.139944 0.424330 0.139944 0.428504 0.139944 0.432677 0.139944 0.436851 0.151562 0.432677 0.151562 0.428504 0.151562 0.424330 0.151562 0.420157 0.151562 0.415984 0.151562 0.411810 0.151562 0.407637 0.151562 0.403463 0.151562 0.399290 0.151562 0.395117 0.151562 0.390943 0.151562 0.386770 0.151562 0.382596 0.151562 0.378423 0.151562 0.374250 0.151562 0.370076 0.151562 0.365903 0.151562 0.361729 0.151562 0.357556 0.151562 0.369033 0.145753 0.358599 0.145753 0.374250 0.145753 0.379466 0.145753 0.384683 0.145753 0.410767 0.145753 0.415984 0.145753 0.421200 0.145753 0.431634 0.145753 0.426417 0.145753 0.753893 0.125025 0.837539 0.114437 0.753893 0.121496 0.753893 0.117967 0.837539 0.117967 0.837539 0.121496 0.753893 0.114437 0.762258 0.114437 0.770622 0.114437 0.778987 0.114437 0.787351 0.114437 0.795716 0.114437 0.804081 0.114437 0.812445 0.114437 0.820810 0.114437 0.829174 0.114437 0.837539 0.125025 0.829174 0.125025 0.820810 0.125025 0.812445 0.125025 0.804081 0.125025 0.795716 0.125025 0.787351 0.125025 0.778987 0.125025 0.770622 0.125025 0.762258 0.125025 0.368492 0.898532 0.452138 0.879169 0.368492 0.892078 0.368492 0.885623 0.452138 0.885623 0.452138 0.892078 0.368492 0.879169 0.377786 0.879169 0.387080 0.879169 0.396374 0.879169 0.405668 0.879169 0.414962 0.879169 0.424256 0.879169 0.433550 0.879169 0.442844 0.879169 0.452138 0.898532 0.442844 0.898532 0.433550 0.898532 0.424256 0.898532 0.414962 0.898532 0.405668 0.898532 0.396374 0.898532 0.387080 0.898532 0.377786 0.898532 0.368492 0.643404 0.405010 0.633722 0.415443 0.633722 0.451961 0.624041 0.415443 0.628881 0.410227 0.633722 0.405010 0.628881 0.410227 0.628881 0.415443 0.638563 0.405010 0.638563 0.410227 0.638563 0.368492 0.636950 0.368492 0.630495 0.451961 0.630495 0.451961 0.636950 0.368492 0.624041 0.375448 0.624041 0.382404 0.624041 0.389360 0.624041 0.396315 0.624041 0.403271 0.624041 0.410227 0.624041 0.417182 0.624041 0.424138 0.624041 0.431094 0.624041 0.438049 0.624041 0.445005 0.624041 0.451961 0.643404 0.445005 0.643404 0.438049 0.643404 0.431094 0.643404 0.424138 0.643404 0.417182 0.643404 0.410227 0.643404 0.403271 0.643404 0.396315 0.643404 0.389360 0.643404 0.382404 0.643404 0.375448 0.643404 0.384143 0.633722 0.373709 0.633722 0.389360 0.633722 0.394576 0.633722 0.399793 0.633722 0.431094 0.633722 0.425877 0.633722 0.441527 0.633722 0.436310 0.633722 0.446744 0.633722 0.489256 0.850551 0.541040 0.918546 0.506517 0.850551 0.523779 0.850551 0.523779 0.918546 0.506517 0.918546 0.541040 0.850551 0.541040 0.859051 0.541040 0.867550 0.541040 0.876049 0.541040 0.884549 0.541040 0.893048 0.541040 0.901548 0.541040 0.910047 0.489256 0.918546 0.489256 0.910047 0.489256 0.901548 0.489256 0.893048 0.489256 0.884549 0.489256 0.876049 0.489256 0.867550 0.489256 0.859051 0.515148 0.859051 0.515148 0.876049 0.515148 0.884549 0.515148 0.893048 0.515148 0.901548 0.515148 0.910047 0.421622 0.127509 0.421622 0.137191 0.415935 0.137191 0.410249 0.137191 0.404562 0.137191 0.398876 0.137191 0.393189 0.137191 0.387502 0.137191 0.381816 0.137191 0.376129 0.137191 0.370442 0.137191 0.364756 0.137191 0.359069 0.137191 0.421622 0.132350 0.353382 0.137191 0.353382 0.132350 0.353382 0.127509 0.359586 0.127509 0.365790 0.127509 0.371993 0.127509 0.378197 0.127509 0.384400 0.127509 0.390604 0.127509 0.396808 0.127509 0.403011 0.127509 0.409215 0.127509 0.415418 0.127509 0.361912 0.132350 0.378972 0.132350 0.387502 0.132350 0.396032 0.132350 0.404562 0.132350 0.413092 0.132350 0.528617 0.329396 0.537147 0.331384 0.537147 0.333308 0.537147 0.335201 0.537147 0.337073 0.537147 0.338945 0.537147 0.340817 0.537147 0.342688 0.545677 0.331384 0.545677 0.333308 0.545677 0.335201 0.545677 0.337073 0.545677 0.338945 0.545677 0.340817 0.545677 0.342688 0.554207 0.331384 0.554207 0.333308 0.554207 0.335201 0.554207 0.337073 0.554207 0.338945 0.554207 0.340817 0.554207 0.342688 0.562737 0.331384 0.562737 0.333308 0.562737 0.335201 0.562737 0.337073 0.562737 0.338945 0.562737 0.340817 0.562737 0.342688 0.571267 0.331384 0.571267 0.333308 0.571267 0.335201 0.571267 0.337073 0.571267 0.338945 0.571267 0.340817 0.571267 0.342688 0.579797 0.331384 0.579797 0.333308 0.579797 0.335201 0.579797 0.337073 0.579797 0.338945 0.579797 0.340817 0.579797 0.342688 0.588327 0.331384 0.588327 0.333308 0.588327 0.335201 0.588327 0.337073 0.588327 0.338945 0.588327 0.340817 0.588327 0.342688 0.596857 0.329396 0.533585 0.344560 0.533561 0.344340 0.596857 0.333126 0.596857 0.336857 0.596857 0.340587 0.528617 0.340587 0.528617 0.336857 0.528617 0.333126 0.534821 0.329396 0.541024 0.329396 0.547228 0.329396 0.553432 0.329396 0.559635 0.329396 0.565839 0.329396 0.572042 0.329396 0.578246 0.329396 0.584449 0.329396 0.590653 0.329396 0.595069 0.340899 0.595033 0.340912 0.594995 0.340926 0.594918 0.340955 0.594753 0.341023 0.594381 0.341200 0.593516 0.341762 0.592389 0.343035 0.592361 0.343083 0.592334 0.343131 0.592282 0.343227 0.592188 0.343419 0.592039 0.343804 0.591889 0.344560 0.584601 0.344560 0.577313 0.344560 0.570025 0.344560 0.562737 0.344560 0.555449 0.344560 0.548161 0.344560 0.540873 0.344560 0.532993 0.342888 0.532975 0.342861 0.532957 0.342833 0.532917 0.342775 0.532826 0.342650 0.532591 0.342362 0.531863 0.341688 0.531647 0.341532 0.531436 0.341395 0.531033 0.341169 0.530348 0.340879 0.530293 0.340860 0.530238 0.340842 0.530128 0.340808 0.529909 0.340748 0.529471 0.340657 0.430836 0.039751 0.411473 0.041805 0.392109 0.041805 0.372746 0.041805 0.411473 0.043883 0.392109 0.043883 0.372746 0.043883 0.411473 0.045968 0.392109 0.045968 0.372746 0.045968 0.392109 0.048053 0.353382 0.048053 0.353382 0.039751 0.366291 0.039751 0.379200 0.039751 0.392109 0.039751 0.405018 0.039751 0.417927 0.039751 0.430836 0.048053 0.417927 0.048053 0.405018 0.048053 0.379200 0.048053 0.366291 0.048053 0.667949 0.040174 0.759926 0.051249 0.667949 0.051249 0.698608 0.040174 0.729267 0.040174 0.729267 0.051249 0.698608 0.051249 0.759926 0.040174 0.759926 0.041756 0.759926 0.043338 0.759926 0.044920 0.759926 0.046503 0.759926 0.048085 0.759926 0.049667 0.667949 0.049667 0.667949 0.048085 0.667949 0.046503 0.667949 0.044920 0.667949 0.043338 0.667949 0.041756 0.713938 0.041558 0.713938 0.044327 0.713938 0.045712 0.713938 0.047096 0.713938 0.048480 0.713938 0.049865 0.845869 0.153296 0.753893 0.153296 0.753896 0.142221 0.784553 0.142221 0.815210 0.142221 0.845867 0.142221 0.815211 0.153296 0.784552 0.153296 0.845724 0.143611 0.845720 0.143639 0.845715 0.143667 0.845704 0.143727 0.845680 0.143859 0.845618 0.144170 0.845444 0.144985 0.845397 0.145200 0.845354 0.145403 0.845279 0.145772 0.845174 0.146363 0.845167 0.146409 0.845160 0.146454 0.845147 0.146545 0.845124 0.146726 0.845089 0.147079 0.845061 0.147758 0.754701 0.147758 0.754585 0.146363 0.754575 0.146295 0.754563 0.146224 0.754538 0.146076 0.754478 0.145751 0.754319 0.144988 0.754269 0.144760 0.754223 0.144548 0.754145 0.144172 0.754038 0.143613 0.754030 0.143567 0.754023 0.143520 0.754008 0.143428 0.753982 0.143246 0.753939 0.142891 0.754009 0.151899 0.754014 0.151868 0.754019 0.151835 0.754031 0.151769 0.754056 0.151627 0.754118 0.151308 0.754289 0.150525 0.754340 0.150299 0.754387 0.150087 0.754468 0.149712 0.754577 0.149152 0.754584 0.149106 0.754592 0.149060 0.754606 0.148968 0.754631 0.148787 0.754670 0.148433 0.845189 0.149154 0.845195 0.149184 0.845200 0.149216 0.845212 0.149281 0.845238 0.149422 0.845301 0.149740 0.845474 0.150526 0.845754 0.151901 0.845761 0.151947 0.845768 0.151992 0.845781 0.152083 0.845804 0.152263 0.845840 0.152616 0.799881 0.143605 0.799881 0.146374 0.799881 0.147758 0.799881 0.149143 0.799881 0.150527 0.799881 0.151911 0.620593 0.363047 0.528617 0.363047 0.529425 0.350959 0.559545 0.350959 0.589665 0.350959 0.619785 0.350959 0.589935 0.363047 0.559276 0.363047 0.619905 0.352534 0.619910 0.352568 0.619915 0.352602 0.619926 0.352673 0.619952 0.352828 0.620014 0.353186 0.620189 0.354091 0.620473 0.355648 0.620480 0.355700 0.620487 0.355752 0.620501 0.355856 0.620526 0.356060 0.620563 0.356460 0.620593 0.357223 0.528617 0.357223 0.528737 0.355649 0.528742 0.355615 0.528748 0.355580 0.528759 0.355508 0.528784 0.355352 0.528847 0.354994 0.529020 0.354094 0.529196 0.353188 0.529305 0.352538 0.529312 0.352485 0.529319 0.352434 0.529333 0.352330 0.529357 0.352126 0.529395 0.351725 0.528617 0.361106 0.528617 0.359164 0.620593 0.359164 0.620593 0.361106 0.574605 0.352470 0.574605 0.355492 0.574605 0.357003 0.574605 0.358514 0.574605 0.361536 0.574605 0.360025 0.759926 0.088868 0.667949 0.088868 0.667952 0.077793 0.698609 0.077793 0.729266 0.077793 0.759923 0.077793 0.729267 0.088868 0.698608 0.088868 0.759926 0.077995 0.667949 0.077995 0.667949 0.087056 0.667949 0.085244 0.667949 0.083432 0.667949 0.081619 0.667949 0.079807 0.759926 0.079807 0.759926 0.081619 0.759926 0.083432 0.759926 0.085244 0.759926 0.087056 0.713938 0.079178 0.713938 0.081946 0.713938 0.083331 0.713938 0.084715 0.713938 0.086099 0.713938 0.087484 0.430836 0.029574 0.392109 0.029574 0.411473 0.029667 0.392109 0.029667 0.372746 0.029667 0.411473 0.029759 0.392109 0.029759 0.372746 0.029759 0.411473 0.029851 0.392109 0.029851 0.372746 0.029851 0.353382 0.029943 0.353382 0.029574 0.366291 0.029574 0.379200 0.029574 0.405018 0.029574 0.417927 0.029574 0.430836 0.029943 0.417927 0.029943 0.405018 0.029943 0.392109 0.029943 0.379200 0.029943 0.366291 0.029943 0.353382 0.070594 0.448279 0.062848 0.353382 0.066721 0.448279 0.066721 0.353382 0.062848 0.358965 0.062848 0.364547 0.062848 0.370129 0.062848 0.375711 0.062848 0.381293 0.062848 0.386875 0.062848 0.392457 0.062848 0.398040 0.062848 0.403622 0.062848 0.409204 0.062848 0.414786 0.062848 0.420368 0.062848 0.425950 0.062848 0.431532 0.062848 0.437115 0.062848 0.442697 0.062848 0.448279 0.070594 0.442697 0.070594 0.437115 0.070594 0.431532 0.070594 0.425950 0.070594 0.420368 0.070594 0.414786 0.070594 0.409204 0.070594 0.403622 0.070594 0.398040 0.070594 0.392457 0.070594 0.386875 0.070594 0.381293 0.070594 0.375711 0.070594 0.370129 0.070594 0.364547 0.070594 0.358965 0.070594 0.414029 0.115359 0.508925 0.107613 0.414029 0.111486 0.508925 0.111486 0.414029 0.107613 0.419611 0.107613 0.425193 0.107613 0.430775 0.107613 0.436357 0.107613 0.441939 0.107613 0.447522 0.107613 0.453104 0.107613 0.458686 0.107613 0.464268 0.107613 0.469850 0.107613 0.475432 0.107613 0.481014 0.107613 0.486597 0.107613 0.492179 0.107613 0.497761 0.107613 0.503343 0.107613 0.508925 0.115359 0.503343 0.115359 0.497761 0.115359 0.492179 0.115359 0.486597 0.115359 0.481014 0.115359 0.475432 0.115359 0.469850 0.115359 0.464268 0.115359 0.458686 0.115359 0.453104 0.115359 0.447522 0.115359 0.441939 0.115359 0.436357 0.115359 0.430775 0.115359 0.425193 0.115359 0.419611 0.115359 0.667949 0.038709 0.762846 0.030131 0.667949 0.034420 0.762846 0.034420 0.667949 0.030131 0.674728 0.030131 0.681506 0.030131 0.688284 0.030131 0.695063 0.030131 0.701841 0.030131 0.708619 0.030131 0.715398 0.030131 0.722176 0.030131 0.728954 0.030131 0.735733 0.030131 0.742511 0.030131 0.749289 0.030131 0.756068 0.030131 0.762846 0.038709 0.756068 0.038709 0.749289 0.038709 0.742511 0.038709 0.735733 0.038709 0.728954 0.038709 0.722176 0.038709 0.715398 0.038709 0.708619 0.038709 0.701841 0.038709 0.695063 0.038709 0.688284 0.038709 0.681506 0.038709 0.674728 0.038709 0.600076 0.487547 0.694972 0.477866 0.600076 0.482706 0.694972 0.482706 0.600076 0.477866 0.606854 0.477866 0.613632 0.477866 0.620411 0.477866 0.627189 0.477866 0.633967 0.477866 0.640746 0.477866 0.647524 0.477866 0.654302 0.477866 0.661081 0.477866 0.667859 0.477866 0.674637 0.477866 0.681416 0.477866 0.688194 0.477866 0.694972 0.487547 0.688194 0.487547 0.681416 0.487547 0.674637 0.487547 0.667859 0.487547 0.661081 0.487547 0.654302 0.487547 0.647524 0.487547 0.640746 0.487547 0.633967 0.487547 0.627189 0.487547 0.620411 0.487547 0.613632 0.487547 0.606854 0.487547</float_array>
          <technique_common>
            <accessor count="4153" offset="0" source="#lib-map1-array-aa07e5c6-3d74-42d9-b3a9-f10165e13461" stride="2">
              <param name="S" type="float" />
              <param name="T" type="float" />
            </accessor>
          </technique_common>
        </source>
        <vertices id="lib-vertices-aa07e5c6-3d74-42d9-b3a9-f10165e13461">
          <input semantic="POSITION" source="#lib-position-aa07e5c6-3d74-42d9-b3a9-f10165e13461" />
        </vertices>
        <triangles count="4776" material="material-a0000000-0000-0000-0000-000000000000">
          <input offset="0" semantic="VERTEX" source="#lib-vertices-aa07e5c6-3d74-42d9-b3a9-f10165e13461" />
          <input offset="1" semantic="NORMAL" source="#lib-normal-aa07e5c6-3d74-42d9-b3a9-f10165e13461" />
          <input offset="2" semantic="TEXCOORD" source="#lib-map1-aa07e5c6-3d74-42d9-b3a9-f10165e13461" />
          <p>18 18 18 4 4 4 0 0 0 5 5 5 30 30 30 29 29 29 4 4 4 31 31 31 30 30 30 7 7 7 28 28 28 27 27 27 9 9 9 26 26 26 25 25 25 8 8 8 27 27 27 26 26 26 6 6 6 29 29 29 28 28 28 31 31 31 18 18 18 17 17 17 4 4 4 18 18 18 31 31 31 11 11 11 24 24 24 23 23 23 13 13 13 22 22 22 21 21 21 12 12 12 23 23 23 22 22 22 15 15 15 20 20 20 19 19 19 16 16 16 3 3 3 2 2 2 14 14 14 21 21 21 20 20 20 16 16 16 19 19 19 3 3 3 11 11 11 10 10 10 25 25 25 3 3 3 19 19 19 1 1 1 51 51 51 52 52 52 41 41 41 40 40 40 41 41 41 52 52 52 53 53 53 39 39 39 40 40 40 52 52 52 53 53 53 40 40 40 38 38 38 39 39 39 53 53 53 42 42 42 51 51 51 41 41 41 48 48 48 44 44 44 45 45 45 49 49 49 44 44 44 48 48 48 51 51 51 42 42 42 50 50 50 43 43 43 50 50 50 42 42 42 43 43 43 49 49 49 50 50 50 49 49 49 43 43 43 44 44 44 37 37 37 38 38 38 54 54 54 53 53 53 54 54 54 38 38 38 55 55 55 37 37 37 54 54 54 56 56 56 35 35 35 36 36 36 37 37 37 55 55 55 36 36 36 55 55 55 56 56 56 36 36 36 34 34 34 57 57 57 58 58 58 35 35 35 57 57 57 34 34 34 33 33 33 34 34 34 58 58 58 83 83 83 32 32 32 59 59 59 33 33 33 59 59 59 32 32 32 33 33 33 58 58 58 59 59 59 56 56 56 57 57 57 35 35 35 47 47 47 48 48 48 45 45 45 71 71 71 47 47 47 46 46 46 72 72 72 70 70 70 71 71 71 71 71 71 70 70 70 47 47 47 72 72 72 69 69 69 70 70 70 69 69 69 72 72 72 73 73 73 45 45 45 46 46 46 47 47 47 74 74 74 68 68 68 73 73 73 69 69 69 73 73 73 68 68 68 67 67 67 68 68 68 74 74 74 75 75 75 66 66 66 67 67 67 66 66 66 75 75 75 76 76 76 75 75 75 67 67 67 74 74 74 65 65 65 66 66 66 76 76 76 81 81 81 61 61 61 62 62 62 80 80 80 81 81 81 62 62 62 82 82 82 61 61 61 81 81 81 82 82 82 83 83 83 60 60 60 60 60 60 83 83 83 59 59 59 61 61 61 82 82 82 60 60 60 78 78 78 65 65 65 77 77 77 76 76 76 77 77 77 65 65 65 64 64 64 65 65 65 78 78 78 62 62 62 63 63 63 80 80 80 79 79 79 80 80 80 63 63 63 63 63 63 64 64 64 79 79 79 78 78 78 79 79 79 64 64 64 102 102 102 88 88 88 84 84 84 89 89 89 114 114 114 113 113 113 88 88 88 115 115 115 114 114 114 91 91 91 112 112 112 111 111 111 93 93 93 110 110 110 109 109 109 92 92 92 111 111 111 110 110 110 90 90 90 113 113 113 112 112 112 115 115 115 102 102 102 101 101 101 88 88 88 102 102 102 115 115 115 95 95 95 108 108 108 107 107 107 97 97 97 106 106 106 105 105 105 96 96 96 107 107 107 106 106 106 99 99 99 104 104 104 103 103 103 100 100 100 87 87 87 86 86 86 98 98 98 105 105 105 104 104 104 100 100 100 103 103 103 87 87 87 108 108 108 95 95 95 94 94 94 87 87 87 103 103 103 85 85 85 138 138 138 125 125 125 126 126 126 137 137 137 138 138 138 126 126 126 139 139 139 125 125 125 138 138 138 123 123 123 124 124 124 141 141 141 140 140 140 141 141 141 124 124 124 124 124 124 139 139 139 140 140 140 139 139 139 124 124 124 125 125 125 135 135 135 128 128 128 134 134 134 133 133 133 134 134 134 128 128 128 128 128 128 129 129 129 133 133 133 137 137 137 126 126 126 136 136 136 127 127 127 136 136 136 126 126 126 127 127 127 135 135 135 136 136 136 135 135 135 127 127 127 128 128 128 142 142 142 122 122 122 123 123 123 141 141 141 142 142 142 123 123 123 143 143 143 122 122 122 142 142 142 144 144 144 121 121 121 122 122 122 120 120 120 121 121 121 145 145 145 144 144 144 145 145 145 121 121 121 144 144 144 122 122 122 143 143 143 146 146 146 147 147 147 120 120 120 119 119 119 147 147 147 148 148 148 120 120 120 147 147 147 119 119 119 118 118 118 119 119 119 148 148 148 118 118 118 149 149 149 150 150 150 118 118 118 148 148 148 149 149 149 117 117 117 118 118 118 150 150 150 145 145 145 146 146 146 120 120 120 132 132 132 133 133 133 129 129 129 164 164 164 131 131 131 130 130 130 165 165 165 163 163 163 164 164 164 130 130 130 131 131 131 132 132 132 165 165 165 162 162 162 163 163 163 163 163 163 131 131 131 164 164 164 162 162 162 165 165 165 166 166 166 129 129 129 130 130 130 132 132 132 167 167 167 161 161 161 166 166 166 162 162 162 166 166 166 161 161 161 168 168 168 160 160 160 167 167 167 161 161 161 167 167 167 160 160 160 169 169 169 158 158 158 159 159 159 159 159 159 168 168 168 169 169 169 168 168 168 159 159 159 160 160 160 170 170 170 158 158 158 169 169 169 116 116 116 151 151 151 152 152 152 175 175 175 153 153 153 154 154 154 176 176 176 152 152 152 153 153 153 116 116 116 117 117 117 151 151 151 152 152 152 176 176 176 116 116 116 153 153 153 175 175 175 176 176 176 175 175 175 154 154 154 174 174 174 151 151 151 117 117 117 150 150 150 156 156 156 157 157 157 172 172 172 171 171 171 172 172 172 157 157 157 158 158 158 171 171 171 157 157 157 154 154 154 155 155 155 174 174 174 173 173 173 174 174 174 155 155 155 155 155 155 156 156 156 173 173 173 172 172 172 173 173 173 156 156 156 158 158 158 170 170 170 171 171 171 198 198 198 181 181 181 177 177 177 183 183 183 182 182 182 213 213 213 181 181 181 214 214 214 213 213 213 184 184 184 211 211 211 210 210 210 186 186 186 209 209 209 208 208 208 187 187 187 208 208 208 207 207 207 185 185 185 210 210 210 209 209 209 183 183 183 212 212 212 211 211 211 214 214 214 198 198 198 197 197 197 181 181 181 198 198 198 214 214 214 188 188 188 207 207 207 206 206 206 189 189 189 206 206 206 205 205 205 191 191 191 204 204 204 203 203 203 190 190 190 205 205 205 204 204 204 193 193 193 202 202 202 201 201 201 195 195 195 200 200 200 199 199 199 180 180 180 179 179 179 196 196 196 194 194 194 201 201 201 200 200 200 192 192 192 203 203 203 202 202 202 180 180 180 199 199 199 178 178 178 199 199 199 180 180 180 196 196 196 274 274 274 275 275 275 270 270 270 269 269 269 270 270 270 275 275 275 275 275 275 276 276 276 269 269 269 268 268 268 269 269 269 276 276 276 271 271 271 273 273 273 274 274 274 232 232 232 273 273 273 272 272 272 273 273 273 271 271 271 272 272 272 271 271 271 274 274 274 270 270 270 233 233 233 232 232 232 272 272 272 279 279 279 265 265 265 278 278 278 279 279 279 280 280 280 264 264 264 264 264 264 265 265 265 279 279 279 267 267 267 268 268 268 277 277 277 276 276 276 277 277 277 268 268 268 278 278 278 267 267 267 277 277 277 266 266 266 267 267 267 278 278 278 266 266 266 278 278 278 265 265 265 234 234 234 231 231 231 232 232 232 231 231 231 234 234 234 235 235 235 232 232 232 233 233 233 234 234 234 230 230 230 231 231 231 235 235 235 236 236 236 229 229 229 230 230 230 229 229 229 237 237 237 228 228 228 238 238 238 228 228 228 237 237 237 236 236 236 237 237 237 229 229 229 236 236 236 230 230 230 235 235 235 228 228 228 238 238 238 227 227 227 239 239 239 227 227 227 238 238 238 240 240 240 226 226 226 239 239 239 226 226 226 227 227 227 239 239 239 241 241 241 226 226 226 240 240 240 225 225 225 226 226 226 241 241 241 224 224 224 242 242 242 243 243 243 223 223 223 224 224 224 243 243 243 225 225 225 242 242 242 224 224 224 225 225 225 241 241 241 242 242 242 263 263 263 264 264 264 280 280 280 281 281 281 262 262 262 263 263 263 280 280 280 281 281 281 263 263 263 282 282 282 262 262 262 281 281 281 283 283 283 261 261 261 282 282 282 261 261 261 262 262 262 282 282 282 260 260 260 283 283 283 259 259 259 283 283 283 260 260 260 261 261 261 258 258 258 259 259 259 284 284 284 284 284 284 259 259 259 283 283 283 285 285 285 257 257 257 258 258 258 257 257 257 285 285 285 286 286 286 285 285 285 258 258 258 284 284 284 256 256 256 257 257 257 286 286 286 287 287 287 255 255 255 256 256 256 254 254 254 255 255 255 288 288 288 287 287 287 288 288 288 255 255 255 215 215 215 254 254 254 288 288 288 287 287 287 256 256 256 286 286 286 247 247 247 221 221 221 246 246 246 219 219 219 220 220 220 248 248 248 247 247 247 248 248 248 220 220 220 220 220 220 221 221 221 247 247 247 222 222 222 223 223 223 244 244 244 244 244 244 223 223 223 243 243 243 222 222 222 245 245 245 221 221 221 246 246 246 221 221 221 245 245 245 244 244 244 245 245 245 222 222 222 216 216 216 251 251 251 252 252 252 252 252 252 215 215 215 216 216 216 254 254 254 215 215 215 253 253 253 253 253 253 215 215 215 252 252 252 217 217 217 251 251 251 216 216 216 248 248 248 249 249 249 219 219 219 218 218 218 219 219 219 249 249 249 218 218 218 250 250 250 217 217 217 251 251 251 217 217 217 250 250 250 249 249 249 250 250 250 218 218 218 310 310 310 293 293 293 289 289 289 294 294 294 325 325 325 324 324 324 293 293 293 326 326 326 325 325 325 296 296 296 323 323 323 322 322 322 298 298 298 321 321 321 320 320 320 299 299 299 320 320 320 319 319 319 297 297 297 322 322 322 321 321 321 295 295 295 324 324 324 323 323 323 326 326 326 310 310 310 309 309 309 293 293 293 310 310 310 326 326 326 318 318 318 301 301 301 300 300 300 301 301 301 318 318 318 317 317 317 303 303 303 316 316 316 315 315 315 302 302 302 317 317 317 316 316 316 305 305 305 314 314 314 313 313 313 307 307 307 312 312 312 311 311 311 292 292 292 291 291 291 308 308 308 306 306 306 313 313 313 312 312 312 304 304 304 315 315 315 314 314 314 292 292 292 311 311 311 290 290 290 311 311 311 292 292 292 308 308 308 374 374 374 376 376 376 377 377 377 374 374 374 377 377 377 373 373 373 375 375 375 376 376 376 374 374 374 345 345 345 344 344 344 375 375 375 344 344 344 345 345 345 346 346 346 345 345 345 375 375 375 374 374 374 343 343 343 344 344 344 346 346 346 378 378 378 373 373 373 377 377 377 381 381 381 371 371 371 380 380 380 371 371 371 381 381 381 382 382 382 383 383 383 370 370 370 382 382 382 382 382 382 370 370 370 371 371 371 373 373 373 378 378 378 372 372 372 379 379 379 372 372 372 378 378 378 380 380 380 372 372 372 379 379 379 372 372 372 380 380 380 371 371 371 347 347 347 342 342 342 343 343 343 342 342 342 347 347 347 348 348 348 347 347 347 343 343 343 346 346 346 341 341 341 342 342 342 348 348 348 349 349 349 340 340 340 341 341 341 340 340 340 349 349 349 350 350 350 349 349 349 341 341 341 348 348 348 339 339 339 340 340 340 350 350 350 351 351 351 338 338 338 339 339 339 350 350 350 351 351 351 339 339 339 352 352 352 338 338 338 351 351 351 353 353 353 338 338 338 352 352 352 337 337 337 338 338 338 353 353 353 337 337 337 354 354 354 336 336 336 354 354 354 355 355 355 336 336 336 337 337 337 353 353 353 354 354 354 384 384 384 369 369 369 383 383 383 369 369 369 384 384 384 385 385 385 368 368 368 369 369 369 385 385 385 387 387 387 368 368 368 386 386 386 385 385 385 386 386 386 368 368 368 388 388 388 367 367 367 387 387 387 368 368 368 387 387 387 367 367 367 389 389 389 366 366 366 388 388 388 367 367 367 388 388 388 366 366 366 366 366 366 389 389 389 390 390 390 365 365 365 366 366 366 390 390 390 327 327 327 364 364 364 365 365 365 364 364 364 327 327 327 328 328 328 327 327 327 365 365 365 390 390 390 363 363 363 364 364 364 328 328 328 334 334 334 356 356 356 357 357 357 333 333 333 358 358 358 359 359 359 333 333 333 357 357 357 358 358 358 336 336 336 355 355 355 335 335 335 335 335 335 355 355 355 356 356 356 334 334 334 335 335 335 356 356 356 334 334 334 357 357 357 333 333 333 333 333 333 359 359 359 332 332 332 362 362 362 330 330 330 361 361 361 362 362 362 363 363 363 329 329 329 328 328 328 329 329 329 363 363 363 329 329 329 330 330 330 362 362 362 331 331 331 332 332 332 360 360 360 359 359 359 360 360 360 332 332 332 361 361 361 331 331 331 360 360 360 331 331 331 361 361 361 330 330 330 383 383 383 369 369 369 370 370 370 396 396 396 395 395 395 392 392 392 397 397 397 396 396 396 394 394 394 399 399 399 398 398 398 395 395 395 400 400 400 399 399 399 396 396 396 412 412 412 411 411 411 419 419 419 392 392 392 419 419 419 418 418 418 412 412 412 392 392 392 413 413 413 392 392 392 418 418 418 393 393 393 412 412 412 419 419 419 392 392 392 416 416 416 394 394 394 393 393 393 394 394 394 416 416 416 415 415 415 391 391 391 406 406 406 415 415 415 394 394 394 415 415 415 406 406 406 405 405 405 397 397 397 394 394 394 398 398 398 414 414 414 395 395 395 407 407 407 414 414 414 398 398 398 407 407 407 398 398 398 408 408 408 408 408 408 398 398 398 399 399 399 401 401 401 414 414 414 407 407 407 397 397 397 405 405 405 404 404 404 410 410 410 400 400 400 404 404 404 400 400 400 409 409 409 399 399 399 404 404 404 403 403 403 410 410 410 400 400 400 410 410 410 409 409 409 426 426 426 425 425 425 423 423 423 427 427 427 426 426 426 424 424 424 429 429 429 428 428 428 426 426 426 430 430 430 429 429 429 426 426 426 438 438 438 420 420 420 445 445 445 422 422 422 445 445 445 444 444 444 438 438 438 422 422 422 425 425 425 422 422 422 444 444 444 423 423 423 438 438 438 445 445 445 422 422 422 442 442 442 424 424 424 423 423 423 424 424 424 442 442 442 441 441 441 421 421 421 448 448 448 441 441 441 424 424 424 441 441 441 448 448 448 447 447 447 427 427 427 448 448 448 428 428 428 440 440 440 425 425 425 433 433 433 440 440 440 428 428 428 433 433 433 428 428 428 434 434 434 434 434 434 428 428 428 429 429 429 432 432 432 440 440 440 433 433 433 427 427 427 447 447 447 446 446 446 437 437 437 430 430 430 446 446 446 430 430 430 436 436 436 429 429 429 446 446 446 431 431 431 437 437 437 430 430 430 437 437 437 436 436 436 454 454 454 453 453 453 450 450 450 455 455 455 454 454 454 451 451 451 457 457 457 456 456 456 454 454 454 458 458 458 457 457 457 454 454 454 469 469 469 449 449 449 478 478 478 450 450 450 478 478 478 477 477 477 450 450 450 470 470 470 469 469 469 450 450 450 477 477 477 451 451 451 469 469 469 478 478 478 450 450 450 452 452 452 475 475 475 474 474 474 462 462 462 474 474 474 473 473 473 474 474 474 462 462 462 452 452 452 452 452 452 462 462 462 461 461 461 451 451 451 476 476 476 475 475 475 470 470 470 450 450 450 453 453 453 456 456 456 472 472 472 471 471 471 470 470 470 453 453 453 471 471 471 464 464 464 463 463 463 472 472 472 464 464 464 456 456 456 465 465 465 472 472 472 456 456 456 464 464 464 457 457 457 466 466 466 465 465 465 468 468 468 458 458 458 460 460 460 455 455 455 461 461 461 460 460 460 458 458 458 467 467 467 457 457 457 460 460 460 459 459 459 468 468 468 458 458 458 468 468 468 467 467 467 485 485 485 484 484 484 482 482 482 486 486 486 485 485 485 483 483 483 488 488 488 487 487 487 485 485 485 489 489 489 488 488 488 485 485 485 501 501 501 479 479 479 508 508 508 481 481 481 508 508 508 507 507 507 501 501 501 481 481 481 502 502 502 481 481 481 507 507 507 482 482 482 508 508 508 481 481 481 501 501 501 505 505 505 482 482 482 506 506 506 483 483 483 505 505 505 504 504 504 480 480 480 494 494 494 504 504 504 483 483 483 504 504 504 494 494 494 493 493 493 486 486 486 483 483 483 505 505 505 483 483 483 482 482 482 487 487 487 503 503 503 484 484 484 496 496 496 503 503 503 487 487 487 496 496 496 487 487 487 497 497 497 498 498 498 497 497 497 488 488 488 497 497 497 487 487 487 488 488 488 495 495 495 503 503 503 496 496 496 486 486 486 492 492 492 489 489 489 491 491 491 500 500 500 489 489 489 493 493 493 492 492 492 486 486 486 489 489 489 499 499 499 488 488 488 491 491 491 490 490 490 500 500 500 489 489 489 500 500 500 499 499 499 509 509 509 513 513 513 522 522 522 513 513 513 514 514 514 521 521 521 515 515 515 520 520 520 521 521 521 516 516 516 517 517 517 518 518 518 517 517 517 511 511 511 512 512 512 519 519 519 520 520 520 515 515 515 545 545 545 523 523 523 562 562 562 593 593 593 545 545 545 562 562 562 593 593 593 546 546 546 545 545 545 547 547 547 593 593 593 548 548 548 593 593 593 547 547 547 546 546 546 550 550 550 549 549 549 593 593 593 593 593 593 549 549 549 548 548 548 550 550 550 593 593 593 551 551 551 552 552 552 551 551 551 594 594 594 555 555 555 554 554 554 594 594 594 554 554 554 553 553 553 594 594 594 553 553 553 552 552 552 594 594 594 557 557 557 556 556 556 594 594 594 560 560 560 559 559 559 594 594 594 559 559 559 558 558 558 594 594 594 558 558 558 557 557 557 594 594 594 556 556 556 555 555 555 594 594 594 529 529 529 560 560 560 595 595 595 572 572 572 593 593 593 573 573 573 561 561 561 576 576 576 593 593 593 572 572 572 571 571 571 593 593 593 570 570 570 593 593 593 571 571 571 593 593 593 562 562 562 561 561 561 576 576 576 561 561 561 524 524 524 593 593 593 576 576 576 575 575 575 575 575 575 574 574 574 593 593 593 574 574 574 573 573 573 593 593 593 594 594 594 565 565 565 564 564 564 563 563 563 595 595 595 594 594 594 560 560 560 594 594 594 595 595 595 592 592 592 595 595 595 563 563 563 564 564 564 563 563 563 594 594 594 594 594 594 566 566 566 565 565 565 594 594 594 570 570 570 569 569 569 594 594 594 568 568 568 567 567 567 594 594 594 567 567 567 566 566 566 568 568 568 594 594 594 569 569 569 594 594 594 551 551 551 593 593 593 593 593 593 570 570 570 594 594 594 595 595 595 596 596 596 529 529 529 596 596 596 534 534 534 533 533 533 597 597 597 536 536 536 535 535 535 597 597 597 535 535 535 534 534 534 531 531 531 530 530 530 596 596 596 595 595 595 592 592 592 596 596 596 532 532 532 596 596 596 533 533 533 597 597 597 534 534 534 596 596 596 531 531 531 596 596 596 532 532 532 586 586 586 597 597 597 596 596 596 597 597 597 537 537 537 536 536 536 541 541 541 598 598 598 542 542 542 543 543 543 598 598 598 544 544 544 543 543 543 542 542 542 598 598 598 526 526 526 525 525 525 544 544 544 597 597 597 598 598 598 538 538 538 540 540 540 539 539 539 598 598 598 540 540 540 598 598 598 541 541 541 538 538 538 598 598 598 539 539 539 537 537 537 597 597 597 538 538 538 544 544 544 598 598 598 526 526 526 591 591 591 596 596 596 592 592 592 589 589 589 596 596 596 590 590 590 591 591 591 590 590 590 596 596 596 587 587 587 596 596 596 588 588 588 585 585 585 597 597 597 586 586 586 584 584 584 597 597 597 585 585 585 587 587 587 586 586 586 596 596 596 589 589 589 588 588 588 596 596 596 582 582 582 597 597 597 583 583 583 598 598 598 581 581 581 580 580 580 582 582 582 581 581 581 598 598 598 526 526 526 598 598 598 527 527 527 527 527 527 598 598 598 577 577 577 583 583 583 597 597 597 584 584 584 579 579 579 598 598 598 580 580 580 579 579 579 578 578 578 598 598 598 598 598 598 578 578 578 577 577 577 577 577 577 528 528 528 527 527 527 582 582 582 598 598 598 597 597 597 530 530 530 529 529 529 596 596 596 622 622 622 619 619 619 599 599 599 622 622 622 639 639 639 619 619 619 619 619 619 639 639 639 620 620 620 621 621 621 639 639 639 622 622 622 641 641 641 605 605 605 640 640 640 605 605 605 641 641 641 606 606 606 642 642 642 607 607 607 606 606 606 642 642 642 606 606 606 641 641 641 607 607 607 642 642 642 608 608 608 639 639 639 625 625 625 624 624 624 625 625 625 621 621 621 600 600 600 640 640 640 624 624 624 623 623 623 625 625 625 639 639 639 621 621 621 623 623 623 638 638 638 641 641 641 634 634 634 642 642 642 635 635 635 636 636 636 635 635 635 642 642 642 638 638 638 637 637 637 641 641 641 636 636 636 642 642 642 637 637 637 642 642 642 634 634 634 633 633 633 641 641 641 637 637 637 642 642 642 609 609 609 608 608 608 642 642 642 610 610 610 642 642 642 611 611 611 614 614 614 613 613 613 643 643 643 613 613 613 612 612 612 644 644 644 611 611 611 644 644 644 612 612 612 617 617 617 616 616 616 643 643 643 616 616 616 615 615 615 643 643 643 602 602 602 601 601 601 618 618 618 643 643 643 618 618 618 617 617 617 643 643 643 615 615 615 614 614 614 618 618 618 643 643 643 602 602 602 644 644 644 642 642 642 632 632 632 611 611 611 642 642 642 644 644 644 631 631 631 643 643 643 644 644 644 643 643 643 630 630 630 629 629 629 644 644 644 632 632 632 631 631 631 631 631 631 630 630 630 643 643 643 633 633 633 632 632 632 642 642 642 603 603 603 643 643 643 626 626 626 602 602 602 643 643 643 603 603 603 604 604 604 603 603 603 626 626 626 643 643 643 628 628 628 627 627 627 643 643 643 627 627 627 626 626 626 629 629 629 628 628 628 643 643 643 643 643 643 613 613 613 644 644 644 609 609 609 642 642 642 610 610 610 665 665 665 652 652 652 658 658 658 645 645 645 658 658 658 652 652 652 657 657 657 665 665 665 658 658 658 652 652 652 665 665 665 653 653 653 653 653 653 666 666 666 654 654 654 646 646 646 664 664 664 657 657 657 664 664 664 665 665 665 657 657 657 666 666 666 663 663 663 662 662 662 667 667 667 662 662 662 668 668 668 663 663 663 666 666 666 665 665 665 668 668 668 655 655 655 654 654 654 655 655 655 668 668 668 669 669 669 655 655 655 669 669 669 656 656 656 648 648 648 647 647 647 651 651 651 670 670 670 651 651 651 656 656 656 651 651 651 670 670 670 648 648 648 660 660 660 669 669 669 661 661 661 670 670 670 669 669 669 660 660 660 659 659 659 649 649 649 670 670 670 648 648 648 670 670 670 649 649 649 649 649 649 659 659 659 650 650 650 660 660 660 659 659 659 670 670 670 670 670 670 656 656 656 669 669 669 691 691 691 677 677 677 684 684 684 671 671 671 684 684 684 677 677 677 683 683 683 691 691 691 684 684 684 691 691 691 678 678 678 677 677 677 692 692 692 678 678 678 691 691 691 679 679 679 678 678 678 692 692 692 672 672 672 690 690 690 683 683 683 690 690 690 691 691 691 683 683 683 688 688 688 693 693 693 692 692 692 679 679 679 692 692 692 693 693 693 692 692 692 689 689 689 688 688 688 688 688 688 687 687 687 693 693 693 691 691 691 690 690 690 689 689 689 691 691 691 689 689 689 692 692 692 693 693 693 680 680 680 679 679 679 680 680 680 695 695 695 681 681 681 693 693 693 687 687 687 695 695 695 675 675 675 674 674 674 682 682 682 681 681 681 694 694 694 682 682 682 675 675 675 682 682 682 696 696 696 686 686 686 694 694 694 695 695 695 685 685 685 696 696 696 694 694 694 685 685 685 676 676 676 696 696 696 675 675 675 696 696 696 676 676 676 676 676 676 685 685 685 673 673 673 680 680 680 693 693 693 695 695 695 698 698 698 702 702 702 701 701 701 700 700 700 697 697 697 701 701 701 698 698 698 699 699 699 702 702 702 708 708 708 707 707 707 704 704 704 709 709 709 708 708 708 705 705 705 711 711 711 710 710 710 708 708 708 712 712 712 711 711 711 709 709 709 704 704 704 714 714 714 720 720 720 704 704 704 720 720 720 719 719 719 714 714 714 704 704 704 715 715 715 704 704 704 719 719 719 705 705 705 717 717 717 705 705 705 718 718 718 706 706 706 717 717 717 716 716 716 722 722 722 706 706 706 703 703 703 716 716 716 703 703 703 706 706 706 706 706 706 722 722 722 709 709 709 717 717 717 706 706 706 705 705 705 715 715 715 704 704 704 707 707 707 710 710 710 715 715 715 707 707 707 711 711 711 725 725 725 724 724 724 710 710 710 723 723 723 713 713 713 710 710 710 724 724 724 723 723 723 710 710 710 713 713 713 715 715 715 726 726 726 725 725 725 711 711 711 712 712 712 726 726 726 711 711 711 721 721 721 712 712 712 722 722 722 712 712 712 727 727 727 726 726 726 712 712 712 721 721 721 727 727 727 733 733 733 730 730 730 732 732 732 734 734 734 731 731 731 733 733 733 736 736 736 733 733 733 735 735 735 737 737 737 734 734 734 733 733 733 750 750 750 748 748 748 749 749 749 729 729 729 747 747 747 748 748 748 732 732 732 729 729 729 750 750 750 748 748 748 750 750 750 729 729 729 751 751 751 732 732 732 750 750 750 729 729 729 730 730 730 747 747 747 730 730 730 745 745 745 746 746 746 731 731 731 744 744 744 745 745 745 731 731 731 754 754 754 744 744 744 754 754 754 728 728 728 744 744 744 754 754 754 731 731 731 734 734 734 730 730 730 731 731 731 745 745 745 738 738 738 735 735 735 751 751 751 736 736 736 735 735 735 740 740 740 735 735 735 738 738 738 739 739 739 735 735 735 739 739 739 740 740 740 753 753 753 734 734 734 737 737 737 752 752 752 753 753 753 737 737 737 754 754 754 734 734 734 753 753 753 737 737 737 736 736 736 742 742 742 737 737 737 743 743 743 752 752 752 737 737 737 742 742 742 743 743 743 751 751 751 735 735 735 732 732 732 759 759 759 758 758 758 755 755 755 760 760 760 759 759 759 756 756 756 762 762 762 761 761 761 758 758 758 763 763 763 762 762 762 759 759 759 755 755 755 765 765 765 772 772 772 755 755 755 772 772 772 771 771 771 755 755 755 771 771 771 756 756 756 755 755 755 758 758 758 766 766 766 766 766 766 765 765 765 755 755 755 757 757 757 769 769 769 768 768 768 757 757 757 768 768 768 767 767 767 773 773 773 760 760 760 757 757 757 756 756 756 770 770 770 769 769 769 774 774 774 766 766 766 761 761 761 762 762 762 777 777 777 776 776 776 761 761 761 775 775 775 774 774 774 761 761 761 776 776 776 775 775 775 763 763 763 773 773 773 764 764 764 763 763 763 760 760 760 773 773 773 777 777 777 762 762 762 778 778 778 763 763 763 779 779 779 778 778 778 763 763 763 764 764 764 779 779 779 761 761 761 766 766 766 758 758 758 785 785 785 782 782 782 784 784 784 786 786 786 783 783 783 785 785 785 788 788 788 785 785 785 784 784 784 789 789 789 786 786 786 785 785 785 796 796 796 794 794 794 795 795 795 781 781 781 793 793 793 794 794 794 784 784 784 781 781 781 796 796 796 794 794 794 796 796 796 781 781 781 781 781 781 782 782 782 793 793 793 791 791 791 792 792 792 782 782 782 783 783 783 790 790 790 791 791 791 783 783 783 786 786 786 808 808 808 783 783 783 791 791 791 782 782 782 808 808 808 780 780 780 790 790 790 783 783 783 808 808 808 790 790 790 797 797 797 798 798 798 787 787 787 788 788 788 787 787 787 801 801 801 800 800 800 798 798 798 799 799 799 800 800 800 801 801 801 787 787 787 798 798 798 800 800 800 787 787 787 806 806 806 807 807 807 789 789 789 804 804 804 806 806 806 789 789 789 789 789 789 788 788 788 803 803 803 806 806 806 804 804 804 805 805 805 789 789 789 803 803 803 804 804 804 813 813 813 812 812 812 810 810 810 814 814 814 813 813 813 811 811 811 816 816 816 815 815 815 812 812 812 817 817 817 816 816 816 813 813 813 822 822 822 821 821 821 839 839 839 809 809 809 839 839 839 838 838 838 822 822 822 809 809 809 823 823 823 809 809 809 838 838 838 810 810 810 812 812 812 824 824 824 823 823 823 839 839 839 809 809 809 822 822 822 810 810 810 837 837 837 836 836 836 829 829 829 835 835 835 834 834 834 835 835 835 811 811 811 836 836 836 835 835 835 829 829 829 811 811 811 828 828 828 814 814 814 811 811 811 810 810 810 836 836 836 811 811 811 824 824 824 812 812 812 815 815 815 816 816 816 819 819 819 831 831 831 830 830 830 818 818 818 825 825 825 830 830 830 815 815 815 831 831 831 825 825 825 815 815 815 830 830 830 814 814 814 827 827 827 817 817 817 826 826 826 833 833 833 817 817 817 828 828 828 827 827 827 814 814 814 817 817 817 832 832 832 816 816 816 826 826 826 820 820 820 833 833 833 817 817 817 833 833 833 832 832 832 846 846 846 845 845 845 843 843 843 847 847 847 846 846 846 844 844 844 849 849 849 848 848 848 845 845 845 850 850 850 849 849 849 846 846 846 851 851 851 840 840 840 870 870 870 842 842 842 870 870 870 869 869 869 851 851 851 842 842 842 852 852 852 842 842 842 869 869 869 843 843 843 845 845 845 853 853 853 852 852 852 870 870 870 842 842 842 851 851 851 867 867 867 844 844 844 843 843 843 859 859 859 866 866 866 841 841 841 866 866 866 844 844 844 867 867 867 866 866 866 859 859 859 844 844 844 858 858 858 847 847 847 844 844 844 853 853 853 845 845 845 848 848 848 861 861 861 854 854 854 848 848 848 854 854 854 861 861 861 860 860 860 849 849 849 863 863 863 862 862 862 848 848 848 862 862 862 861 861 861 856 856 856 850 850 850 857 857 857 847 847 847 857 857 857 850 850 850 850 850 850 864 864 864 849 849 849 858 858 858 857 857 857 847 847 847 850 850 850 856 856 856 865 865 865 865 865 865 856 856 856 855 855 855 864 864 864 850 850 850 865 865 865 876 876 876 873 873 873 875 875 875 877 877 877 874 874 874 873 873 873 879 879 879 876 876 876 875 875 875 880 880 880 877 877 877 876 876 876 886 886 886 884 884 884 885 885 885 871 871 871 884 884 884 872 872 872 872 872 872 886 886 886 887 887 887 875 875 875 872 872 872 887 887 887 884 884 884 886 886 886 872 872 872 882 882 882 883 883 883 899 899 899 874 874 874 899 899 899 883 883 883 873 873 873 874 874 874 883 883 883 874 874 874 877 877 877 898 898 898 899 899 899 874 874 874 898 898 898 878 878 878 875 875 875 889 889 889 890 890 890 878 878 878 889 889 889 892 892 892 890 890 890 891 891 891 892 892 892 893 893 893 879 879 879 890 890 890 892 892 892 878 878 878 877 877 877 880 880 880 896 896 896 895 895 895 896 896 896 880 880 880 880 880 880 894 894 894 895 895 895 894 894 894 881 881 881 895 895 895 893 893 893 894 894 894 880 880 880 905 905 905 902 902 902 901 901 901 906 906 906 903 903 903 905 905 905 908 908 908 905 905 905 904 904 904 909 909 909 906 906 906 908 908 908 919 919 919 917 917 917 918 918 918 916 916 916 917 917 917 902 902 902 901 901 901 919 919 919 920 920 920 904 904 904 901 901 901 920 920 920 917 917 917 919 919 919 901 901 901 900 900 900 915 915 915 928 928 928 903 903 903 928 928 928 915 915 915 902 902 902 903 903 903 916 916 916 903 903 903 906 906 906 927 927 927 928 928 928 903 903 903 927 927 927 907 907 907 904 904 904 922 922 922 923 923 923 907 907 907 922 922 922 912 912 912 923 923 923 911 911 911 912 912 912 913 913 913 908 908 908 923 923 923 912 912 912 907 907 907 906 906 906 909 909 909 925 925 925 924 924 924 909 909 909 914 914 914 909 909 909 908 908 908 914 914 914 914 914 914 910 910 910 924 924 924 925 925 925 909 909 909 924 924 924 937 937 937 933 933 933 932 932 932 938 938 938 934 934 934 937 937 937 940 940 940 937 937 937 936 936 936 941 941 941 938 938 938 937 937 937 957 957 957 929 929 929 948 948 948 932 932 932 956 956 956 957 957 957 935 935 935 936 936 936 932 932 932 932 932 932 933 933 933 956 956 956 939 939 939 936 936 936 935 935 935 933 933 933 955 955 955 930 930 930 934 934 934 954 954 954 955 955 955 934 934 934 947 947 947 954 954 954 947 947 947 931 931 931 954 954 954 946 946 946 947 947 947 938 938 938 933 933 933 934 934 934 955 955 955 940 940 940 939 939 939 951 951 951 949 949 949 950 950 950 939 939 939 949 949 949 942 942 942 950 950 950 939 939 939 950 950 950 951 951 951 952 952 952 940 940 940 943 943 943 938 938 938 941 941 941 945 945 945 941 941 941 953 953 953 945 945 945 953 953 953 944 944 944 945 945 945 952 952 952 953 953 953 941 941 941 941 941 941 940 940 940 952 952 952 964 964 964 961 961 961 960 960 960 965 965 965 962 962 962 964 964 964 967 967 967 964 964 964 966 966 966 968 968 968 965 965 965 964 964 964 987 987 987 960 960 960 997 997 997 961 961 961 995 995 995 996 996 996 997 997 997 960 960 960 996 996 996 960 960 960 961 961 961 996 996 996 987 987 987 997 997 997 958 958 958 987 987 987 988 988 988 963 963 963 966 966 966 963 963 963 989 989 989 967 967 967 966 966 966 999 999 999 994 994 994 995 995 995 961 961 961 993 993 993 994 994 994 962 962 962 959 959 959 993 993 993 992 992 992 962 962 962 992 992 992 993 993 993 991 991 991 992 992 992 962 962 962 965 965 965 968 968 968 990 990 990 984 984 984 985 985 985 968 968 968 985 985 985 986 986 986 968 968 968 986 986 986 990 990 990 968 968 968 968 968 968 967 967 967 1001 1001 1001 1002 1002 1002 968 968 968 1001 1001 1001 973 973 973 1002 1002 1002 972 972 972 972 972 972 1002 1002 1002 971 971 971 989 989 989 969 969 969 998 998 998 1002 1002 1002 973 973 973 974 974 974 998 998 998 999 999 999 966 966 966 968 968 968 1002 1002 1002 976 976 976 971 971 971 1002 1002 1002 970 970 970 980 980 980 981 981 981 968 968 968 983 983 983 984 984 984 968 968 968 982 982 982 983 983 983 968 968 968 981 981 981 982 982 982 968 968 968 1002 1002 1002 975 975 975 976 976 976 1002 1002 1002 974 974 974 975 975 975 978 978 978 979 979 979 968 968 968 977 977 977 978 978 978 968 968 968 976 976 976 977 977 977 968 968 968 980 980 980 968 968 968 979 979 979 966 966 966 989 989 989 998 998 998 1008 1008 1008 1005 1005 1005 1004 1004 1004 1009 1009 1009 1006 1006 1006 1005 1005 1005 1011 1011 1011 1008 1008 1008 1010 1010 1010 1012 1012 1012 1009 1009 1009 1011 1011 1011 1014 1014 1014 1011 1011 1011 1013 1013 1013 1015 1015 1015 1012 1012 1012 1014 1014 1014 1017 1017 1017 1014 1014 1014 1013 1013 1013 1018 1018 1018 1015 1015 1015 1014 1014 1014 1020 1020 1020 1017 1017 1017 1019 1019 1019 1021 1021 1021 1018 1018 1018 1017 1017 1017 1023 1023 1023 1020 1020 1020 1022 1022 1022 1024 1024 1024 1021 1021 1021 1020 1020 1020 1026 1026 1026 1023 1023 1023 1022 1022 1022 1027 1027 1027 1024 1024 1024 1023 1023 1023 1029 1029 1029 1026 1026 1026 1025 1025 1025 1030 1030 1030 1027 1027 1027 1029 1029 1029 1032 1032 1032 1029 1029 1029 1028 1028 1028 1033 1033 1033 1030 1030 1030 1032 1032 1032 1035 1035 1035 1032 1032 1032 1031 1031 1031 1036 1036 1036 1033 1033 1033 1035 1035 1035 1038 1038 1038 1035 1035 1035 1034 1034 1034 1039 1039 1039 1036 1036 1036 1038 1038 1038 1041 1041 1041 1038 1038 1038 1037 1037 1037 1042 1042 1042 1039 1039 1039 1041 1041 1041 1044 1044 1044 1041 1041 1041 1040 1040 1040 1045 1045 1045 1042 1042 1042 1044 1044 1044 1047 1047 1047 1044 1044 1044 1043 1043 1043 1048 1048 1048 1045 1045 1045 1047 1047 1047 1050 1050 1050 1047 1047 1047 1046 1046 1046 1051 1051 1051 1048 1048 1048 1047 1047 1047 1056 1056 1056 1003 1003 1003 1078 1078 1078 1010 1010 1010 1079 1079 1079 1080 1080 1080 1080 1080 1080 1081 1081 1081 1010 1010 1010 1007 1007 1007 1078 1078 1078 1079 1079 1079 1007 1007 1007 1004 1004 1004 1078 1078 1078 1010 1010 1010 1007 1007 1007 1079 1079 1079 1013 1013 1013 1081 1081 1081 1082 1082 1082 1016 1016 1016 1082 1082 1082 1083 1083 1083 1019 1019 1019 1084 1084 1084 1085 1085 1085 1022 1022 1022 1085 1085 1085 1086 1086 1086 1083 1083 1083 1084 1084 1084 1019 1019 1019 1086 1086 1086 1087 1087 1087 1025 1025 1025 1085 1085 1085 1022 1022 1022 1019 1019 1019 1088 1088 1088 1025 1025 1025 1087 1087 1087 1013 1013 1013 1082 1082 1082 1016 1016 1016 1009 1009 1009 1012 1012 1012 1076 1076 1076 1077 1077 1077 1053 1053 1053 1054 1054 1054 1009 1009 1009 1077 1077 1077 1054 1054 1054 1075 1075 1075 1076 1076 1076 1012 1012 1012 1015 1015 1015 1018 1018 1018 1074 1074 1074 1021 1021 1021 1024 1024 1024 1072 1072 1072 1018 1018 1018 1021 1021 1021 1073 1073 1073 1073 1073 1073 1074 1074 1074 1018 1018 1018 1070 1070 1070 1071 1071 1071 1027 1027 1027 1027 1027 1027 1030 1030 1030 1070 1070 1070 1088 1088 1088 1028 1028 1028 1025 1025 1025 1089 1089 1089 1090 1090 1090 1031 1031 1031 1034 1034 1034 1091 1091 1091 1092 1092 1092 1037 1037 1037 1092 1092 1092 1093 1093 1093 1090 1090 1090 1091 1091 1091 1031 1031 1031 1034 1034 1034 1092 1092 1092 1037 1037 1037 1040 1040 1040 1037 1037 1037 1094 1094 1094 1088 1088 1088 1089 1089 1089 1028 1028 1028 1043 1043 1043 1095 1095 1095 1096 1096 1096 1046 1046 1046 1097 1097 1097 1098 1098 1098 1049 1049 1049 1098 1098 1098 1099 1099 1099 1096 1096 1096 1097 1097 1097 1046 1046 1046 1043 1043 1043 1040 1040 1040 1095 1095 1095 1049 1049 1049 1099 1099 1099 1057 1057 1057 1098 1098 1098 1049 1049 1049 1046 1046 1046 1057 1057 1057 1058 1058 1058 1049 1049 1049 1057 1057 1057 1099 1099 1099 1052 1052 1052 1030 1030 1030 1033 1033 1033 1068 1068 1068 1036 1036 1036 1039 1039 1039 1066 1066 1066 1039 1039 1039 1042 1042 1042 1065 1065 1065 1033 1033 1033 1036 1036 1036 1067 1067 1067 1065 1065 1065 1042 1042 1042 1064 1064 1064 1045 1045 1045 1048 1048 1048 1063 1063 1063 1051 1051 1051 1050 1050 1050 1059 1059 1059 1048 1048 1048 1051 1051 1051 1062 1062 1062 1063 1063 1063 1064 1064 1064 1045 1045 1045 1060 1060 1060 1061 1061 1061 1059 1059 1059 1059 1059 1059 1061 1061 1061 1051 1051 1051 1042 1042 1042 1045 1045 1045 1064 1064 1064 1109 1109 1109 1102 1102 1102 1108 1108 1108 1110 1110 1110 1103 1103 1103 1109 1109 1109 1111 1111 1111 1104 1104 1104 1110 1110 1110 1112 1112 1112 1105 1105 1105 1104 1104 1104 1113 1113 1113 1106 1106 1106 1105 1105 1105 1114 1114 1114 1107 1107 1107 1113 1113 1113 1116 1116 1116 1109 1109 1109 1115 1115 1115 1117 1117 1117 1110 1110 1110 1116 1116 1116 1118 1118 1118 1111 1111 1111 1117 1117 1117 1119 1119 1119 1112 1112 1112 1118 1118 1118 1120 1120 1120 1113 1113 1113 1112 1112 1112 1121 1121 1121 1114 1114 1114 1120 1120 1120 1123 1123 1123 1116 1116 1116 1122 1122 1122 1124 1124 1124 1117 1117 1117 1116 1116 1116 1125 1125 1125 1118 1118 1118 1124 1124 1124 1126 1126 1126 1119 1119 1119 1125 1125 1125 1127 1127 1127 1120 1120 1120 1119 1119 1119 1128 1128 1128 1121 1121 1121 1127 1127 1127 1130 1130 1130 1123 1123 1123 1122 1122 1122 1131 1131 1131 1124 1124 1124 1123 1123 1123 1132 1132 1132 1125 1125 1125 1131 1131 1131 1133 1133 1133 1126 1126 1126 1132 1132 1132 1134 1134 1134 1127 1127 1127 1133 1133 1133 1135 1135 1135 1128 1128 1128 1127 1127 1127 1137 1137 1137 1130 1130 1130 1129 1129 1129 1138 1138 1138 1131 1131 1131 1130 1130 1130 1139 1139 1139 1132 1132 1132 1131 1131 1131 1140 1140 1140 1133 1133 1133 1132 1132 1132 1141 1141 1141 1134 1134 1134 1140 1140 1140 1142 1142 1142 1135 1135 1135 1141 1141 1141 1144 1144 1144 1137 1137 1137 1143 1143 1143 1145 1145 1145 1138 1138 1138 1144 1144 1144 1146 1146 1146 1139 1139 1139 1138 1138 1138 1147 1147 1147 1140 1140 1140 1139 1139 1139 1148 1148 1148 1141 1141 1141 1147 1147 1147 1149 1149 1149 1142 1142 1142 1148 1148 1148 1101 1101 1101 1186 1186 1186 1100 1100 1100 1186 1186 1186 1101 1101 1101 1102 1102 1102 1199 1199 1199 1101 1101 1101 1198 1198 1198 1198 1198 1198 1101 1101 1101 1100 1100 1100 1103 1103 1103 1186 1186 1186 1102 1102 1102 1105 1105 1105 1180 1180 1180 1181 1181 1181 1179 1179 1179 1180 1180 1180 1105 1105 1105 1181 1181 1181 1185 1185 1185 1105 1105 1105 1103 1103 1103 1104 1104 1104 1185 1185 1185 1103 1103 1103 1185 1185 1185 1186 1186 1186 1200 1200 1200 1108 1108 1108 1199 1199 1199 1200 1200 1200 1201 1201 1201 1108 1108 1108 1202 1202 1202 1115 1115 1115 1201 1201 1201 1122 1122 1122 1115 1115 1115 1202 1202 1202 1179 1179 1179 1105 1105 1105 1106 1106 1106 1199 1199 1199 1108 1108 1108 1101 1101 1101 1178 1178 1178 1179 1179 1179 1106 1106 1106 1177 1177 1177 1178 1178 1178 1106 1106 1106 1175 1175 1175 1176 1176 1176 1106 1106 1106 1174 1174 1174 1175 1175 1175 1106 1106 1106 1177 1177 1177 1106 1106 1106 1176 1176 1176 1107 1107 1107 1172 1172 1172 1173 1173 1173 1107 1107 1107 1170 1170 1170 1171 1171 1171 1107 1107 1107 1169 1169 1169 1170 1170 1170 1171 1171 1171 1172 1172 1172 1107 1107 1107 1173 1173 1173 1174 1174 1174 1107 1107 1107 1107 1107 1107 1167 1167 1167 1168 1168 1168 1169 1169 1169 1107 1107 1107 1168 1168 1168 1107 1107 1107 1114 1114 1114 1194 1194 1194 1114 1114 1114 1121 1121 1121 1193 1193 1193 1174 1174 1174 1106 1106 1106 1107 1107 1107 1121 1121 1121 1128 1128 1128 1192 1192 1192 1107 1107 1107 1194 1194 1194 1167 1167 1167 1190 1190 1190 1191 1191 1191 1128 1128 1128 1129 1129 1129 1122 1122 1122 1204 1204 1204 1136 1136 1136 1205 1205 1205 1195 1195 1195 1195 1195 1195 1196 1196 1196 1136 1136 1136 1129 1129 1129 1204 1204 1204 1205 1205 1205 1205 1205 1205 1136 1136 1136 1129 1129 1129 1183 1183 1183 1144 1144 1144 1143 1143 1143 1183 1183 1183 1145 1145 1145 1144 1144 1144 1143 1143 1143 1196 1196 1196 1197 1197 1197 1145 1145 1145 1183 1183 1183 1184 1184 1184 1182 1182 1182 1143 1143 1143 1197 1197 1197 1182 1182 1182 1183 1183 1183 1143 1143 1143 1145 1145 1145 1184 1184 1184 1146 1146 1146 1147 1147 1147 1146 1146 1146 1184 1184 1184 1151 1151 1151 1148 1148 1148 1147 1147 1147 1148 1148 1148 1151 1151 1151 1152 1152 1152 1147 1147 1147 1150 1150 1150 1151 1151 1151 1150 1150 1150 1147 1147 1147 1184 1184 1184 1153 1153 1153 1148 1148 1148 1152 1152 1152 1135 1135 1135 1142 1142 1142 1189 1189 1189 1165 1165 1165 1149 1149 1149 1164 1164 1164 1163 1163 1163 1164 1164 1164 1149 1149 1149 1142 1142 1142 1149 1149 1149 1188 1188 1188 1149 1149 1149 1165 1165 1165 1188 1188 1188 1187 1187 1187 1188 1188 1188 1166 1166 1166 1165 1165 1165 1166 1166 1166 1188 1188 1188 1157 1157 1157 1158 1158 1158 1148 1148 1148 1156 1156 1156 1148 1148 1148 1155 1155 1155 1154 1154 1154 1155 1155 1155 1148 1148 1148 1157 1157 1157 1148 1148 1148 1156 1156 1156 1149 1149 1149 1162 1162 1162 1163 1163 1163 1149 1149 1149 1161 1161 1161 1162 1162 1162 1149 1149 1149 1159 1159 1159 1160 1160 1160 1149 1149 1149 1158 1158 1158 1159 1159 1159 1160 1160 1160 1161 1161 1161 1149 1149 1149 1148 1148 1148 1158 1158 1158 1149 1149 1149 1148 1148 1148 1153 1153 1153 1154 1154 1154 1212 1212 1212 1209 1209 1209 1211 1211 1211 1213 1213 1213 1210 1210 1210 1212 1212 1212 1215 1215 1215 1212 1212 1212 1214 1214 1214 1216 1216 1216 1213 1213 1213 1212 1212 1212 1234 1234 1234 1222 1222 1222 1207 1207 1207 1208 1208 1208 1233 1233 1233 1234 1234 1234 1207 1207 1207 1223 1223 1223 1211 1211 1211 1208 1208 1208 1209 1209 1209 1233 1233 1233 1223 1223 1223 1224 1224 1224 1211 1211 1211 1209 1209 1209 1231 1231 1231 1232 1232 1232 1210 1210 1210 1230 1230 1230 1231 1231 1231 1210 1210 1210 1221 1221 1221 1230 1230 1230 1221 1221 1221 1210 1210 1210 1220 1220 1220 1209 1209 1209 1210 1210 1210 1231 1231 1231 1225 1225 1225 1214 1214 1214 1224 1224 1224 1215 1215 1215 1214 1214 1214 1226 1226 1226 1224 1224 1224 1217 1217 1217 1225 1225 1225 1214 1214 1214 1225 1225 1225 1226 1226 1226 1228 1228 1228 1215 1215 1215 1227 1227 1227 1220 1220 1220 1213 1213 1213 1216 1216 1216 1219 1219 1219 1216 1216 1216 1229 1229 1229 1228 1228 1228 1229 1229 1229 1216 1216 1216 1216 1216 1216 1215 1215 1215 1228 1228 1228 1240 1240 1240 1237 1237 1237 1239 1239 1239 1241 1241 1241 1238 1238 1238 1237 1237 1237 1244 1244 1244 1240 1240 1240 1239 1239 1239 1245 1245 1245 1241 1241 1241 1240 1240 1240 1259 1259 1259 1260 1260 1260 1261 1261 1261 1258 1258 1258 1259 1259 1259 1236 1236 1236 1261 1261 1261 1236 1236 1236 1259 1259 1259 1236 1236 1236 1237 1237 1237 1258 1258 1258 1261 1261 1261 1262 1262 1262 1236 1236 1236 1262 1262 1262 1263 1263 1263 1239 1239 1239 1243 1243 1243 1263 1263 1263 1264 1264 1264 1256 1256 1256 1257 1257 1257 1237 1237 1237 1254 1254 1254 1235 1235 1235 1255 1255 1255 1256 1256 1256 1238 1238 1238 1255 1255 1255 1238 1238 1238 1254 1254 1254 1255 1255 1255 1242 1242 1242 1254 1254 1254 1238 1238 1238 1242 1242 1242 1241 1241 1241 1246 1246 1246 1245 1245 1245 1244 1244 1244 1252 1252 1252 1244 1244 1244 1243 1243 1243 1250 1250 1250 1265 1265 1265 1266 1266 1266 1243 1243 1243 1268 1268 1268 1269 1269 1269 1243 1243 1243 1267 1267 1267 1268 1268 1268 1243 1243 1243 1266 1266 1266 1267 1267 1267 1243 1243 1243 1243 1243 1243 1270 1270 1270 1249 1249 1249 1249 1249 1249 1272 1272 1272 1273 1273 1273 1249 1249 1249 1271 1271 1271 1272 1272 1272 1249 1249 1249 1270 1270 1270 1271 1271 1271 1270 1270 1270 1243 1243 1243 1269 1269 1269 1275 1275 1275 1276 1276 1276 1249 1249 1249 1249 1249 1249 1274 1274 1274 1275 1275 1275 1248 1248 1248 1249 1249 1249 1276 1276 1276 1249 1249 1249 1273 1273 1273 1274 1274 1274 1250 1250 1250 1243 1243 1243 1249 1249 1249 1246 1246 1246 1245 1245 1245 1253 1253 1253 1252 1252 1252 1253 1253 1253 1245 1245 1245 1243 1243 1243 1264 1264 1264 1265 1265 1265 1281 1281 1281 1278 1278 1278 1280 1280 1280 1282 1282 1282 1279 1279 1279 1278 1278 1278 1284 1284 1284 1281 1281 1281 1280 1280 1280 1285 1285 1285 1282 1282 1282 1281 1281 1281 1294 1294 1294 1295 1295 1295 1296 1296 1296 1277 1277 1277 1294 1294 1294 1296 1296 1296 1280 1280 1280 1277 1277 1277 1297 1297 1297 1296 1296 1296 1297 1297 1297 1277 1277 1277 1277 1277 1277 1278 1278 1278 1294 1294 1294 1292 1292 1292 1293 1293 1293 1278 1278 1278 1305 1305 1305 1291 1291 1291 1292 1292 1292 1279 1279 1279 1282 1282 1282 1304 1304 1304 1279 1279 1279 1304 1304 1304 1305 1305 1305 1292 1292 1292 1279 1279 1279 1305 1305 1305 1283 1283 1283 1280 1280 1280 1299 1299 1299 1300 1300 1300 1283 1283 1283 1299 1299 1299 1288 1288 1288 1300 1300 1300 1286 1286 1286 1288 1288 1288 1289 1289 1289 1284 1284 1284 1300 1300 1300 1288 1288 1288 1283 1283 1283 1302 1302 1302 1303 1303 1303 1282 1282 1282 1301 1301 1301 1302 1302 1302 1285 1285 1285 1285 1285 1285 1290 1290 1290 1301 1301 1301 1290 1290 1290 1287 1287 1287 1301 1301 1301 1289 1289 1289 1290 1290 1290 1285 1285 1285 1311 1311 1311 1308 1308 1308 1307 1307 1307 1312 1312 1312 1309 1309 1309 1308 1308 1308 1314 1314 1314 1311 1311 1311 1313 1313 1313 1315 1315 1315 1312 1312 1312 1314 1314 1314 1325 1325 1325 1323 1323 1323 1324 1324 1324 1322 1322 1322 1323 1323 1323 1307 1307 1307 1307 1307 1307 1325 1325 1325 1326 1326 1326 1310 1310 1310 1307 1307 1307 1326 1326 1326 1323 1323 1323 1325 1325 1325 1307 1307 1307 1306 1306 1306 1321 1321 1321 1334 1334 1334 1309 1309 1309 1334 1334 1334 1321 1321 1321 1308 1308 1308 1309 1309 1309 1321 1321 1321 1332 1332 1332 1333 1333 1333 1312 1312 1312 1309 1309 1309 1312 1312 1312 1333 1333 1333 1334 1334 1334 1309 1309 1309 1333 1333 1333 1313 1313 1313 1310 1310 1310 1328 1328 1328 1329 1329 1329 1313 1313 1313 1328 1328 1328 1318 1318 1318 1329 1329 1329 1317 1317 1317 1318 1318 1318 1319 1319 1319 1314 1314 1314 1329 1329 1329 1318 1318 1318 1313 1313 1313 1331 1331 1331 1332 1332 1332 1312 1312 1312 1330 1330 1330 1315 1315 1315 1320 1320 1320 1315 1315 1315 1314 1314 1314 1320 1320 1320 1320 1320 1320 1316 1316 1316 1330 1330 1330 1331 1331 1331 1315 1315 1315 1330 1330 1330 1342 1342 1342 1336 1336 1336 1341 1341 1341 1343 1343 1343 1337 1337 1337 1336 1336 1336 1344 1344 1344 1338 1338 1338 1343 1343 1343 1345 1345 1345 1339 1339 1339 1338 1338 1338 1346 1346 1346 1340 1340 1340 1345 1345 1345 1348 1348 1348 1342 1342 1342 1347 1347 1347 1349 1349 1349 1343 1343 1343 1342 1342 1342 1350 1350 1350 1344 1344 1344 1343 1343 1343 1351 1351 1351 1345 1345 1345 1350 1350 1350 1352 1352 1352 1346 1346 1346 1345 1345 1345 1354 1354 1354 1348 1348 1348 1353 1353 1353 1355 1355 1355 1349 1349 1349 1348 1348 1348 1356 1356 1356 1350 1350 1350 1349 1349 1349 1357 1357 1357 1351 1351 1351 1356 1356 1356 1358 1358 1358 1352 1352 1352 1351 1351 1351 1360 1360 1360 1354 1354 1354 1359 1359 1359 1361 1361 1361 1355 1355 1355 1354 1354 1354 1362 1362 1362 1356 1356 1356 1361 1361 1361 1363 1363 1363 1357 1357 1357 1362 1362 1362 1364 1364 1364 1358 1358 1358 1363 1363 1363 1366 1366 1366 1360 1360 1360 1365 1365 1365 1367 1367 1367 1361 1361 1361 1366 1366 1366 1368 1368 1368 1362 1362 1362 1361 1361 1361 1369 1369 1369 1363 1363 1363 1362 1362 1362 1370 1370 1370 1364 1364 1364 1369 1369 1369 1372 1372 1372 1366 1366 1366 1371 1371 1371 1373 1373 1373 1367 1367 1367 1366 1366 1366 1374 1374 1374 1368 1368 1368 1367 1367 1367 1375 1375 1375 1369 1369 1369 1368 1368 1368 1376 1376 1376 1370 1370 1370 1375 1375 1375 1378 1378 1378 1372 1372 1372 1377 1377 1377 1379 1379 1379 1373 1373 1373 1372 1372 1372 1380 1380 1380 1374 1374 1374 1373 1373 1373 1375 1375 1375 1374 1374 1374 1380 1380 1380 1382 1382 1382 1378 1378 1378 1381 1381 1381 1383 1383 1383 1379 1379 1379 1378 1378 1378 1384 1384 1384 1380 1380 1380 1383 1383 1383 1380 1380 1380 1384 1384 1384 1385 1385 1385 1388 1388 1388 1382 1382 1382 1387 1387 1387 1389 1389 1389 1383 1383 1383 1382 1382 1382 1390 1390 1390 1384 1384 1384 1389 1389 1389 1391 1391 1391 1385 1385 1385 1384 1384 1384 1392 1392 1392 1386 1386 1386 1391 1391 1391 1394 1394 1394 1388 1388 1388 1393 1393 1393 1395 1395 1395 1389 1389 1389 1388 1388 1388 1396 1396 1396 1390 1390 1390 1389 1389 1389 1397 1397 1397 1391 1391 1391 1390 1390 1390 1398 1398 1398 1392 1392 1392 1391 1391 1391 1400 1400 1400 1394 1394 1394 1399 1399 1399 1401 1401 1401 1395 1395 1395 1394 1394 1394 1402 1402 1402 1396 1396 1396 1401 1401 1401 1403 1403 1403 1397 1397 1397 1396 1396 1396 1404 1404 1404 1398 1398 1398 1397 1397 1397 1406 1406 1406 1400 1400 1400 1405 1405 1405 1407 1407 1407 1401 1401 1401 1400 1400 1400 1408 1408 1408 1402 1402 1402 1407 1407 1407 1409 1409 1409 1403 1403 1403 1402 1402 1402 1410 1410 1410 1404 1404 1404 1409 1409 1409 1412 1412 1412 1406 1406 1406 1405 1405 1405 1413 1413 1413 1407 1407 1407 1406 1406 1406 1414 1414 1414 1408 1408 1408 1413 1413 1413 1415 1415 1415 1409 1409 1409 1408 1408 1408 1416 1416 1416 1410 1410 1410 1415 1415 1415 1418 1418 1418 1412 1412 1412 1411 1411 1411 1419 1419 1419 1413 1413 1413 1418 1418 1418 1420 1420 1420 1414 1414 1414 1419 1419 1419 1421 1421 1421 1415 1415 1415 1420 1420 1420 1422 1422 1422 1416 1416 1416 1415 1415 1415 1335 1335 1335 1443 1443 1443 1497 1497 1497 1442 1442 1442 1443 1443 1443 1336 1336 1336 1498 1498 1498 1335 1335 1335 1497 1497 1497 1341 1341 1341 1335 1335 1335 1499 1499 1499 1443 1443 1443 1335 1335 1335 1336 1336 1336 1498 1498 1498 1499 1499 1499 1335 1335 1335 1338 1338 1338 1442 1442 1442 1337 1337 1337 1338 1338 1338 1439 1439 1439 1440 1440 1440 1339 1339 1339 1437 1437 1437 1438 1438 1438 1438 1438 1438 1439 1439 1439 1339 1339 1339 1437 1437 1437 1339 1339 1339 1436 1436 1436 1339 1339 1339 1435 1435 1435 1436 1436 1436 1339 1339 1339 1434 1434 1434 1435 1435 1435 1433 1433 1433 1434 1434 1434 1339 1339 1339 1338 1338 1338 1339 1339 1339 1439 1439 1439 1338 1338 1338 1440 1440 1440 1442 1442 1442 1347 1347 1347 1341 1341 1341 1479 1479 1479 1480 1480 1480 1481 1481 1481 1353 1353 1353 1347 1347 1347 1479 1479 1479 1480 1480 1480 1481 1481 1481 1482 1482 1482 1359 1359 1359 1484 1484 1484 1365 1365 1365 1483 1483 1483 1484 1484 1484 1485 1485 1485 1371 1371 1371 1483 1483 1483 1359 1359 1359 1482 1482 1482 1485 1485 1485 1486 1486 1486 1371 1371 1371 1480 1480 1480 1353 1353 1353 1347 1347 1347 1483 1483 1483 1365 1365 1365 1359 1359 1359 1457 1457 1457 1375 1375 1375 1456 1456 1456 1385 1385 1385 1375 1375 1375 1380 1380 1380 1375 1375 1375 1458 1458 1458 1459 1459 1459 1375 1375 1375 1457 1457 1457 1458 1458 1458 1375 1375 1375 1459 1459 1459 1460 1460 1460 1432 1432 1432 1433 1433 1433 1339 1339 1339 1430 1430 1430 1431 1431 1431 1339 1339 1339 1432 1432 1432 1339 1339 1339 1431 1431 1431 1428 1428 1428 1429 1429 1429 1340 1340 1340 1340 1340 1340 1429 1429 1429 1430 1430 1430 1340 1340 1340 1346 1346 1346 1477 1477 1477 1428 1428 1428 1340 1340 1340 1427 1427 1427 1340 1340 1340 1430 1430 1430 1339 1339 1339 1346 1346 1346 1352 1352 1352 1476 1476 1476 1426 1426 1426 1427 1427 1427 1340 1340 1340 1424 1424 1424 1425 1425 1425 1340 1340 1340 1426 1426 1426 1340 1340 1340 1425 1425 1425 1477 1477 1477 1530 1530 1530 1423 1423 1423 1340 1340 1340 1423 1423 1423 1424 1424 1424 1423 1423 1423 1340 1340 1340 1477 1477 1477 1352 1352 1352 1358 1358 1358 1475 1475 1475 1358 1358 1358 1364 1364 1364 1473 1473 1473 1370 1370 1370 1376 1376 1376 1471 1471 1471 1364 1364 1364 1370 1370 1370 1472 1472 1472 1462 1462 1462 1375 1375 1375 1461 1461 1461 1376 1376 1376 1463 1463 1463 1464 1464 1464 1375 1375 1375 1463 1463 1463 1376 1376 1376 1462 1462 1462 1463 1463 1463 1375 1375 1375 1465 1465 1465 1376 1376 1376 1464 1464 1464 1469 1469 1469 1470 1470 1470 1471 1471 1471 1466 1466 1466 1467 1467 1467 1376 1376 1376 1376 1376 1376 1469 1469 1469 1471 1471 1471 1468 1468 1468 1469 1469 1469 1376 1376 1376 1467 1467 1467 1468 1468 1468 1376 1376 1376 1466 1466 1466 1376 1376 1376 1465 1465 1465 1461 1461 1461 1375 1375 1375 1460 1460 1460 1381 1381 1381 1487 1487 1487 1488 1488 1488 1381 1381 1381 1377 1377 1377 1487 1487 1487 1387 1387 1387 1381 1381 1381 1488 1488 1488 1489 1489 1489 1490 1490 1490 1387 1387 1387 1491 1491 1491 1393 1393 1393 1490 1490 1490 1399 1399 1399 1393 1393 1393 1491 1491 1491 1385 1385 1385 1456 1456 1456 1375 1375 1375 1385 1385 1385 1528 1528 1528 1529 1529 1529 1528 1528 1528 1385 1385 1385 1527 1527 1527 1529 1529 1529 1456 1456 1456 1385 1385 1385 1527 1527 1527 1385 1385 1385 1526 1526 1526 1385 1385 1385 1525 1525 1525 1526 1526 1526 1385 1385 1385 1524 1524 1524 1525 1525 1525 1523 1523 1523 1524 1524 1524 1385 1385 1385 1399 1399 1399 1491 1491 1491 1492 1492 1492 1492 1492 1492 1493 1493 1493 1405 1405 1405 1411 1411 1411 1405 1405 1405 1494 1494 1494 1417 1417 1417 1495 1495 1495 1496 1496 1496 1417 1417 1417 1411 1411 1411 1495 1495 1495 1444 1444 1444 1417 1417 1417 1496 1496 1496 1445 1445 1445 1417 1417 1417 1444 1444 1444 1419 1419 1419 1446 1446 1446 1420 1420 1420 1502 1502 1502 1421 1421 1421 1501 1501 1501 1421 1421 1421 1420 1420 1420 1447 1447 1447 1419 1419 1419 1418 1418 1418 1446 1446 1446 1447 1447 1447 1420 1420 1420 1446 1446 1446 1500 1500 1500 1501 1501 1501 1421 1421 1421 1447 1447 1447 1500 1500 1500 1421 1421 1421 1445 1445 1445 1418 1418 1418 1417 1417 1417 1421 1421 1421 1502 1502 1502 1503 1503 1503 1522 1522 1522 1523 1523 1523 1385 1385 1385 1386 1386 1386 1520 1520 1520 1521 1521 1521 1521 1521 1521 1522 1522 1522 1386 1386 1386 1518 1518 1518 1519 1519 1519 1386 1386 1386 1386 1386 1386 1522 1522 1522 1385 1385 1385 1392 1392 1392 1398 1398 1398 1454 1454 1454 1386 1386 1386 1392 1392 1392 1455 1455 1455 1398 1398 1398 1404 1404 1404 1453 1453 1453 1520 1520 1520 1386 1386 1386 1519 1519 1519 1517 1517 1517 1518 1518 1518 1386 1386 1386 1455 1455 1455 1515 1515 1515 1516 1516 1516 1517 1517 1517 1386 1386 1386 1516 1516 1516 1516 1516 1516 1386 1386 1386 1455 1455 1455 1451 1451 1451 1452 1452 1452 1404 1404 1404 1416 1416 1416 1422 1422 1422 1449 1449 1449 1507 1507 1507 1508 1508 1508 1422 1422 1422 1422 1422 1422 1508 1508 1508 1509 1509 1509 1410 1410 1410 1416 1416 1416 1450 1450 1450 1504 1504 1504 1505 1505 1505 1421 1421 1421 1422 1422 1422 1506 1506 1506 1507 1507 1507 1422 1422 1422 1505 1505 1505 1506 1506 1506 1421 1421 1421 1505 1505 1505 1422 1422 1422 1449 1449 1449 1514 1514 1514 1441 1441 1441 1514 1514 1514 1449 1449 1449 1422 1422 1422 1441 1441 1441 1448 1448 1448 1449 1449 1449 1510 1510 1510 1511 1511 1511 1422 1422 1422 1513 1513 1513 1514 1514 1514 1422 1422 1422 1512 1512 1512 1513 1513 1513 1422 1422 1422 1511 1511 1511 1512 1512 1512 1422 1422 1422 1422 1422 1422 1509 1509 1509 1510 1510 1510 1421 1421 1421 1503 1503 1503 1504 1504 1504 1536 1536 1536 1533 1533 1533 1532 1532 1532 1537 1537 1537 1534 1534 1534 1536 1536 1536 1539 1539 1539 1536 1536 1536 1538 1538 1538 1540 1540 1540 1537 1537 1537 1536 1536 1536 1561 1561 1561 1562 1562 1562 1533 1533 1533 1560 1560 1560 1534 1534 1534 1559 1559 1559 1549 1549 1549 1559 1559 1559 1534 1534 1534 1561 1561 1561 1533 1533 1533 1560 1560 1560 1555 1555 1555 1556 1556 1556 1559 1559 1559 1559 1559 1559 1554 1554 1554 1555 1555 1555 1559 1559 1559 1553 1553 1553 1554 1554 1554 1552 1552 1552 1553 1553 1553 1559 1559 1559 1563 1563 1563 1532 1532 1532 1562 1562 1562 1559 1559 1559 1551 1551 1551 1552 1552 1552 1559 1559 1559 1549 1549 1549 1550 1550 1550 1549 1549 1549 1534 1534 1534 1548 1548 1548 1550 1550 1550 1551 1551 1551 1559 1559 1559 1547 1547 1547 1534 1534 1534 1546 1546 1546 1545 1545 1545 1534 1534 1534 1544 1544 1544 1544 1544 1544 1534 1534 1534 1543 1543 1543 1534 1534 1534 1545 1545 1545 1546 1546 1546 1534 1534 1534 1547 1547 1547 1548 1548 1548 1564 1564 1564 1563 1563 1563 1531 1531 1531 1565 1565 1565 1535 1535 1535 1564 1564 1564 1538 1538 1538 1535 1535 1535 1566 1566 1566 1563 1563 1563 1564 1564 1564 1532 1532 1532 1568 1568 1568 1566 1566 1566 1567 1567 1567 1569 1569 1569 1538 1538 1538 1568 1568 1568 1566 1566 1566 1568 1568 1568 1538 1538 1538 1539 1539 1539 1538 1538 1538 1569 1569 1569 1558 1558 1558 1542 1542 1542 1537 1537 1537 1537 1537 1537 1540 1540 1540 1558 1558 1558 1543 1543 1543 1534 1534 1534 1542 1542 1542 1540 1540 1540 1539 1539 1539 1571 1571 1571 1572 1572 1572 1540 1540 1540 1571 1571 1571 1541 1541 1541 1557 1557 1557 1572 1572 1572 1540 1540 1540 1572 1572 1572 1557 1557 1557 1560 1560 1560 1533 1533 1533 1534 1534 1534 1578 1578 1578 1575 1575 1575 1577 1577 1577 1579 1579 1579 1576 1576 1576 1578 1578 1578 1581 1581 1581 1578 1578 1578 1577 1577 1577 1582 1582 1582 1579 1579 1579 1581 1581 1581 1608 1608 1608 1574 1574 1574 1607 1607 1607 1600 1600 1600 1606 1606 1606 1607 1607 1607 1600 1600 1600 1605 1605 1605 1606 1606 1606 1600 1600 1600 1607 1607 1607 1574 1574 1574 1614 1614 1614 1574 1574 1574 1613 1613 1613 1613 1613 1613 1574 1574 1574 1612 1612 1612 1610 1610 1610 1611 1611 1611 1574 1574 1574 1610 1610 1610 1574 1574 1574 1609 1609 1609 1574 1574 1574 1611 1611 1611 1612 1612 1612 1609 1609 1609 1574 1574 1574 1608 1608 1608 1602 1602 1602 1600 1600 1600 1601 1601 1601 1575 1575 1575 1598 1598 1598 1599 1599 1599 1597 1597 1597 1576 1576 1576 1596 1596 1596 1600 1600 1600 1604 1604 1604 1605 1605 1605 1574 1574 1574 1599 1599 1599 1600 1600 1600 1603 1603 1603 1604 1604 1604 1600 1600 1600 1573 1573 1573 1596 1596 1596 1595 1595 1595 1576 1576 1576 1595 1595 1595 1596 1596 1596 1597 1597 1597 1598 1598 1598 1575 1575 1575 1602 1602 1602 1603 1603 1603 1600 1600 1600 1614 1614 1614 1615 1615 1615 1574 1574 1574 1574 1574 1574 1617 1617 1617 1584 1584 1584 1574 1574 1574 1616 1616 1616 1617 1617 1617 1615 1615 1615 1616 1616 1616 1574 1574 1574 1577 1577 1577 1574 1574 1574 1584 1584 1584 1585 1585 1585 1586 1586 1586 1580 1580 1580 1588 1588 1588 1586 1586 1586 1587 1587 1587 1589 1589 1589 1580 1580 1580 1588 1588 1588 1586 1586 1586 1588 1588 1588 1580 1580 1580 1581 1581 1581 1580 1580 1580 1589 1589 1589 1576 1576 1576 1579 1579 1579 1595 1595 1595 1583 1583 1583 1594 1594 1594 1582 1582 1582 1582 1582 1582 1581 1581 1581 1591 1591 1591 1592 1592 1592 1582 1582 1582 1591 1591 1591 1592 1592 1592 1593 1593 1593 1583 1583 1583 1599 1599 1599 1574 1574 1574 1575 1575 1575 1623 1623 1623 1620 1620 1620 1619 1619 1619 1624 1624 1624 1621 1621 1621 1620 1620 1620 1626 1626 1626 1623 1623 1623 1622 1622 1622 1627 1627 1627 1624 1624 1624 1623 1623 1623 1637 1637 1637 1636 1636 1636 1618 1618 1618 1635 1635 1635 1636 1636 1636 1620 1620 1620 1619 1619 1619 1637 1637 1637 1638 1638 1638 1622 1622 1622 1619 1619 1619 1638 1638 1638 1636 1636 1636 1637 1637 1637 1619 1619 1619 1633 1633 1633 1634 1634 1634 1646 1646 1646 1621 1621 1621 1646 1646 1646 1634 1634 1634 1620 1620 1620 1621 1621 1621 1635 1635 1635 1644 1644 1644 1645 1645 1645 1624 1624 1624 1621 1621 1621 1624 1624 1624 1645 1645 1645 1646 1646 1646 1621 1621 1621 1645 1645 1645 1625 1625 1625 1622 1622 1622 1640 1640 1640 1641 1641 1641 1625 1625 1625 1640 1640 1640 1631 1631 1631 1641 1641 1641 1630 1630 1630 1631 1631 1631 1628 1628 1628 1626 1626 1626 1641 1641 1641 1631 1631 1631 1625 1625 1625 1643 1643 1643 1644 1644 1644 1624 1624 1624 1642 1642 1642 1643 1643 1643 1627 1627 1627 1627 1627 1627 1632 1632 1632 1642 1642 1642 1632 1632 1632 1629 1629 1629 1642 1642 1642 1628 1628 1628 1632 1632 1632 1627 1627 1627 1653 1653 1653 1650 1650 1650 1649 1649 1649 1654 1654 1654 1651 1651 1651 1650 1650 1650 1656 1656 1656 1653 1653 1653 1655 1655 1655 1657 1657 1657 1654 1654 1654 1656 1656 1656 1665 1665 1665 1660 1660 1660 1664 1664 1664 1647 1647 1647 1660 1660 1660 1650 1650 1650 1649 1649 1649 1665 1665 1665 1666 1666 1666 1652 1652 1652 1649 1649 1649 1666 1666 1666 1660 1660 1660 1665 1665 1665 1649 1649 1649 1648 1648 1648 1659 1659 1659 1675 1675 1675 1651 1651 1651 1675 1675 1675 1659 1659 1659 1650 1650 1650 1651 1651 1651 1647 1647 1647 1651 1651 1651 1654 1654 1654 1674 1674 1674 1675 1675 1675 1651 1651 1651 1674 1674 1674 1655 1655 1655 1652 1652 1652 1668 1668 1668 1669 1669 1669 1655 1655 1655 1668 1668 1668 1669 1669 1669 1658 1658 1658 1661 1661 1661 1661 1661 1661 1662 1662 1662 1655 1655 1655 1654 1654 1654 1657 1657 1657 1672 1672 1672 1671 1671 1671 1672 1672 1672 1657 1657 1657 1657 1657 1657 1663 1663 1663 1671 1671 1671 1663 1663 1663 1670 1670 1670 1671 1671 1671 1662 1662 1662 1663 1663 1663 1656 1656 1656 1681 1681 1681 1678 1678 1678 1680 1680 1680 1682 1682 1682 1679 1679 1679 1681 1681 1681 1684 1684 1684 1681 1681 1681 1683 1683 1683 1685 1685 1685 1682 1682 1682 1684 1684 1684 1700 1700 1700 1691 1691 1691 1676 1676 1676 1690 1690 1690 1691 1691 1691 1678 1678 1678 1677 1677 1677 1700 1700 1700 1701 1701 1701 1680 1680 1680 1677 1677 1677 1701 1701 1701 1691 1691 1691 1700 1700 1700 1677 1677 1677 1688 1688 1688 1689 1689 1689 1699 1699 1699 1679 1679 1679 1699 1699 1699 1689 1689 1689 1678 1678 1678 1679 1679 1679 1689 1689 1689 1697 1697 1697 1698 1698 1698 1682 1682 1682 1679 1679 1679 1682 1682 1682 1698 1698 1698 1699 1699 1699 1679 1679 1679 1698 1698 1698 1683 1683 1683 1680 1680 1680 1703 1703 1703 1704 1704 1704 1683 1683 1683 1703 1703 1703 1686 1686 1686 1704 1704 1704 1692 1692 1692 1686 1686 1686 1693 1693 1693 1683 1683 1683 1704 1704 1704 1686 1686 1686 1683 1683 1683 1696 1696 1696 1697 1697 1697 1682 1682 1682 1695 1695 1695 1696 1696 1696 1685 1685 1685 1685 1685 1685 1694 1694 1694 1695 1695 1695 1694 1694 1694 1687 1687 1687 1695 1695 1695 1693 1693 1693 1694 1694 1694 1684 1684 1684 1712 1712 1712 1709 1709 1709 1711 1711 1711 1713 1713 1713 1710 1710 1710 1712 1712 1712 1715 1715 1715 1712 1712 1712 1711 1711 1711 1716 1716 1716 1713 1713 1713 1712 1712 1712 1723 1723 1723 1722 1722 1722 1705 1705 1705 1706 1706 1706 1722 1722 1722 1709 1709 1709 1708 1708 1708 1723 1723 1723 1724 1724 1724 1711 1711 1711 1708 1708 1708 1724 1724 1724 1722 1722 1722 1723 1723 1723 1708 1708 1708 1707 1707 1707 1721 1721 1721 1733 1733 1733 1710 1710 1710 1733 1733 1733 1721 1721 1721 1709 1709 1709 1710 1710 1710 1706 1706 1706 1710 1710 1710 1713 1713 1713 1732 1732 1732 1733 1733 1733 1710 1710 1710 1732 1732 1732 1714 1714 1714 1711 1711 1711 1726 1726 1726 1727 1727 1727 1714 1714 1714 1726 1726 1726 1718 1718 1718 1727 1727 1727 1717 1717 1717 1715 1715 1715 1714 1714 1714 1718 1718 1718 1727 1727 1727 1718 1718 1718 1714 1714 1714 1713 1713 1713 1716 1716 1716 1730 1730 1730 1729 1729 1729 1716 1716 1716 1720 1720 1720 1716 1716 1716 1715 1715 1715 1719 1719 1719 1720 1720 1720 1728 1728 1728 1729 1729 1729 1730 1730 1730 1716 1716 1716 1729 1729 1729 1740 1740 1740 1737 1737 1737 1736 1736 1736 1741 1741 1741 1738 1738 1738 1740 1740 1740 1743 1743 1743 1740 1740 1740 1742 1742 1742 1744 1744 1744 1741 1741 1741 1743 1743 1743 1746 1746 1746 1756 1756 1756 1734 1734 1734 1736 1736 1736 1755 1755 1755 1756 1756 1756 1746 1746 1746 1747 1747 1747 1739 1739 1739 1736 1736 1736 1737 1737 1737 1755 1755 1755 1746 1746 1746 1736 1736 1736 1756 1756 1756 1753 1753 1753 1754 1754 1754 1737 1737 1737 1738 1738 1738 1752 1752 1752 1753 1753 1753 1735 1735 1735 1752 1752 1752 1751 1751 1751 1738 1738 1738 1751 1751 1751 1752 1752 1752 1750 1750 1750 1751 1751 1751 1738 1738 1738 1742 1742 1742 1739 1739 1739 1748 1748 1748 1742 1742 1742 1748 1748 1748 1758 1758 1758 1758 1758 1758 1759 1759 1759 1742 1742 1742 1759 1759 1759 1760 1760 1760 1743 1743 1743 1741 1741 1741 1744 1744 1744 1750 1750 1750 1762 1762 1762 1749 1749 1749 1744 1744 1744 1744 1744 1744 1743 1743 1743 1761 1761 1761 1749 1749 1749 1762 1762 1762 1745 1745 1745 1744 1744 1744 1761 1761 1761 1762 1762 1762 1768 1768 1768 1765 1765 1765 1764 1764 1764 1769 1769 1769 1766 1766 1766 1765 1765 1765 1771 1771 1771 1768 1768 1768 1770 1770 1770 1772 1772 1772 1769 1769 1769 1768 1768 1768 1791 1791 1791 1778 1778 1778 1779 1779 1779 1764 1764 1764 1790 1790 1790 1791 1791 1791 1780 1780 1780 1767 1767 1767 1764 1764 1764 1764 1764 1764 1765 1765 1765 1790 1790 1790 1767 1767 1767 1780 1780 1780 1770 1770 1770 1788 1788 1788 1789 1789 1789 1765 1765 1765 1766 1766 1766 1787 1787 1787 1788 1788 1788 1766 1766 1766 1777 1777 1777 1787 1787 1787 1777 1777 1777 1763 1763 1763 1787 1787 1787 1766 1766 1766 1769 1769 1769 1777 1777 1777 1770 1770 1770 1781 1781 1781 1782 1782 1782 1771 1771 1771 1770 1770 1770 1783 1783 1783 1770 1770 1770 1782 1782 1782 1783 1783 1783 1785 1785 1785 1771 1771 1771 1784 1784 1784 1769 1769 1769 1772 1772 1772 1775 1775 1775 1772 1772 1772 1786 1786 1786 1775 1775 1775 1786 1786 1786 1774 1774 1774 1775 1775 1775 1785 1785 1785 1786 1786 1786 1772 1772 1772 1772 1772 1772 1771 1771 1771 1785 1785 1785 1797 1797 1797 1794 1794 1794 1796 1796 1796 1798 1798 1798 1795 1795 1795 1797 1797 1797 1800 1800 1800 1797 1797 1797 1796 1796 1796 1801 1801 1801 1798 1798 1798 1797 1797 1797 1803 1803 1803 1800 1800 1800 1799 1799 1799 1804 1804 1804 1801 1801 1801 1800 1800 1800 1806 1806 1806 1803 1803 1803 1805 1805 1805 1807 1807 1807 1804 1804 1804 1806 1806 1806 1809 1809 1809 1806 1806 1806 1808 1808 1808 1810 1810 1810 1807 1807 1807 1806 1806 1806 1812 1812 1812 1809 1809 1809 1811 1811 1811 1813 1813 1813 1810 1810 1810 1809 1809 1809 1815 1815 1815 1812 1812 1812 1814 1814 1814 1816 1816 1816 1813 1813 1813 1815 1815 1815 1818 1818 1818 1815 1815 1815 1814 1814 1814 1819 1819 1819 1816 1816 1816 1818 1818 1818 1821 1821 1821 1818 1818 1818 1817 1817 1817 1822 1822 1822 1819 1819 1819 1821 1821 1821 1824 1824 1824 1821 1821 1821 1820 1820 1820 1825 1825 1825 1822 1822 1822 1824 1824 1824 1827 1827 1827 1824 1824 1824 1823 1823 1823 1828 1828 1828 1825 1825 1825 1827 1827 1827 1830 1830 1830 1827 1827 1827 1826 1826 1826 1831 1831 1831 1828 1828 1828 1830 1830 1830 1833 1833 1833 1830 1830 1830 1829 1829 1829 1834 1834 1834 1831 1831 1831 1833 1833 1833 1836 1836 1836 1833 1833 1833 1832 1832 1832 1837 1837 1837 1834 1834 1834 1836 1836 1836 1839 1839 1839 1836 1836 1836 1838 1838 1838 1840 1840 1840 1837 1837 1837 1839 1839 1839 1849 1849 1849 1844 1844 1844 1792 1792 1792 1844 1844 1844 1849 1849 1849 1796 1796 1796 1849 1849 1849 1850 1850 1850 1796 1796 1796 1850 1850 1850 1851 1851 1851 1799 1799 1799 1802 1802 1802 1851 1851 1851 1852 1852 1852 1808 1808 1808 1853 1853 1853 1854 1854 1854 1854 1854 1854 1855 1855 1855 1811 1811 1811 1805 1805 1805 1852 1852 1852 1853 1853 1853 1805 1805 1805 1802 1802 1802 1852 1852 1852 1808 1808 1808 1805 1805 1805 1853 1853 1853 1814 1814 1814 1811 1811 1811 1855 1855 1855 1795 1795 1795 1877 1877 1877 1841 1841 1841 1798 1798 1798 1877 1877 1877 1795 1795 1795 1798 1798 1798 1801 1801 1801 1876 1876 1876 1801 1801 1801 1804 1804 1804 1874 1874 1874 1798 1798 1798 1876 1876 1876 1877 1877 1877 1804 1804 1804 1873 1873 1873 1874 1874 1874 1804 1804 1804 1807 1807 1807 1873 1873 1873 1871 1871 1871 1872 1872 1872 1807 1807 1807 1810 1810 1810 1813 1813 1813 1870 1870 1870 1813 1813 1813 1816 1816 1816 1868 1868 1868 1810 1810 1810 1870 1870 1870 1871 1871 1871 1816 1816 1816 1867 1867 1867 1868 1868 1868 1867 1867 1867 1819 1819 1819 1866 1866 1866 1816 1816 1816 1819 1819 1819 1867 1867 1867 1817 1817 1817 1814 1814 1814 1856 1856 1856 1857 1857 1857 1858 1858 1858 1817 1817 1817 1859 1859 1859 1860 1860 1860 1823 1823 1823 1826 1826 1826 1860 1860 1860 1861 1861 1861 1858 1858 1858 1859 1859 1859 1820 1820 1820 1861 1861 1861 1829 1829 1829 1826 1826 1826 1829 1829 1829 1861 1861 1861 1862 1862 1862 1832 1832 1832 1862 1862 1862 1863 1863 1863 1864 1864 1864 1865 1865 1865 1838 1838 1838 1846 1846 1846 1865 1865 1865 1845 1845 1845 1863 1863 1863 1864 1864 1864 1835 1835 1835 1846 1846 1846 1847 1847 1847 1839 1839 1839 1840 1840 1840 1839 1839 1839 1847 1847 1847 1846 1846 1846 1838 1838 1838 1865 1865 1865 1829 1829 1829 1862 1862 1862 1832 1832 1832 1819 1819 1819 1822 1822 1822 1889 1889 1889 1825 1825 1825 1828 1828 1828 1886 1886 1886 1828 1828 1828 1831 1831 1831 1885 1885 1885 1822 1822 1822 1825 1825 1825 1888 1888 1888 1822 1822 1822 1888 1888 1888 1889 1889 1889 1828 1828 1828 1885 1885 1885 1886 1886 1886 1883 1883 1883 1884 1884 1884 1831 1831 1831 1837 1837 1837 1840 1840 1840 1880 1880 1880 1834 1834 1834 1837 1837 1837 1882 1882 1882 1848 1848 1848 1879 1879 1879 1840 1840 1840 1834 1834 1834 1882 1882 1882 1883 1883 1883 1840 1840 1840 1879 1879 1879 1880 1880 1880 1848 1848 1848 1878 1878 1878 1879 1879 1879 1894 1894 1894 1893 1893 1893 1890 1890 1890 1895 1895 1895 1894 1894 1894 1891 1891 1891 1897 1897 1897 1896 1896 1896 1893 1893 1893 1898 1898 1898 1897 1897 1897 1894 1894 1894 1906 1906 1906 1905 1905 1905 1916 1916 1916 1915 1915 1915 1914 1914 1914 1891 1891 1891 1915 1915 1915 1890 1890 1890 1916 1916 1916 1890 1890 1890 1907 1907 1907 1906 1906 1906 1890 1890 1890 1915 1915 1915 1891 1891 1891 1893 1893 1893 1908 1908 1908 1907 1907 1907 1916 1916 1916 1890 1890 1890 1906 1906 1906 1892 1892 1892 1912 1912 1912 1904 1904 1904 1912 1912 1912 1911 1911 1911 1904 1904 1904 1892 1892 1892 1913 1913 1913 1912 1912 1912 1891 1891 1891 1914 1914 1914 1913 1913 1913 1902 1902 1902 1895 1895 1895 1903 1903 1903 1892 1892 1892 1903 1903 1903 1895 1895 1895 1904 1904 1904 1903 1903 1903 1892 1892 1892 1896 1896 1896 1909 1909 1909 1893 1893 1893 1897 1897 1897 1920 1920 1920 1919 1919 1919 1896 1896 1896 1910 1910 1910 1909 1909 1909 1918 1918 1918 1917 1917 1917 1910 1910 1910 1918 1918 1918 1896 1896 1896 1919 1919 1919 1910 1910 1910 1896 1896 1896 1918 1918 1918 1901 1901 1901 1898 1898 1898 1895 1895 1895 1898 1898 1898 1901 1901 1901 1900 1900 1900 1900 1900 1900 1922 1922 1922 1898 1898 1898 1898 1898 1898 1921 1921 1921 1897 1897 1897 1900 1900 1900 1899 1899 1899 1922 1922 1922 1898 1898 1898 1922 1922 1922 1921 1921 1921 1928 1928 1928 1927 1927 1927 1924 1924 1924 1929 1929 1929 1928 1928 1928 1925 1925 1925 1931 1931 1931 1930 1930 1930 1927 1927 1927 1932 1932 1932 1931 1931 1931 1928 1928 1928 1955 1955 1955 1940 1940 1940 1939 1939 1939 1955 1955 1955 1954 1954 1954 1924 1924 1924 1924 1924 1924 1940 1940 1940 1955 1955 1955 1927 1927 1927 1942 1942 1942 1941 1941 1941 1924 1924 1924 1954 1954 1954 1925 1925 1925 1940 1940 1940 1924 1924 1924 1941 1941 1941 1952 1952 1952 1926 1926 1926 1925 1925 1925 1938 1938 1938 1951 1951 1951 1923 1923 1923 1951 1951 1951 1926 1926 1926 1952 1952 1952 1937 1937 1937 1926 1926 1926 1938 1938 1938 1951 1951 1951 1938 1938 1938 1926 1926 1926 1936 1936 1936 1929 1929 1929 1937 1937 1937 1930 1930 1930 1944 1944 1944 1943 1943 1943 1930 1930 1930 1943 1943 1943 1927 1927 1927 1930 1930 1930 1946 1946 1946 1944 1944 1944 1944 1944 1944 1946 1946 1946 1945 1945 1945 1931 1931 1931 1948 1948 1948 1947 1947 1947 1930 1930 1930 1947 1947 1947 1946 1946 1946 1934 1934 1934 1932 1932 1932 1935 1935 1935 1929 1929 1929 1936 1936 1936 1935 1935 1935 1932 1932 1932 1949 1949 1949 1931 1931 1931 1932 1932 1932 1934 1934 1934 1950 1950 1950 1950 1950 1950 1934 1934 1934 1933 1933 1933 1949 1949 1949 1932 1932 1932 1950 1950 1950 1961 1961 1961 1958 1958 1958 1960 1960 1960 1962 1962 1962 1959 1959 1959 1961 1961 1961 1964 1964 1964 1961 1961 1961 1960 1960 1960 1965 1965 1965 1962 1962 1962 1964 1964 1964 1972 1972 1972 1982 1982 1982 1956 1956 1956 1980 1980 1980 1981 1981 1981 1958 1958 1958 1981 1981 1981 1982 1982 1982 1957 1957 1957 1957 1957 1957 1972 1972 1972 1973 1973 1973 1960 1960 1960 1957 1957 1957 1973 1973 1973 1982 1982 1982 1972 1972 1972 1957 1957 1957 1959 1959 1959 1971 1971 1971 1978 1978 1978 1978 1978 1978 1971 1971 1971 1977 1977 1977 1959 1959 1959 1978 1978 1978 1979 1979 1979 1958 1958 1958 1959 1959 1959 1979 1979 1979 1969 1969 1969 1970 1970 1970 1962 1962 1962 1959 1959 1959 1962 1962 1962 1970 1970 1970 1971 1971 1971 1959 1959 1959 1970 1970 1970 1963 1963 1963 1960 1960 1960 1975 1975 1975 1964 1964 1964 1963 1963 1963 1985 1985 1985 1963 1963 1963 1975 1975 1975 1976 1976 1976 1984 1984 1984 1976 1976 1976 1983 1983 1983 1984 1984 1984 1985 1985 1985 1963 1963 1963 1976 1976 1976 1984 1984 1984 1963 1963 1963 1968 1968 1968 1969 1969 1969 1962 1962 1962 1965 1965 1965 1967 1967 1967 1968 1968 1968 1967 1967 1967 1965 1965 1965 1988 1988 1988 1965 1965 1965 1964 1964 1964 1987 1987 1987 1967 1967 1967 1988 1988 1988 1966 1966 1966 1965 1965 1965 1987 1987 1987 1988 1988 1988 1994 1994 1994 1991 1991 1991 1993 1993 1993 1995 1995 1995 1992 1992 1992 1991 1991 1991 1997 1997 1997 1994 1994 1994 1996 1996 1996 1998 1998 1998 1995 1995 1995 1997 1997 1997 2021 2021 2021 2006 2006 2006 2007 2007 2007 2021 2021 2021 1990 1990 1990 2020 2020 2020 1990 1990 1990 2021 2021 2021 2007 2007 2007 1993 1993 1993 1990 1990 1990 2008 2008 2008 1990 1990 1990 1991 1991 1991 2020 2020 2020 2007 2007 2007 2008 2008 2008 1990 1990 1990 2018 2018 2018 2019 2019 2019 1991 1991 1991 2005 2005 2005 1989 1989 1989 2017 2017 2017 2017 2017 2017 2018 2018 2018 1992 1992 1992 2004 2004 2004 2005 2005 2005 1992 1992 1992 2017 2017 2017 1992 1992 1992 2005 2005 2005 2003 2003 2003 2004 2004 2004 1995 1995 1995 1996 1996 1996 2010 2010 2010 2011 2011 2011 1996 1996 1996 1993 1993 1993 2010 2010 2010 1996 1996 1996 2011 2011 2011 2012 2012 2012 2011 2011 2011 1999 1999 1999 2012 2012 2012 1997 1997 1997 1996 1996 1996 2013 2013 2013 1996 1996 1996 2012 2012 2012 2013 2013 2013 2001 2001 2001 2002 2002 2002 1998 1998 1998 1995 1995 1995 1998 1998 1998 2002 2002 2002 1998 1998 1998 1997 1997 1997 2015 2015 2015 1998 1998 1998 2016 2016 2016 2001 2001 2001 2016 2016 2016 2000 2000 2000 2001 2001 2001 2015 2015 2015 2016 2016 2016 1998 1998 1998 2051 2051 2051 2108 2108 2108 2050 2050 2050 2053 2053 2053 2106 2106 2106 2052 2052 2052 2054 2054 2054 2079 2079 2079 2053 2053 2053 2108 2108 2108 2051 2051 2051 2052 2052 2052 2080 2080 2080 2053 2053 2053 2079 2079 2079 2107 2107 2107 2052 2052 2052 2106 2106 2106 2052 2052 2052 2107 2107 2107 2108 2108 2108 2081 2081 2081 2105 2105 2105 2106 2106 2106 2053 2053 2053 2080 2080 2080 2106 2106 2106 2080 2080 2080 2081 2081 2081 2106 2106 2106 2057 2057 2057 2076 2076 2076 2056 2056 2056 2025 2025 2025 2075 2075 2075 2024 2024 2024 2075 2075 2075 2057 2057 2057 2024 2024 2024 2026 2026 2026 2075 2075 2075 2025 2025 2025 2078 2078 2078 2054 2054 2054 2055 2055 2055 2077 2077 2077 2078 2078 2078 2055 2055 2055 2079 2079 2079 2054 2054 2054 2078 2078 2078 2056 2056 2056 2077 2077 2077 2055 2055 2055 2076 2076 2076 2077 2077 2077 2056 2056 2056 2076 2076 2076 2057 2057 2057 2075 2075 2075 2074 2074 2074 2075 2075 2075 2026 2026 2026 2104 2104 2104 2062 2062 2062 2103 2103 2103 2062 2062 2062 2081 2081 2081 2082 2082 2082 2081 2081 2081 2062 2062 2062 2105 2105 2105 2105 2105 2105 2062 2062 2062 2104 2104 2104 2083 2083 2083 2061 2061 2061 2062 2062 2062 2038 2038 2038 2060 2060 2060 2061 2061 2061 2072 2072 2072 2073 2073 2073 2059 2059 2059 2022 2022 2022 2058 2058 2058 2073 2073 2073 2059 2059 2059 2073 2073 2073 2058 2058 2058 2072 2072 2072 2059 2059 2059 2060 2060 2060 2062 2062 2062 2082 2082 2082 2083 2083 2083 2061 2061 2061 2084 2084 2084 2038 2038 2038 2038 2038 2038 2084 2084 2084 2085 2085 2085 2085 2085 2085 2036 2036 2036 2037 2037 2037 2038 2038 2038 2039 2039 2039 2060 2060 2060 2037 2037 2037 2038 2038 2038 2085 2085 2085 2060 2060 2060 2039 2039 2039 2040 2040 2040 2060 2060 2060 2071 2071 2071 2072 2072 2072 2040 2040 2040 2041 2041 2041 2071 2071 2071 2071 2071 2071 2060 2060 2060 2040 2040 2040 2083 2083 2083 2084 2084 2084 2061 2061 2061 2086 2086 2086 2036 2036 2036 2085 2085 2085 2074 2074 2074 2101 2101 2101 2102 2102 2102 2042 2042 2042 2043 2043 2043 2094 2094 2094 2102 2102 2102 2042 2042 2042 2094 2094 2094 2044 2044 2044 2094 2094 2094 2043 2043 2043 2027 2027 2027 2101 2101 2101 2074 2074 2074 2035 2035 2035 2036 2036 2036 2086 2086 2086 2092 2092 2092 2093 2093 2093 2045 2045 2045 2044 2044 2044 2093 2093 2093 2094 2094 2094 2046 2046 2046 2092 2092 2092 2045 2045 2045 2044 2044 2044 2045 2045 2045 2093 2093 2093 2092 2092 2092 2046 2046 2046 2091 2091 2091 2047 2047 2047 2091 2091 2091 2046 2046 2046 2048 2048 2048 2031 2031 2031 2047 2047 2047 2091 2091 2091 2047 2047 2047 2031 2031 2031 2049 2049 2049 2029 2029 2029 2048 2048 2048 2048 2048 2048 2030 2030 2030 2031 2031 2031 2090 2090 2090 2091 2091 2091 2031 2031 2031 2049 2049 2049 2028 2028 2028 2029 2029 2029 2029 2029 2029 2030 2030 2030 2048 2048 2048 2031 2031 2031 2032 2032 2032 2090 2090 2090 2033 2033 2033 2064 2064 2064 2032 2032 2032 2100 2100 2100 2034 2034 2034 2086 2086 2086 2074 2074 2074 2102 2102 2102 2094 2094 2094 2086 2086 2086 2099 2099 2099 2100 2100 2100 2087 2087 2087 2099 2099 2099 2086 2086 2086 2099 2099 2099 2087 2087 2087 2098 2098 2098 2070 2070 2070 2071 2071 2071 2066 2066 2066 2095 2095 2095 2066 2066 2066 2071 2071 2071 2098 2098 2098 2087 2087 2087 2097 2097 2097 2097 2097 2097 2066 2066 2066 2096 2096 2096 2066 2066 2066 2095 2095 2095 2096 2096 2096 2041 2041 2041 2095 2095 2095 2071 2071 2071 2065 2065 2065 2097 2097 2097 2087 2087 2087 2034 2034 2034 2035 2035 2035 2086 2086 2086 2064 2064 2064 2088 2088 2088 2089 2089 2089 2090 2090 2090 2032 2032 2032 2064 2064 2064 2063 2063 2063 2064 2064 2064 2033 2033 2033 2089 2089 2089 2090 2090 2090 2064 2064 2064 2065 2065 2065 2088 2088 2088 2064 2064 2064 2066 2066 2066 2067 2067 2067 2070 2070 2070 2066 2066 2066 2097 2097 2097 2065 2065 2065 2069 2069 2069 2070 2070 2070 2067 2067 2067 2069 2069 2069 2067 2067 2067 2068 2068 2068 2069 2069 2069 2068 2068 2068 2023 2023 2023 2065 2065 2065 2087 2087 2087 2088 2088 2088 2074 2074 2074 2026 2026 2026 2027 2027 2027 2123 2123 2123 2109 2109 2109 2124 2124 2124 2121 2121 2121 2123 2123 2123 2136 2136 2136 2124 2124 2124 2136 2136 2136 2123 2123 2123 2136 2136 2136 2124 2124 2124 2125 2125 2125 2136 2136 2136 2125 2125 2125 2126 2126 2126 2127 2127 2127 2137 2137 2137 2126 2126 2126 2137 2137 2137 2136 2136 2136 2126 2126 2126 2128 2128 2128 2137 2137 2137 2127 2127 2127 2121 2121 2121 2122 2122 2122 2123 2123 2123 2119 2119 2119 2120 2120 2120 2136 2136 2136 2121 2121 2121 2136 2136 2136 2120 2120 2120 2117 2117 2117 2118 2118 2118 2137 2137 2137 2119 2119 2119 2137 2137 2137 2118 2118 2118 2117 2117 2117 2138 2138 2138 2116 2116 2116 2137 2137 2137 2138 2138 2138 2117 2117 2117 2137 2137 2137 2119 2119 2119 2136 2136 2136 2138 2138 2138 2137 2137 2137 2128 2128 2128 2139 2139 2139 2138 2138 2138 2129 2129 2129 2130 2130 2130 2131 2131 2131 2139 2139 2139 2128 2128 2128 2129 2129 2129 2138 2138 2138 2133 2133 2133 2141 2141 2141 2132 2132 2132 2133 2133 2133 2134 2134 2134 2135 2135 2135 2140 2140 2140 2131 2131 2131 2132 2132 2132 2141 2141 2141 2133 2133 2133 2135 2135 2135 2139 2139 2139 2140 2140 2140 2114 2114 2114 2139 2139 2139 2114 2114 2114 2115 2115 2115 2138 2138 2138 2139 2139 2139 2115 2115 2115 2112 2112 2112 2113 2113 2113 2140 2140 2140 2141 2141 2141 2111 2111 2111 2112 2112 2112 2135 2135 2135 2111 2111 2111 2141 2141 2141 2111 2111 2111 2135 2135 2135 2110 2110 2110 2141 2141 2141 2140 2140 2140 2132 2132 2132 2169 2169 2169 2142 2142 2142 2170 2170 2170 2170 2170 2170 2171 2171 2171 2164 2164 2164 2169 2169 2169 2170 2170 2170 2165 2165 2165 2171 2171 2171 2172 2172 2172 2163 2163 2163 2172 2172 2172 2173 2173 2173 2162 2162 2162 2173 2173 2173 2174 2174 2174 2161 2161 2161 2175 2175 2175 2176 2176 2176 2158 2158 2158 2176 2176 2176 2177 2177 2177 2157 2157 2157 2174 2174 2174 2175 2175 2175 2159 2159 2159 2177 2177 2177 2178 2178 2178 2156 2156 2156 2169 2169 2169 2165 2165 2165 2168 2168 2168 2163 2163 2163 2164 2164 2164 2171 2171 2171 2157 2157 2157 2158 2158 2158 2176 2176 2176 2154 2154 2154 2155 2155 2155 2178 2178 2178 2179 2179 2179 2180 2180 2180 2153 2153 2153 2181 2181 2181 2182 2182 2182 2151 2151 2151 2182 2182 2182 2183 2183 2183 2150 2150 2150 2180 2180 2180 2181 2181 2181 2152 2152 2152 2184 2184 2184 2185 2185 2185 2147 2147 2147 2185 2185 2185 2186 2186 2186 2146 2146 2146 2167 2167 2167 2187 2187 2187 2166 2166 2166 2186 2186 2186 2187 2187 2187 2145 2145 2145 2183 2183 2183 2184 2184 2184 2148 2148 2148 2187 2187 2187 2167 2167 2167 2144 2144 2144 2151 2151 2151 2152 2152 2152 2181 2181 2181 2167 2167 2167 2143 2143 2143 2144 2144 2144 2145 2145 2145 2146 2146 2146 2186 2186 2186 2204 2204 2204 2203 2203 2203 2249 2249 2249 2205 2205 2205 2204 2204 2204 2194 2194 2194 2194 2194 2194 2204 2204 2204 2249 2249 2249 2202 2202 2202 2201 2201 2201 2250 2250 2250 2203 2203 2203 2202 2202 2202 2249 2249 2249 2250 2250 2250 2249 2249 2249 2202 2202 2202 2194 2194 2194 2206 2206 2206 2205 2205 2205 2214 2214 2214 2207 2207 2207 2194 2194 2194 2206 2206 2206 2194 2194 2194 2207 2207 2207 2193 2193 2193 2214 2214 2214 2194 2194 2194 2215 2215 2215 2214 2214 2214 2193 2193 2193 2215 2215 2215 2193 2193 2193 2192 2192 2192 2191 2191 2191 2190 2190 2190 2210 2210 2210 2190 2190 2190 2189 2189 2189 2251 2251 2251 2191 2191 2191 2215 2215 2215 2192 2192 2192 2200 2200 2200 2252 2252 2252 2251 2251 2251 2248 2248 2248 2253 2253 2253 2255 2255 2255 2255 2255 2255 2254 2254 2254 2248 2248 2248 2248 2248 2248 2247 2247 2247 2253 2253 2253 2253 2253 2253 2247 2247 2247 2246 2246 2246 2246 2246 2246 2245 2245 2245 2195 2195 2195 2244 2244 2244 2195 2195 2195 2245 2245 2245 2241 2241 2241 2198 2198 2198 2197 2197 2197 2253 2253 2253 2246 2246 2246 2195 2195 2195 2199 2199 2199 2198 2198 2198 2229 2229 2229 2229 2229 2229 2198 2198 2198 2241 2241 2241 2242 2242 2242 2196 2196 2196 2195 2195 2195 2195 2195 2195 2243 2243 2243 2242 2242 2242 2196 2196 2196 2242 2242 2242 2241 2241 2241 2241 2241 2241 2197 2197 2197 2196 2196 2196 2244 2244 2244 2243 2243 2243 2195 2195 2195 2200 2200 2200 2199 2199 2199 2252 2252 2252 2210 2210 2210 2215 2215 2215 2191 2191 2191 2221 2221 2221 2220 2220 2220 2209 2209 2209 2208 2208 2208 2222 2222 2222 2221 2221 2221 2209 2209 2209 2220 2220 2220 2219 2219 2219 2209 2209 2209 2217 2217 2217 2216 2216 2216 2219 2219 2219 2218 2218 2218 2209 2209 2209 2218 2218 2218 2217 2217 2217 2209 2209 2209 2223 2223 2223 2222 2222 2222 2208 2208 2208 2208 2208 2208 2221 2221 2221 2209 2209 2209 2251 2251 2251 2211 2211 2211 2210 2210 2210 2210 2210 2210 2190 2190 2190 2251 2251 2251 2210 2210 2210 2209 2209 2209 2216 2216 2216 2212 2212 2212 2211 2211 2211 2251 2251 2251 2251 2251 2251 2188 2188 2188 2213 2213 2213 2212 2212 2212 2251 2251 2251 2213 2213 2213 2208 2208 2208 2224 2224 2224 2223 2223 2223 2230 2230 2230 2240 2240 2240 2239 2239 2239 2237 2237 2237 2236 2236 2236 2230 2230 2230 2230 2230 2230 2238 2238 2238 2237 2237 2237 2235 2235 2235 2234 2234 2234 2231 2231 2231 2234 2234 2234 2233 2233 2233 2231 2231 2231 2236 2236 2236 2235 2235 2235 2230 2230 2230 2230 2230 2230 2239 2239 2239 2238 2238 2238 2231 2231 2231 2233 2233 2233 2232 2232 2232 2230 2230 2230 2229 2229 2229 2240 2240 2240 2230 2230 2230 2235 2235 2235 2231 2231 2231 2241 2241 2241 2240 2240 2240 2229 2229 2229 2252 2252 2252 2229 2229 2229 2228 2228 2228 2252 2252 2252 2227 2227 2227 2226 2226 2226 2252 2252 2252 2226 2226 2226 2225 2225 2225 2227 2227 2227 2252 2252 2252 2228 2228 2228 2199 2199 2199 2229 2229 2229 2252 2252 2252 2215 2215 2215 2210 2210 2210 2216 2216 2216 2256 2256 2256 2281 2281 2281 2275 2275 2275 2276 2276 2276 2275 2275 2275 2274 2274 2274 2278 2278 2278 2273 2273 2273 2272 2272 2272 2279 2279 2279 2272 2272 2272 2271 2271 2271 2277 2277 2277 2274 2274 2274 2273 2273 2273 2270 2270 2270 2259 2259 2259 2280 2280 2280 2260 2260 2260 2269 2269 2269 2268 2268 2268 2261 2261 2261 2268 2268 2268 2267 2267 2267 2263 2263 2263 2266 2266 2266 2265 2265 2265 2264 2264 2264 2265 2265 2265 2258 2258 2258 2263 2263 2263 2262 2262 2262 2267 2267 2267 2269 2269 2269 2260 2260 2260 2259 2259 2259 2329 2329 2329 2289 2289 2289 2330 2330 2330 2331 2331 2331 2370 2370 2370 2332 2332 2332 2331 2331 2331 2330 2330 2330 2298 2298 2298 2332 2332 2332 2370 2370 2370 2333 2333 2333 2321 2321 2321 2314 2314 2314 2322 2322 2322 2320 2320 2320 2315 2315 2315 2321 2321 2321 2322 2322 2322 2312 2312 2312 2292 2292 2292 2329 2329 2329 2292 2292 2292 2291 2291 2291 2329 2329 2329 2322 2322 2322 2292 2292 2292 2314 2314 2314 2312 2312 2312 2322 2322 2322 2366 2366 2366 2365 2365 2365 2333 2333 2333 2288 2288 2288 2300 2300 2300 2299 2299 2299 2288 2288 2288 2299 2299 2299 2298 2298 2298 2331 2331 2331 2298 2298 2298 2370 2370 2370 2330 2330 2330 2289 2289 2289 2298 2298 2298 2290 2290 2290 2329 2329 2329 2291 2291 2291 2289 2289 2289 2288 2288 2288 2298 2298 2298 2289 2289 2289 2329 2329 2329 2290 2290 2290 2300 2300 2300 2288 2288 2288 2301 2301 2301 2314 2314 2314 2313 2313 2313 2312 2312 2312 2366 2366 2366 2333 2333 2333 2370 2370 2370 2302 2302 2302 2301 2301 2301 2288 2288 2288 2325 2325 2325 2324 2324 2324 2323 2323 2323 2326 2326 2326 2325 2325 2325 2311 2311 2311 2323 2323 2323 2311 2311 2311 2325 2325 2325 2311 2311 2311 2323 2323 2323 2338 2338 2338 2311 2311 2311 2338 2338 2338 2337 2337 2337 2311 2311 2311 2337 2337 2337 2336 2336 2336 2335 2335 2335 2334 2334 2334 2369 2369 2369 2334 2334 2334 2282 2282 2282 2369 2369 2369 2311 2311 2311 2327 2327 2327 2326 2326 2326 2318 2318 2318 2317 2317 2317 2309 2309 2309 2319 2319 2319 2315 2315 2315 2320 2320 2320 2314 2314 2314 2321 2321 2321 2315 2315 2315 2336 2336 2336 2369 2369 2369 2311 2311 2311 2318 2318 2318 2315 2315 2315 2319 2319 2319 2315 2315 2315 2318 2318 2318 2309 2309 2309 2328 2328 2328 2327 2327 2327 2310 2310 2310 2310 2310 2310 2327 2327 2327 2311 2311 2311 2309 2309 2309 2316 2316 2316 2310 2310 2310 2328 2328 2328 2310 2310 2310 2316 2316 2316 2317 2317 2317 2316 2316 2316 2309 2309 2309 2287 2287 2287 2293 2293 2293 2302 2302 2302 2287 2287 2287 2296 2296 2296 2295 2295 2295 2297 2297 2297 2360 2360 2360 2363 2363 2363 2362 2362 2362 2297 2297 2297 2286 2286 2286 2287 2287 2287 2297 2297 2297 2296 2296 2296 2287 2287 2287 2294 2294 2294 2293 2293 2293 2295 2295 2295 2294 2294 2294 2287 2287 2287 2286 2286 2286 2297 2297 2297 2287 2287 2287 2285 2285 2285 2362 2362 2362 2286 2286 2286 2363 2363 2363 2358 2358 2358 2364 2364 2364 2358 2358 2358 2363 2363 2363 2359 2359 2359 2361 2361 2361 2297 2297 2297 2362 2362 2362 2360 2360 2360 2297 2297 2297 2361 2361 2361 2362 2362 2362 2284 2284 2284 2283 2283 2283 2283 2283 2283 2308 2308 2308 2307 2307 2307 2351 2351 2351 2283 2283 2283 2307 2307 2307 2283 2283 2283 2351 2351 2351 2362 2362 2362 2284 2284 2284 2362 2362 2362 2285 2285 2285 2358 2358 2358 2357 2357 2357 2364 2364 2364 2351 2351 2351 2307 2307 2307 2352 2352 2352 2306 2306 2306 2352 2352 2352 2307 2307 2307 2306 2306 2306 2355 2355 2355 2354 2354 2354 2306 2306 2306 2354 2354 2354 2353 2353 2353 2306 2306 2306 2353 2353 2353 2352 2352 2352 2305 2305 2305 2355 2355 2355 2306 2306 2306 2345 2345 2345 2356 2356 2356 2305 2305 2305 2355 2355 2355 2305 2305 2305 2356 2356 2356 2304 2304 2304 2345 2345 2345 2305 2305 2305 2345 2345 2345 2304 2304 2304 2346 2346 2346 2346 2346 2346 2304 2304 2304 2347 2347 2347 2342 2342 2342 2367 2367 2367 2343 2343 2343 2348 2348 2348 2347 2347 2347 2303 2303 2303 2304 2304 2304 2303 2303 2303 2347 2347 2347 2349 2349 2349 2348 2348 2348 2303 2303 2303 2339 2339 2339 2350 2350 2350 2349 2349 2349 2303 2303 2303 2339 2339 2339 2349 2349 2349 2340 2340 2340 2339 2339 2339 2303 2303 2303 2303 2303 2303 2342 2342 2342 2341 2341 2341 2367 2367 2367 2342 2342 2342 2303 2303 2303 2343 2343 2343 2367 2367 2367 2344 2344 2344 2344 2344 2344 2367 2367 2367 2368 2368 2368 2335 2335 2335 2369 2369 2369 2336 2336 2336 2303 2303 2303 2341 2341 2341 2340 2340 2340 2425 2425 2425 2447 2447 2447 2426 2426 2426 2446 2446 2446 2426 2426 2426 2447 2447 2447 2445 2445 2445 2427 2427 2427 2446 2446 2446 2428 2428 2428 2427 2427 2427 2445 2445 2445 2426 2426 2426 2446 2446 2446 2427 2427 2427 2422 2422 2422 2386 2386 2386 2423 2423 2423 2424 2424 2424 2423 2423 2423 2449 2449 2449 2449 2449 2449 2448 2448 2448 2424 2424 2424 2425 2425 2425 2424 2424 2424 2448 2448 2448 2447 2447 2447 2425 2425 2425 2448 2448 2448 2423 2423 2423 2386 2386 2386 2449 2449 2449 2443 2443 2443 2429 2429 2429 2444 2444 2444 2430 2430 2430 2429 2429 2429 2443 2443 2443 2428 2428 2428 2445 2445 2445 2444 2444 2444 2442 2442 2442 2408 2408 2408 2443 2443 2443 2430 2430 2430 2443 2443 2443 2408 2408 2408 2409 2409 2409 2442 2442 2442 2441 2441 2441 2409 2409 2409 2441 2441 2441 2440 2440 2440 2460 2460 2460 2439 2439 2439 2438 2438 2438 2461 2461 2461 2438 2438 2438 2437 2437 2437 2439 2439 2439 2459 2459 2459 2440 2440 2440 2409 2409 2409 2408 2408 2408 2442 2442 2442 2429 2429 2429 2428 2428 2428 2444 2444 2444 2387 2387 2387 2421 2421 2421 2420 2420 2420 2420 2420 2420 2388 2388 2388 2387 2387 2387 2421 2421 2421 2387 2387 2387 2386 2386 2386 2386 2386 2386 2422 2422 2422 2421 2421 2421 2419 2419 2419 2388 2388 2388 2420 2420 2420 2418 2418 2418 2389 2389 2389 2419 2419 2419 2388 2388 2388 2419 2419 2419 2389 2389 2389 2390 2390 2390 2389 2389 2389 2418 2418 2418 2391 2391 2391 2417 2417 2417 2416 2416 2416 2418 2418 2418 2417 2417 2417 2390 2390 2390 2390 2390 2390 2417 2417 2417 2391 2391 2391 2406 2406 2406 2396 2396 2396 2395 2395 2395 2373 2373 2373 2399 2399 2399 2398 2398 2398 2374 2374 2374 2398 2398 2398 2397 2397 2397 2375 2375 2375 2397 2397 2397 2396 2396 2396 2393 2393 2393 2415 2415 2415 2414 2414 2414 2392 2392 2392 2416 2416 2416 2415 2415 2415 2392 2392 2392 2415 2415 2415 2393 2393 2393 2394 2394 2394 2393 2393 2393 2407 2407 2407 2414 2414 2414 2407 2407 2407 2393 2393 2393 2394 2394 2394 2407 2407 2407 2406 2406 2406 2406 2406 2406 2395 2395 2395 2394 2394 2394 2391 2391 2391 2416 2416 2416 2392 2392 2392 2410 2410 2410 2409 2409 2409 2459 2459 2459 2410 2410 2410 2457 2457 2457 2456 2456 2456 2411 2411 2411 2456 2456 2456 2455 2455 2455 2456 2456 2456 2411 2411 2411 2410 2410 2410 2457 2457 2457 2410 2410 2410 2458 2458 2458 2400 2400 2400 2462 2462 2462 2437 2437 2437 2437 2437 2437 2462 2462 2462 2461 2461 2461 2462 2462 2462 2400 2400 2400 2371 2371 2371 2461 2461 2461 2460 2460 2460 2438 2438 2438 2460 2460 2460 2459 2459 2459 2439 2439 2439 2459 2459 2459 2458 2458 2458 2410 2410 2410 2440 2440 2440 2459 2459 2459 2409 2409 2409 2412 2412 2412 2454 2454 2454 2453 2453 2453 2455 2455 2455 2454 2454 2454 2411 2411 2411 2411 2411 2411 2454 2454 2454 2412 2412 2412 2452 2452 2452 2412 2412 2412 2453 2453 2453 2413 2413 2413 2412 2412 2412 2452 2452 2452 2431 2431 2431 2413 2413 2413 2432 2432 2432 2432 2432 2432 2452 2452 2452 2451 2451 2451 2433 2433 2433 2451 2451 2451 2450 2450 2450 2434 2434 2434 2450 2450 2450 2385 2385 2385 2432 2432 2432 2451 2451 2451 2433 2433 2433 2433 2433 2433 2450 2450 2450 2434 2434 2434 2432 2432 2432 2413 2413 2413 2452 2452 2452 2373 2373 2373 2372 2372 2372 2399 2399 2399 2396 2396 2396 2406 2406 2406 2375 2375 2375 2374 2374 2374 2397 2397 2397 2375 2375 2375 2374 2374 2374 2373 2373 2373 2398 2398 2398 2406 2406 2406 2405 2405 2405 2375 2375 2375 2376 2376 2376 2375 2375 2375 2405 2405 2405 2377 2377 2377 2376 2376 2376 2405 2405 2405 2404 2404 2404 2379 2379 2379 2378 2378 2378 2405 2405 2405 2378 2378 2378 2377 2377 2377 2404 2404 2404 2378 2378 2378 2405 2405 2405 2372 2372 2372 2371 2371 2371 2399 2399 2399 2435 2435 2435 2384 2384 2384 2383 2383 2383 2436 2436 2436 2383 2383 2383 2382 2382 2382 2384 2384 2384 2435 2435 2435 2434 2434 2434 2383 2383 2383 2436 2436 2436 2435 2435 2435 2402 2402 2402 2436 2436 2436 2382 2382 2382 2403 2403 2403 2380 2380 2380 2404 2404 2404 2381 2381 2381 2380 2380 2380 2403 2403 2403 2379 2379 2379 2404 2404 2404 2380 2380 2380 2382 2382 2382 2381 2381 2381 2403 2403 2403 2402 2402 2402 2382 2382 2382 2403 2403 2403 2402 2402 2402 2401 2401 2401 2436 2436 2436 2384 2384 2384 2434 2434 2434 2385 2385 2385 2399 2399 2399 2371 2371 2371 2400 2400 2400 2562 2562 2562 2563 2563 2563 2518 2518 2518 2519 2519 2519 2562 2562 2562 2518 2518 2518 2517 2517 2517 2518 2518 2518 2563 2563 2563 2562 2562 2562 2519 2519 2519 2561 2561 2561 2520 2520 2520 2561 2561 2561 2519 2519 2519 2560 2560 2560 2561 2561 2561 2520 2520 2520 2515 2515 2515 2566 2566 2566 2514 2514 2514 2516 2516 2516 2565 2565 2565 2515 2515 2515 2516 2516 2516 2564 2564 2564 2565 2565 2565 2563 2563 2563 2564 2564 2564 2517 2517 2517 2565 2565 2565 2566 2566 2566 2515 2515 2515 2564 2564 2564 2516 2516 2516 2517 2517 2517 2514 2514 2514 2566 2566 2566 2463 2463 2463 2559 2559 2559 2521 2521 2521 2522 2522 2522 2558 2558 2558 2559 2559 2559 2522 2522 2522 2560 2560 2560 2521 2521 2521 2559 2559 2559 2558 2558 2558 2523 2523 2523 2557 2557 2557 2524 2524 2524 2556 2556 2556 2557 2557 2557 2522 2522 2522 2523 2523 2523 2558 2558 2558 2524 2524 2524 2555 2555 2555 2556 2556 2556 2548 2548 2548 2553 2553 2553 2554 2554 2554 2550 2550 2550 2551 2551 2551 2552 2552 2552 2552 2552 2552 2553 2553 2553 2549 2549 2549 2554 2554 2554 2555 2555 2555 2547 2547 2547 2524 2524 2524 2557 2557 2557 2523 2523 2523 2520 2520 2520 2521 2521 2521 2560 2560 2560 2465 2465 2465 2512 2512 2512 2513 2513 2513 2463 2463 2463 2464 2464 2464 2514 2514 2514 2464 2464 2464 2513 2513 2513 2514 2514 2514 2512 2512 2512 2465 2465 2465 2466 2466 2466 2513 2513 2513 2464 2464 2464 2465 2465 2465 2511 2511 2511 2512 2512 2512 2466 2466 2466 2510 2510 2510 2511 2511 2511 2467 2467 2467 2466 2466 2466 2467 2467 2467 2511 2511 2511 2468 2468 2468 2510 2510 2510 2467 2467 2467 2469 2469 2469 2509 2509 2509 2468 2468 2468 2510 2510 2510 2468 2468 2468 2509 2509 2509 2470 2470 2470 2508 2508 2508 2469 2469 2469 2509 2509 2509 2469 2469 2469 2508 2508 2508 2486 2486 2486 2475 2475 2475 2476 2476 2476 2504 2504 2504 2474 2474 2474 2475 2475 2475 2483 2483 2483 2478 2478 2478 2479 2479 2479 2484 2484 2484 2477 2477 2477 2478 2478 2478 2485 2485 2485 2476 2476 2476 2477 2477 2477 2471 2471 2471 2506 2506 2506 2507 2507 2507 2508 2508 2508 2470 2470 2470 2507 2507 2507 2470 2470 2470 2471 2471 2471 2507 2507 2507 2473 2473 2473 2505 2505 2505 2472 2472 2472 2472 2472 2472 2505 2505 2505 2506 2506 2506 2504 2504 2504 2505 2505 2505 2473 2473 2473 2471 2471 2471 2472 2472 2472 2506 2506 2506 2504 2504 2504 2473 2473 2473 2474 2474 2474 2525 2525 2525 2546 2546 2546 2524 2524 2524 2543 2543 2543 2544 2544 2544 2525 2525 2525 2544 2544 2544 2545 2545 2545 2525 2525 2525 2543 2543 2543 2526 2526 2526 2542 2542 2542 2526 2526 2526 2541 2541 2541 2542 2542 2542 2526 2526 2526 2543 2543 2543 2525 2525 2525 2480 2480 2480 2551 2551 2551 2550 2550 2550 2550 2550 2550 2552 2552 2552 2549 2549 2549 2550 2550 2550 2481 2481 2481 2480 2480 2480 2547 2547 2547 2555 2555 2555 2546 2546 2546 2549 2549 2549 2553 2553 2553 2548 2548 2548 2548 2548 2548 2554 2554 2554 2547 2547 2547 2546 2546 2546 2525 2525 2525 2545 2545 2545 2555 2555 2555 2524 2524 2524 2546 2546 2546 2527 2527 2527 2539 2539 2539 2540 2540 2540 2541 2541 2541 2526 2526 2526 2540 2540 2540 2526 2526 2526 2527 2527 2527 2540 2540 2540 2538 2538 2538 2539 2539 2539 2527 2527 2527 2528 2528 2528 2537 2537 2537 2527 2527 2527 2529 2529 2529 2530 2530 2530 2528 2528 2528 2537 2537 2537 2538 2538 2538 2527 2527 2527 2531 2531 2531 2536 2536 2536 2537 2537 2537 2536 2536 2536 2531 2531 2531 2535 2535 2535 2535 2535 2535 2532 2532 2532 2498 2498 2498 2532 2532 2532 2535 2535 2535 2531 2531 2531 2530 2530 2530 2531 2531 2531 2537 2537 2537 2537 2537 2537 2528 2528 2528 2530 2530 2530 2484 2484 2484 2478 2478 2478 2483 2483 2483 2483 2483 2483 2479 2479 2479 2482 2482 2482 2475 2475 2475 2486 2486 2486 2504 2504 2504 2485 2485 2485 2486 2486 2486 2476 2476 2476 2485 2485 2485 2477 2477 2477 2484 2484 2484 2504 2504 2504 2486 2486 2486 2503 2503 2503 2487 2487 2487 2503 2503 2503 2486 2486 2486 2488 2488 2488 2503 2503 2503 2487 2487 2487 2502 2502 2502 2503 2503 2503 2489 2489 2489 2490 2490 2490 2491 2491 2491 2502 2502 2502 2503 2503 2503 2488 2488 2488 2489 2489 2489 2490 2490 2490 2502 2502 2502 2489 2489 2489 2482 2482 2482 2479 2479 2479 2481 2481 2481 2533 2533 2533 2495 2495 2495 2496 2496 2496 2495 2495 2495 2501 2501 2501 2494 2494 2494 2533 2533 2533 2497 2497 2497 2532 2532 2532 2496 2496 2496 2497 2497 2497 2533 2533 2533 2533 2533 2533 2534 2534 2534 2495 2495 2495 2501 2501 2501 2502 2502 2502 2492 2492 2492 2493 2493 2493 2501 2501 2501 2492 2492 2492 2491 2491 2491 2492 2492 2492 2502 2502 2502 2501 2501 2501 2495 2495 2495 2500 2500 2500 2494 2494 2494 2501 2501 2501 2493 2493 2493 2534 2534 2534 2499 2499 2499 2500 2500 2500 2495 2495 2495 2534 2534 2534 2500 2500 2500 2497 2497 2497 2498 2498 2498 2532 2532 2532 2480 2480 2480 2481 2481 2481 2479 2479 2479 2586 2586 2586 2587 2587 2587 2603 2603 2603 2602 2602 2602 2603 2603 2603 2587 2587 2587 2586 2586 2586 2567 2567 2567 2585 2585 2585 2603 2603 2603 2567 2567 2567 2586 2586 2586 2601 2601 2601 2589 2589 2589 2590 2590 2590 2588 2588 2588 2589 2589 2589 2602 2602 2602 2601 2601 2601 2602 2602 2602 2589 2589 2589 2587 2587 2587 2588 2588 2588 2602 2602 2602 2584 2584 2584 2567 2567 2567 2568 2568 2568 2568 2568 2568 2583 2583 2583 2584 2584 2584 2583 2583 2583 2568 2568 2568 2569 2569 2569 2585 2585 2585 2567 2567 2567 2584 2584 2584 2582 2582 2582 2569 2569 2569 2570 2570 2570 2582 2582 2582 2570 2570 2570 2581 2581 2581 2571 2571 2571 2581 2581 2581 2570 2570 2570 2580 2580 2580 2581 2581 2581 2571 2571 2571 2583 2583 2583 2569 2569 2569 2582 2582 2582 2600 2600 2600 2601 2601 2601 2590 2590 2590 2600 2600 2600 2591 2591 2591 2592 2592 2592 2592 2592 2592 2599 2599 2599 2600 2600 2600 2599 2599 2599 2592 2592 2592 2593 2593 2593 2590 2590 2590 2591 2591 2591 2600 2600 2600 2598 2598 2598 2593 2593 2593 2594 2594 2594 2597 2597 2597 2598 2598 2598 2595 2595 2595 2594 2594 2594 2595 2595 2595 2598 2598 2598 2596 2596 2596 2597 2597 2597 2595 2595 2595 2599 2599 2599 2593 2593 2593 2598 2598 2598 2578 2578 2578 2579 2579 2579 2573 2573 2573 2579 2579 2579 2580 2580 2580 2572 2572 2572 2572 2572 2572 2580 2580 2580 2571 2571 2571 2573 2573 2573 2579 2579 2579 2572 2572 2572 2578 2578 2578 2573 2573 2573 2574 2574 2574 2576 2576 2576 2575 2575 2575 2596 2596 2596 2574 2574 2574 2577 2577 2577 2578 2578 2578 2576 2576 2576 2577 2577 2577 2575 2575 2575 2575 2575 2575 2577 2577 2577 2574 2574 2574 2575 2575 2575 2597 2597 2597 2596 2596 2596 2620 2620 2620 2621 2621 2621 2607 2607 2607 2606 2606 2606 2607 2607 2607 2621 2621 2621 2619 2619 2619 2620 2620 2620 2608 2608 2608 2607 2607 2607 2608 2608 2608 2620 2620 2620 2605 2605 2605 2623 2623 2623 2624 2624 2624 2622 2622 2622 2623 2623 2623 2606 2606 2606 2605 2605 2605 2606 2606 2606 2623 2623 2623 2621 2621 2621 2622 2622 2622 2606 2606 2606 2618 2618 2618 2619 2619 2619 2608 2608 2608 2610 2610 2610 2617 2617 2617 2609 2609 2609 2618 2618 2618 2609 2609 2609 2617 2617 2617 2608 2608 2608 2609 2609 2609 2618 2618 2618 2615 2615 2615 2616 2616 2616 2610 2610 2610 2617 2617 2617 2610 2610 2610 2616 2616 2616 2614 2614 2614 2615 2615 2615 2611 2611 2611 2610 2610 2610 2611 2611 2611 2615 2615 2615 2611 2611 2611 2612 2612 2612 2614 2614 2614 2604 2604 2604 2605 2605 2605 2624 2624 2624 2604 2604 2604 2625 2625 2625 2626 2626 2626 2626 2626 2626 2640 2640 2640 2604 2604 2604 2640 2640 2640 2626 2626 2626 2627 2627 2627 2628 2628 2628 2639 2639 2639 2627 2627 2627 2640 2640 2640 2627 2627 2627 2639 2639 2639 2629 2629 2629 2638 2638 2638 2628 2628 2628 2639 2639 2639 2628 2628 2628 2638 2638 2638 2637 2637 2637 2638 2638 2638 2629 2629 2629 2632 2632 2632 2633 2633 2633 2634 2634 2634 2613 2613 2613 2612 2612 2612 2633 2633 2633 2634 2634 2634 2633 2633 2633 2612 2612 2612 2614 2614 2614 2612 2612 2612 2613 2613 2613 2632 2632 2632 2634 2634 2634 2635 2635 2635 2636 2636 2636 2637 2637 2637 2630 2630 2630 2629 2629 2629 2630 2630 2630 2637 2637 2637 2632 2632 2632 2635 2635 2635 2631 2631 2631 2631 2631 2631 2635 2635 2635 2636 2636 2636 2630 2630 2630 2631 2631 2631 2636 2636 2636 2625 2625 2625 2604 2604 2604 2624 2624 2624 2655 2655 2655 2646 2646 2646 2641 2641 2641 2663 2663 2663 2646 2646 2646 2655 2655 2655 2664 2664 2664 2648 2648 2648 2647 2647 2647 2648 2648 2648 2664 2664 2664 2665 2665 2665 2646 2646 2646 2663 2663 2663 2647 2647 2647 2654 2654 2654 2663 2663 2663 2655 2655 2655 2653 2653 2653 2662 2662 2662 2654 2654 2654 2662 2662 2662 2663 2663 2663 2654 2654 2654 2660 2660 2660 2664 2664 2664 2661 2661 2661 2663 2663 2663 2662 2662 2662 2661 2661 2661 2659 2659 2659 2665 2665 2665 2664 2664 2664 2664 2664 2664 2663 2663 2663 2661 2661 2661 2666 2666 2666 2650 2650 2650 2649 2649 2649 2650 2650 2650 2666 2666 2666 2667 2667 2667 2665 2665 2665 2659 2659 2659 2658 2658 2658 2651 2651 2651 2667 2667 2667 2668 2668 2668 2652 2652 2652 2644 2644 2644 2643 2643 2643 2644 2644 2644 2652 2652 2652 2668 2668 2668 2657 2657 2657 2667 2667 2667 2666 2666 2666 2667 2667 2667 2657 2657 2657 2656 2656 2656 2656 2656 2656 2645 2645 2645 2668 2668 2668 2644 2644 2644 2668 2668 2668 2645 2645 2645 2645 2645 2645 2656 2656 2656 2642 2642 2642 2672 2672 2672 2675 2675 2675 2677 2677 2677 2675 2675 2675 2671 2671 2671 2676 2676 2676 2680 2680 2680 2679 2679 2679 2671 2671 2671 2678 2678 2678 2680 2680 2680 2675 2675 2675 2722 2722 2722 2669 2669 2669 2684 2684 2684 2723 2723 2723 2684 2684 2684 2685 2685 2685 2721 2721 2721 2722 2722 2722 2723 2723 2723 2723 2723 2723 2722 2722 2722 2684 2684 2684 2724 2724 2724 2723 2723 2723 2686 2686 2686 2687 2687 2687 2724 2724 2724 2686 2686 2686 2725 2725 2725 2724 2724 2724 2688 2688 2688 2689 2689 2689 2690 2690 2690 2725 2725 2725 2691 2691 2691 2692 2692 2692 2727 2727 2727 2726 2726 2726 2690 2690 2690 2691 2691 2691 2692 2692 2692 2693 2693 2693 2727 2727 2727 2694 2694 2694 2728 2728 2728 2693 2693 2693 2687 2687 2687 2688 2688 2688 2724 2724 2724 2723 2723 2723 2724 2724 2724 2718 2718 2718 2720 2720 2720 2670 2670 2670 2721 2721 2721 2720 2720 2720 2723 2723 2723 2719 2719 2719 2721 2721 2721 2723 2723 2723 2720 2720 2720 2724 2724 2724 2725 2725 2725 2716 2716 2716 2718 2718 2718 2724 2724 2724 2717 2717 2717 2716 2716 2716 2725 2725 2725 2715 2715 2715 2726 2726 2726 2714 2714 2714 2715 2715 2715 2725 2725 2725 2726 2726 2726 2715 2715 2715 2726 2726 2726 2727 2727 2727 2714 2714 2714 2727 2727 2727 2726 2726 2726 2691 2691 2691 2727 2727 2727 2728 2728 2728 2712 2712 2712 2728 2728 2728 2711 2711 2711 2712 2712 2712 2679 2679 2679 2711 2711 2711 2728 2728 2728 2676 2676 2676 2728 2728 2728 2694 2694 2694 2677 2677 2677 2676 2676 2676 2695 2695 2695 2694 2694 2694 2695 2695 2695 2676 2676 2676 2696 2696 2696 2697 2697 2697 2674 2674 2674 2674 2674 2674 2698 2698 2698 2672 2672 2672 2698 2698 2698 2674 2674 2674 2697 2697 2697 2728 2728 2728 2676 2676 2676 2671 2671 2671 2729 2729 2729 2698 2698 2698 2699 2699 2699 2699 2699 2699 2700 2700 2700 2730 2730 2730 2700 2700 2700 2701 2701 2701 2731 2731 2731 2701 2701 2701 2702 2702 2702 2732 2732 2732 2702 2702 2702 2681 2681 2681 2682 2682 2682 2702 2702 2702 2682 2682 2682 2732 2732 2732 2672 2672 2672 2698 2698 2698 2729 2729 2729 2707 2707 2707 2672 2672 2672 2729 2729 2729 2711 2711 2711 2679 2679 2679 2710 2710 2710 2679 2679 2679 2680 2680 2680 2710 2710 2710 2680 2680 2680 2678 2678 2678 2709 2709 2709 2729 2729 2729 2706 2706 2706 2707 2707 2707 2707 2707 2707 2708 2708 2708 2678 2678 2678 2707 2707 2707 2678 2678 2678 2672 2672 2672 2730 2730 2730 2731 2731 2731 2705 2705 2705 2731 2731 2731 2732 2732 2732 2704 2704 2704 2682 2682 2682 2683 2683 2683 2732 2732 2732 2732 2732 2732 2683 2683 2683 2703 2703 2703 2683 2683 2683 2673 2673 2673 2703 2703 2703 2705 2705 2705 2706 2706 2706 2730 2730 2730 2728 2728 2728 2671 2671 2671 2679 2679 2679 2759 2759 2759 2738 2738 2738 2743 2743 2743 2736 2736 2736 2737 2737 2737 2759 2759 2759 2738 2738 2738 2759 2759 2759 2737 2737 2737 2759 2759 2759 2743 2743 2743 2760 2760 2760 2760 2760 2760 2744 2744 2744 2745 2745 2745 2746 2746 2746 2761 2761 2761 2745 2745 2745 2760 2760 2760 2745 2745 2745 2762 2762 2762 2743 2743 2743 2744 2744 2744 2760 2760 2760 2756 2756 2756 2759 2759 2759 2760 2760 2760 2735 2735 2735 2736 2736 2736 2759 2759 2759 2760 2760 2760 2755 2755 2755 2756 2756 2756 2735 2735 2735 2759 2759 2759 2756 2756 2756 2754 2754 2754 2762 2762 2762 2761 2761 2761 2745 2745 2745 2761 2761 2761 2762 2762 2762 2754 2754 2754 2761 2761 2761 2753 2753 2753 2763 2763 2763 2753 2753 2753 2761 2761 2761 2752 2752 2752 2753 2753 2753 2763 2763 2763 2763 2763 2763 2761 2761 2761 2746 2746 2746 2754 2754 2754 2755 2755 2755 2760 2760 2760 2763 2763 2763 2746 2746 2746 2747 2747 2747 2741 2741 2741 2765 2765 2765 2764 2764 2764 2747 2747 2747 2741 2741 2741 2764 2764 2764 2741 2741 2741 2742 2742 2742 2748 2748 2748 2749 2749 2749 2766 2766 2766 2748 2748 2748 2749 2749 2749 2733 2733 2733 2757 2757 2757 2748 2748 2748 2765 2765 2765 2741 2741 2741 2749 2749 2749 2757 2757 2757 2766 2766 2766 2740 2740 2740 2752 2752 2752 2764 2764 2764 2751 2751 2751 2739 2739 2739 2740 2740 2740 2740 2740 2740 2765 2765 2765 2751 2751 2751 2750 2750 2750 2766 2766 2766 2758 2758 2758 2757 2757 2757 2758 2758 2758 2766 2766 2766 2766 2766 2766 2750 2750 2750 2751 2751 2751 2758 2758 2758 2734 2734 2734 2750 2750 2750 2765 2765 2765 2766 2766 2766 2751 2751 2751 2766 2766 2766 2765 2765 2765 2748 2748 2748 2747 2747 2747 2764 2764 2764 2763 2763 2763 2782 2782 2782 2772 2772 2772 2767 2767 2767 2772 2772 2772 2782 2782 2782 2781 2781 2781 2772 2772 2772 2790 2790 2790 2789 2789 2789 2773 2773 2773 2789 2789 2789 2788 2788 2788 2774 2774 2774 2788 2788 2788 2787 2787 2787 2780 2780 2780 2790 2790 2790 2781 2781 2781 2790 2790 2790 2772 2772 2772 2781 2781 2781 2775 2775 2775 2787 2787 2787 2786 2786 2786 2776 2776 2776 2786 2786 2786 2785 2785 2785 2777 2777 2777 2785 2785 2785 2784 2784 2784 2770 2770 2770 2769 2769 2769 2779 2779 2779 2778 2778 2778 2784 2784 2784 2783 2783 2783 2783 2783 2783 2770 2770 2770 2779 2779 2779 2768 2768 2768 2771 2771 2771 2783 2783 2783 2771 2771 2771 2770 2770 2770 2783 2783 2783 2797 2797 2797 2804 2804 2804 2803 2803 2803 2799 2799 2799 2800 2800 2800 2791 2791 2791 2799 2799 2799 2802 2802 2802 2801 2801 2801 2799 2799 2799 2801 2801 2801 2800 2800 2800 2802 2802 2802 2798 2798 2798 2803 2803 2803 2793 2793 2793 2795 2795 2795 2794 2794 2794 2792 2792 2792 2805 2805 2805 2794 2794 2794 2796 2796 2796 2795 2795 2795 2793 2793 2793 2796 2796 2796 2804 2804 2804 2797 2797 2797 2798 2798 2798 2802 2802 2802 2799 2799 2799 2797 2797 2797 2803 2803 2803 2798 2798 2798 2804 2804 2804 2796 2796 2796 2793 2793 2793 2807 2807 2807 2806 2806 2806 2814 2814 2814 2808 2808 2808 2814 2814 2814 2813 2813 2813 2816 2816 2816 2812 2812 2812 2811 2811 2811 2818 2818 2818 2810 2810 2810 2809 2809 2809 2810 2810 2810 2817 2817 2817 2811 2811 2811 2812 2812 2812 2808 2808 2808 2813 2813 2813 2814 2814 2814 2808 2808 2808 2807 2807 2807 2811 2811 2811 2817 2817 2817 2816 2816 2816 2812 2812 2812 2816 2816 2816 2808 2808 2808 2809 2809 2809 2819 2819 2819 2818 2818 2818 2809 2809 2809 2815 2815 2815 2820 2820 2820 2809 2809 2809 2820 2820 2820 2819 2819 2819 2810 2810 2810 2818 2818 2818 2817 2817 2817 2828 2828 2828 2829 2829 2829 2842 2842 2842 2829 2829 2829 2830 2830 2830 2842 2842 2842 2841 2841 2841 2831 2831 2831 2832 2832 2832 2842 2842 2842 2830 2830 2830 2831 2831 2831 2828 2828 2828 2843 2843 2843 2827 2827 2827 2825 2825 2825 2826 2826 2826 2838 2838 2838 2827 2827 2827 2838 2838 2838 2826 2826 2826 2823 2823 2823 2824 2824 2824 2838 2838 2838 2825 2825 2825 2838 2838 2838 2824 2824 2824 2837 2837 2837 2838 2838 2838 2827 2827 2827 2842 2842 2842 2831 2831 2831 2841 2841 2841 2845 2845 2845 2844 2844 2844 2839 2839 2839 2844 2844 2844 2836 2836 2836 2843 2843 2843 2844 2844 2844 2845 2845 2845 2821 2821 2821 2840 2840 2840 2845 2845 2845 2839 2839 2839 2821 2821 2821 2836 2836 2836 2844 2844 2844 2843 2843 2843 2837 2837 2837 2827 2827 2827 2837 2837 2837 2843 2843 2843 2836 2836 2836 2842 2842 2842 2843 2843 2843 2828 2828 2828 2833 2833 2833 2834 2834 2834 2835 2835 2835 2836 2836 2836 2833 2833 2833 2835 2835 2835 2833 2833 2833 2836 2836 2836 2822 2822 2822 2836 2836 2836 2821 2821 2821 2822 2822 2822 2848 2848 2848 2850 2850 2850 2853 2853 2853 2851 2851 2851 2853 2853 2853 2852 2852 2852 2856 2856 2856 2851 2851 2851 2847 2847 2847 2854 2854 2854 2848 2848 2848 2851 2851 2851 2873 2873 2873 2860 2860 2860 2846 2846 2846 2860 2860 2860 2886 2886 2886 2885 2885 2885 2873 2873 2873 2886 2886 2886 2860 2860 2860 2886 2886 2886 2884 2884 2884 2885 2885 2885 2872 2872 2872 2886 2886 2886 2873 2873 2873 2861 2861 2861 2885 2885 2885 2862 2862 2862 2862 2862 2862 2887 2887 2887 2888 2888 2888 2863 2863 2863 2888 2888 2888 2889 2889 2889 2853 2853 2853 2865 2865 2865 2852 2852 2852 2850 2850 2850 2866 2866 2866 2865 2865 2865 2864 2864 2864 2889 2889 2889 2852 2852 2852 2884 2884 2884 2872 2872 2872 2871 2871 2871 2885 2885 2885 2883 2883 2883 2882 2882 2882 2884 2884 2884 2886 2886 2886 2872 2872 2872 2887 2887 2887 2882 2882 2882 2888 2888 2888 2881 2881 2881 2889 2889 2889 2888 2888 2888 2852 2852 2852 2889 2889 2889 2847 2847 2847 2855 2855 2855 2847 2847 2847 2889 2889 2889 2881 2881 2881 2880 2880 2880 2889 2889 2889 2855 2855 2855 2889 2889 2889 2880 2880 2880 2879 2879 2879 2856 2856 2856 2855 2855 2855 2867 2867 2867 2866 2866 2866 2850 2850 2850 2890 2890 2890 2867 2867 2867 2850 2850 2850 2854 2854 2854 2890 2890 2890 2848 2848 2848 2850 2850 2850 2848 2848 2848 2890 2890 2890 2891 2891 2891 2868 2868 2868 2890 2890 2890 2890 2890 2890 2877 2877 2877 2876 2876 2876 2868 2868 2868 2891 2891 2891 2892 2892 2892 2893 2893 2893 2869 2869 2869 2892 2892 2892 2869 2869 2869 2893 2893 2893 2870 2870 2870 2857 2857 2857 2870 2870 2870 2858 2858 2858 2858 2858 2858 2870 2870 2870 2894 2894 2894 2891 2891 2891 2876 2876 2876 2892 2892 2892 2856 2856 2856 2879 2879 2879 2854 2854 2854 2854 2854 2854 2878 2878 2878 2877 2877 2877 2877 2877 2877 2890 2890 2890 2854 2854 2854 2894 2894 2894 2893 2893 2893 2874 2874 2874 2858 2858 2858 2894 2894 2894 2859 2859 2859 2859 2859 2859 2894 2894 2894 2874 2874 2874 2893 2893 2893 2875 2875 2875 2874 2874 2874 2859 2859 2859 2874 2874 2874 2849 2849 2849 2875 2875 2875 2893 2893 2893 2892 2892 2892 2939 2939 2939 2895 2895 2895 2929 2929 2929 2938 2938 2938 2930 2930 2930 2931 2931 2931 2971 2971 2971 2972 2972 2972 2931 2931 2931 2939 2939 2939 2929 2929 2929 2930 2930 2930 2938 2938 2938 2939 2939 2939 2930 2930 2930 2938 2938 2938 2931 2931 2931 2937 2937 2937 2933 2933 2933 2958 2958 2958 2932 2932 2932 2973 2973 2973 2931 2931 2931 2972 2972 2972 2971 2971 2971 2931 2931 2931 2932 2932 2932 2931 2931 2931 2973 2973 2973 2937 2937 2937 2932 2932 2932 2959 2959 2959 2971 2971 2971 2957 2957 2957 2933 2933 2933 2956 2956 2956 2933 2933 2933 2957 2957 2957 2958 2958 2958 2959 2959 2959 2932 2932 2932 2958 2958 2958 2960 2960 2960 2970 2970 2970 2971 2971 2971 2960 2960 2960 2969 2969 2969 2970 2970 2970 2940 2940 2940 2914 2914 2914 2968 2968 2968 2940 2940 2940 2969 2969 2969 2960 2960 2960 2960 2960 2960 2971 2971 2971 2959 2959 2959 2956 2956 2956 2933 2933 2933 2902 2902 2902 2937 2937 2937 2918 2918 2918 2936 2936 2936 2919 2919 2919 2935 2935 2935 2936 2936 2936 2907 2907 2907 2908 2908 2908 2937 2937 2937 2937 2937 2937 2908 2908 2908 2918 2918 2918 2937 2937 2937 2973 2973 2973 2907 2907 2907 2935 2935 2935 2920 2920 2920 2934 2934 2934 2935 2935 2935 2919 2919 2919 2920 2920 2920 2918 2918 2918 2910 2910 2910 2917 2917 2917 2917 2917 2917 2942 2942 2942 2916 2916 2916 2918 2918 2918 2919 2919 2919 2936 2936 2936 2908 2908 2908 2909 2909 2909 2918 2918 2918 2940 2940 2940 2912 2912 2912 2913 2913 2913 2941 2941 2941 2912 2912 2912 2940 2940 2940 2911 2911 2911 2912 2912 2912 2941 2941 2941 2917 2917 2917 2941 2941 2941 2942 2942 2942 2911 2911 2911 2941 2941 2941 2910 2910 2910 2943 2943 2943 2916 2916 2916 2942 2942 2942 2915 2915 2915 2916 2916 2916 2981 2981 2981 2916 2916 2916 2944 2944 2944 2980 2980 2980 2944 2944 2944 2916 2916 2916 2943 2943 2943 2917 2917 2917 2910 2910 2910 2941 2941 2941 2898 2898 2898 2948 2948 2948 2949 2949 2949 2910 2910 2910 2918 2918 2918 2909 2909 2909 2914 2914 2914 2940 2940 2940 2913 2913 2913 2933 2933 2933 2900 2900 2900 2901 2901 2901 2902 2902 2902 2903 2903 2903 2956 2956 2956 2961 2961 2961 2905 2905 2905 2906 2906 2906 2961 2961 2961 2962 2962 2962 2905 2905 2905 2903 2903 2903 2963 2963 2963 2955 2955 2955 2904 2904 2904 2962 2962 2962 2903 2903 2903 2903 2903 2903 2955 2955 2955 2956 2956 2956 2964 2964 2964 2953 2953 2953 2954 2954 2954 2954 2954 2954 2955 2955 2955 2963 2963 2963 2963 2963 2963 2903 2903 2903 2962 2962 2962 2962 2962 2962 2904 2904 2904 2905 2905 2905 2953 2953 2953 2964 2964 2964 2965 2965 2965 2963 2963 2963 2964 2964 2964 2954 2954 2954 2952 2952 2952 2965 2965 2965 2966 2966 2966 2965 2965 2965 2952 2952 2952 2953 2953 2953 2951 2951 2951 2952 2952 2952 2966 2966 2966 2976 2976 2976 2949 2949 2949 2950 2950 2950 2950 2950 2950 2975 2975 2975 2976 2976 2976 2951 2951 2951 2967 2967 2967 2950 2950 2950 2975 2975 2975 2950 2950 2950 2974 2974 2974 2967 2967 2967 2974 2974 2974 2950 2950 2950 2967 2967 2967 2951 2951 2951 2966 2966 2966 2969 2969 2969 2940 2940 2940 2968 2968 2968 2979 2979 2979 2926 2926 2926 2978 2978 2978 2924 2924 2924 2925 2925 2925 2945 2945 2945 2946 2946 2946 2924 2924 2924 2945 2945 2945 2979 2979 2979 2945 2945 2945 2925 2925 2925 2979 2979 2979 2980 2980 2980 2944 2944 2944 2925 2925 2925 2926 2926 2926 2979 2979 2979 2981 2981 2981 2916 2916 2916 2980 2980 2980 2928 2928 2928 2977 2977 2977 2927 2927 2927 2926 2926 2926 2927 2927 2927 2977 2977 2977 2977 2977 2977 2978 2978 2978 2926 2926 2926 2944 2944 2944 2945 2945 2945 2979 2979 2979 2897 2897 2897 2949 2949 2949 2896 2896 2896 2976 2976 2976 2896 2896 2896 2949 2949 2949 2948 2948 2948 2898 2898 2898 2899 2899 2899 2924 2924 2924 2946 2946 2946 2923 2923 2923 2947 2947 2947 2923 2923 2923 2946 2946 2946 2923 2923 2923 2947 2947 2947 2922 2922 2922 2921 2921 2921 2922 2922 2922 2948 2948 2948 2921 2921 2921 2948 2948 2948 2899 2899 2899 2948 2948 2948 2922 2922 2922 2947 2947 2947 2898 2898 2898 2949 2949 2949 2897 2897 2897 2902 2902 2902 2933 2933 2933 2901 2901 2901 3034 3034 3034 2984 2984 2984 2983 2983 2983 2983 2983 2983 3035 3035 3035 3034 3034 3034 2984 2984 2984 3034 3034 3034 3033 3033 3033 3035 3035 3035 2983 2983 2983 3006 3006 3006 3014 3014 3014 3037 3037 3037 3015 3015 3015 3036 3036 3036 3015 3015 3015 3037 3037 3037 3006 3006 3006 3036 3036 3036 3035 3035 3035 3013 3013 3013 3038 3038 3038 3037 3037 3037 3012 3012 3012 3038 3038 3038 3013 3013 3013 3014 3014 3014 3013 3013 3013 3037 3037 3037 3032 3032 3032 2984 2984 2984 3033 3033 3033 3036 3036 3036 3006 3006 3006 3015 3015 3015 2984 2984 2984 3032 3032 3032 2985 2985 2985 2985 2985 2985 3032 3032 3032 3031 3031 3031 3039 3039 3039 3038 3038 3038 3011 3011 3011 3031 3031 3031 3030 3030 3030 2985 2985 2985 2986 2986 2986 2985 2985 2985 3030 3030 3030 3012 3012 3012 3011 3011 3011 3038 3038 3038 3010 3010 3010 3039 3039 3039 3011 3011 3011 3008 3008 3008 3040 3040 3040 3009 3009 3009 3010 3010 3010 3009 3009 3009 3040 3040 3040 3040 3040 3040 3008 3008 3008 3041 3041 3041 3039 3039 3039 3010 3010 3010 3040 3040 3040 3029 3029 3029 2986 2986 2986 3030 3030 3030 3017 3017 3017 3002 3002 3002 3018 3018 3018 3006 3006 3006 3003 3003 3003 3017 3017 3017 3006 3006 3006 3017 3017 3017 3016 3016 3016 3016 3016 3016 3015 3015 3015 3006 3006 3006 3019 3019 3019 3018 3018 3018 3001 3001 3001 3005 3005 3005 3004 3004 3004 3006 3006 3006 3004 3004 3004 3003 3003 3003 3006 3006 3006 3017 3017 3017 3003 3003 3003 3002 3002 3002 3002 3002 3002 3001 3001 3001 3018 3018 3018 3001 3001 3001 3000 3000 3000 3019 3019 3019 3000 3000 3000 3020 3020 3020 3019 3019 3019 2999 2999 2999 3022 3022 3022 3021 3021 3021 2999 2999 2999 3021 3021 3021 3020 3020 3020 2997 2997 2997 3025 3025 3025 3024 3024 3024 2998 2998 2998 3024 3024 3024 3023 3023 3023 2998 2998 2998 3023 3023 3023 3022 3022 3022 2998 2998 2998 2997 2997 2997 3024 3024 3024 3022 3022 3022 2999 2999 2999 2998 2998 2998 2996 2996 2996 3027 3027 3027 3026 3026 3026 2995 2995 2995 3027 3027 3027 2996 2996 2996 2997 2997 2997 2996 2996 2996 3026 3026 3026 3025 3025 3025 2997 2997 2997 3026 3026 3026 3000 3000 3000 2999 2999 2999 3020 3020 3020 2987 2987 2987 3029 3029 3029 3052 3052 3052 3051 3051 3051 2988 2988 2988 2987 2987 2987 3050 3050 3050 2988 2988 2988 3051 3051 3051 3052 3052 3052 3051 3051 3051 2987 2987 2987 2987 2987 2987 2986 2986 2986 3029 3029 3029 3041 3041 3041 3007 3007 3007 3063 3063 3063 3008 3008 3008 3007 3007 3007 3041 3041 3041 3041 3041 3041 3063 3063 3063 3042 3042 3042 3043 3043 3043 3042 3042 3042 3062 3062 3062 3043 3043 3043 3061 3061 3061 3044 3044 3044 3049 3049 3049 2988 2988 2988 3050 3050 3050 3049 3049 3049 2990 2990 2990 2989 2989 2989 3048 3048 3048 2991 2991 2991 2990 2990 2990 3048 3048 3048 2993 2993 2993 2992 2992 2992 3048 3048 3048 2994 2994 2994 2993 2993 2993 3048 3048 3048 2992 2992 2992 2991 2991 2991 3045 3045 3045 3044 3044 3044 3060 3060 3060 3047 3047 3047 2982 2982 2982 3048 3048 3048 2990 2990 2990 3049 3049 3049 3048 3048 3048 3064 3064 3064 2982 2982 2982 3047 3047 3047 3048 3048 3048 2982 2982 2982 2994 2994 2994 3064 3064 3064 3047 3047 3047 3046 3046 3046 2988 2988 2988 3049 3049 3049 2989 2989 2989 3046 3046 3046 3045 3045 3045 3059 3059 3059 3042 3042 3042 3063 3063 3063 3062 3062 3062 3060 3060 3060 3044 3044 3044 3061 3061 3061 3071 3071 3071 3055 3055 3055 3072 3072 3072 3062 3062 3062 3061 3061 3061 3043 3043 3043 3072 3072 3072 3055 3055 3055 3054 3054 3054 3074 3074 3074 3028 3028 3028 2995 2995 2995 3028 3028 3028 3027 3027 3027 2995 2995 2995 3053 3053 3053 3028 3028 3028 3074 3074 3074 3053 3053 3053 3073 3073 3073 3054 3054 3054 3072 3072 3072 3054 3054 3054 3073 3073 3073 3074 3074 3074 3073 3073 3073 3053 3053 3053 3064 3064 3064 3059 3059 3059 3058 3058 3058 3058 3058 3058 3057 3057 3057 3069 3069 3069 3065 3065 3065 3064 3064 3064 3066 3066 3066 3067 3067 3067 3064 3064 3064 3058 3058 3058 3059 3059 3059 3045 3045 3045 3060 3060 3060 3064 3064 3064 3067 3067 3067 3066 3066 3066 3071 3071 3071 3070 3070 3070 3056 3056 3056 3070 3070 3070 3057 3057 3057 3056 3056 3056 3055 3055 3055 3071 3071 3071 3056 3056 3056 3057 3057 3057 3070 3070 3070 3069 3069 3069 3069 3069 3069 3068 3068 3068 3058 3058 3058 3068 3068 3068 3067 3067 3067 3058 3058 3058 3064 3064 3064 3046 3046 3046 3059 3059 3059 3100 3100 3100 3099 3099 3099 3164 3164 3164 3100 3100 3100 3164 3164 3164 3163 3163 3163 3102 3102 3102 3101 3101 3101 3160 3160 3160 3103 3103 3103 3102 3102 3102 3159 3159 3159 3162 3162 3162 3101 3101 3101 3100 3100 3100 3165 3165 3165 3164 3164 3164 3099 3099 3099 3167 3167 3167 3097 3097 3097 3168 3168 3168 3098 3098 3098 3097 3097 3097 3167 3167 3167 3129 3129 3129 3168 3168 3168 3097 3097 3097 3098 3098 3098 3167 3167 3167 3166 3166 3166 3099 3099 3099 3098 3098 3098 3166 3166 3166 3166 3166 3166 3165 3165 3165 3099 3099 3099 3160 3160 3160 3159 3159 3159 3102 3102 3102 3105 3105 3105 3104 3104 3104 3106 3106 3106 3101 3101 3101 3161 3161 3161 3160 3160 3160 3159 3159 3159 3158 3158 3158 3103 3103 3103 3158 3158 3158 3106 3106 3106 3103 3103 3103 3157 3157 3157 3106 3106 3106 3158 3158 3158 3162 3162 3162 3100 3100 3100 3163 3163 3163 3161 3161 3161 3101 3101 3101 3162 3162 3162 3157 3157 3157 3156 3156 3156 3174 3174 3174 3155 3155 3155 3154 3154 3154 3175 3175 3175 3175 3175 3175 3156 3156 3156 3155 3155 3155 3157 3157 3157 3174 3174 3174 3106 3106 3106 3106 3106 3106 3104 3104 3104 3103 3103 3103 3131 3131 3131 3096 3096 3096 3095 3095 3095 3097 3097 3097 3096 3096 3096 3129 3129 3129 3129 3129 3129 3096 3096 3096 3130 3130 3130 3095 3095 3095 3132 3132 3132 3131 3131 3131 3096 3096 3096 3131 3131 3131 3130 3130 3130 3094 3094 3094 3132 3132 3132 3095 3095 3095 3136 3136 3136 3093 3093 3093 3092 3092 3092 3094 3094 3094 3093 3093 3093 3134 3134 3134 3091 3091 3091 3138 3138 3138 3092 3092 3092 3091 3091 3091 3090 3090 3090 3139 3139 3139 3093 3093 3093 3135 3135 3135 3134 3134 3134 3133 3133 3133 3094 3094 3094 3134 3134 3134 3133 3133 3133 3132 3132 3132 3094 3094 3094 3136 3136 3136 3092 3092 3092 3137 3137 3137 3143 3143 3143 3142 3142 3142 3115 3115 3115 3142 3142 3142 3141 3141 3141 3116 3116 3116 3116 3116 3116 3141 3141 3141 3087 3087 3087 3087 3087 3087 3089 3089 3089 3088 3088 3088 3138 3138 3138 3137 3137 3137 3092 3092 3092 3139 3139 3139 3138 3138 3138 3091 3091 3091 3087 3087 3087 3090 3090 3090 3089 3089 3089 3087 3087 3087 3140 3140 3140 3090 3090 3090 3087 3087 3087 3141 3141 3141 3140 3140 3140 3090 3090 3090 3140 3140 3140 3139 3139 3139 3114 3114 3114 3144 3144 3144 3143 3143 3143 3135 3135 3135 3093 3093 3093 3136 3136 3136 3153 3153 3153 3176 3176 3176 3154 3154 3154 3176 3176 3176 3175 3175 3175 3154 3154 3154 3152 3152 3152 3176 3176 3176 3153 3153 3153 3174 3174 3174 3156 3156 3156 3175 3175 3175 3075 3075 3075 3173 3173 3173 3172 3172 3172 3106 3106 3106 3174 3174 3174 3173 3173 3173 3177 3177 3177 3152 3152 3152 3151 3151 3151 3177 3177 3177 3151 3151 3151 3150 3150 3150 3150 3150 3150 3149 3149 3149 3108 3108 3108 3148 3148 3148 3109 3109 3109 3149 3149 3149 3108 3108 3108 3149 3149 3149 3109 3109 3109 3177 3177 3177 3150 3150 3150 3108 3108 3108 3177 3177 3177 3176 3176 3176 3152 3152 3152 3082 3082 3082 3172 3172 3172 3083 3083 3083 3083 3083 3083 3172 3172 3172 3084 3084 3084 3085 3085 3085 3172 3172 3172 3086 3086 3086 3086 3086 3086 3172 3172 3172 3076 3076 3076 3084 3084 3084 3172 3172 3172 3085 3085 3085 3077 3077 3077 3171 3171 3171 3170 3170 3170 3078 3078 3078 3170 3170 3170 3169 3169 3169 3077 3077 3077 3170 3170 3170 3078 3078 3078 3078 3078 3078 3169 3169 3169 3128 3128 3128 3076 3076 3076 3171 3171 3171 3077 3077 3077 3171 3171 3171 3076 3076 3076 3172 3172 3172 3075 3075 3075 3172 3172 3172 3082 3082 3082 3173 3173 3173 3075 3075 3075 3106 3106 3106 3078 3078 3078 3128 3128 3128 3079 3079 3079 3110 3110 3110 3148 3148 3148 3147 3147 3147 3110 3110 3110 3147 3147 3147 3146 3146 3146 3146 3146 3146 3112 3112 3112 3111 3111 3111 3146 3146 3146 3111 3111 3111 3110 3110 3110 3148 3148 3148 3110 3110 3110 3109 3109 3109 3145 3145 3145 3112 3112 3112 3146 3146 3146 3144 3144 3144 3114 3114 3114 3113 3113 3113 3112 3112 3112 3145 3145 3145 3113 3113 3113 3143 3143 3143 3115 3115 3115 3114 3114 3114 3115 3115 3115 3142 3142 3142 3116 3116 3116 3087 3087 3087 3107 3107 3107 3118 3118 3118 3116 3116 3116 3087 3087 3087 3117 3117 3117 3117 3117 3117 3087 3087 3087 3118 3118 3118 3080 3080 3080 3126 3126 3126 3125 3125 3125 3080 3080 3080 3125 3125 3125 3124 3124 3124 3126 3126 3126 3080 3080 3080 3079 3079 3079 3128 3128 3128 3127 3127 3127 3079 3079 3079 3127 3127 3127 3126 3126 3126 3079 3079 3079 3123 3123 3123 3080 3080 3080 3124 3124 3124 3081 3081 3081 3121 3121 3121 3120 3120 3120 3107 3107 3107 3120 3120 3120 3119 3119 3119 3081 3081 3081 3123 3123 3123 3122 3122 3122 3081 3081 3081 3120 3120 3120 3107 3107 3107 3081 3081 3081 3080 3080 3080 3123 3123 3123 3122 3122 3122 3121 3121 3121 3081 3081 3081 3118 3118 3118 3107 3107 3107 3119 3119 3119 3113 3113 3113 3145 3145 3145 3144 3144 3144 3180 3180 3180 3182 3182 3182 3185 3185 3185 3183 3183 3183 3185 3185 3185 3184 3184 3184 3188 3188 3188 3183 3183 3183 3179 3179 3179 3186 3186 3186 3180 3180 3180 3183 3183 3183 3213 3213 3213 3192 3192 3192 3178 3178 3178 3233 3233 3233 3194 3194 3194 3193 3193 3193 3234 3234 3234 3193 3193 3193 3192 3192 3192 3212 3212 3212 3234 3234 3234 3213 3213 3213 3234 3234 3234 3192 3192 3192 3213 3213 3213 3235 3235 3235 3196 3196 3196 3195 3195 3195 3193 3193 3193 3234 3234 3234 3233 3233 3233 3194 3194 3194 3233 3233 3233 3195 3195 3195 3234 3234 3234 3231 3231 3231 3233 3233 3233 3196 3196 3196 3235 3235 3235 3197 3197 3197 3199 3199 3199 3198 3198 3198 3237 3237 3237 3197 3197 3197 3236 3236 3236 3198 3198 3198 3185 3185 3185 3201 3201 3201 3200 3200 3200 3199 3199 3199 3184 3184 3184 3200 3200 3200 3201 3201 3201 3185 3185 3185 3202 3202 3202 3199 3199 3199 3237 3237 3237 3184 3184 3184 3232 3232 3232 3212 3212 3212 3211 3211 3211 3232 3232 3232 3231 3231 3231 3234 3234 3234 3212 3212 3212 3232 3232 3232 3234 3234 3234 3233 3233 3233 3229 3229 3229 3235 3235 3235 3230 3230 3230 3229 3229 3229 3233 3233 3233 3227 3227 3227 3236 3236 3236 3235 3235 3235 3236 3236 3236 3227 3227 3227 3226 3226 3226 3237 3237 3237 3187 3187 3187 3179 3179 3179 3179 3179 3179 3184 3184 3184 3237 3237 3237 3187 3187 3187 3237 3237 3237 3225 3225 3225 3187 3187 3187 3225 3225 3225 3224 3224 3224 3225 3225 3225 3237 3237 3237 3226 3226 3226 3187 3187 3187 3224 3224 3224 3188 3188 3188 3182 3182 3182 3203 3203 3203 3202 3202 3202 3238 3238 3238 3205 3205 3205 3204 3204 3204 3238 3238 3238 3204 3204 3204 3203 3203 3203 3180 3180 3180 3203 3203 3203 3182 3182 3182 3238 3238 3238 3219 3219 3219 3239 3239 3239 3238 3238 3238 3203 3203 3203 3180 3180 3180 3239 3239 3239 3206 3206 3206 3205 3205 3205 3180 3180 3180 3221 3221 3221 3220 3220 3220 3240 3240 3240 3207 3207 3207 3239 3239 3239 3241 3241 3241 3208 3208 3208 3240 3240 3240 3209 3209 3209 3208 3208 3208 3241 3241 3241 3209 3209 3209 3242 3242 3242 3210 3210 3210 3210 3210 3210 3190 3190 3190 3189 3189 3189 3210 3210 3210 3242 3242 3242 3190 3190 3190 3239 3239 3239 3218 3218 3218 3217 3217 3217 3222 3222 3222 3186 3186 3186 3188 3188 3188 3221 3221 3221 3186 3186 3186 3222 3222 3222 3180 3180 3180 3186 3186 3186 3221 3221 3221 3220 3220 3220 3219 3219 3219 3238 3238 3238 3216 3216 3216 3240 3240 3240 3217 3217 3217 3241 3241 3241 3215 3215 3215 3242 3242 3242 3190 3190 3190 3242 3242 3242 3191 3191 3191 3242 3242 3242 3209 3209 3209 3241 3241 3241 3191 3191 3191 3242 3242 3242 3214 3214 3214 3241 3241 3241 3216 3216 3216 3215 3215 3215 3191 3191 3191 3214 3214 3214 3181 3181 3181 3240 3240 3240 3216 3216 3216 3241 3241 3241 3245 3245 3245 3247 3247 3247 3250 3250 3250 3248 3248 3248 3250 3250 3250 3249 3249 3249 3253 3253 3253 3248 3248 3248 3244 3244 3244 3251 3251 3251 3245 3245 3245 3248 3248 3248 3278 3278 3278 3257 3257 3257 3243 3243 3243 3298 3298 3298 3259 3259 3259 3258 3258 3258 3299 3299 3299 3258 3258 3258 3257 3257 3257 3277 3277 3277 3299 3299 3299 3278 3278 3278 3299 3299 3299 3257 3257 3257 3278 3278 3278 3300 3300 3300 3261 3261 3261 3260 3260 3260 3258 3258 3258 3299 3299 3299 3298 3298 3298 3259 3259 3259 3298 3298 3298 3260 3260 3260 3299 3299 3299 3296 3296 3296 3295 3295 3295 3261 3261 3261 3300 3300 3300 3262 3262 3262 3264 3264 3264 3263 3263 3263 3302 3302 3302 3262 3262 3262 3301 3301 3301 3263 3263 3263 3250 3250 3250 3266 3266 3266 3265 3265 3265 3264 3264 3264 3249 3249 3249 3265 3265 3265 3266 3266 3266 3250 3250 3250 3267 3267 3267 3264 3264 3264 3302 3302 3302 3249 3249 3249 3297 3297 3297 3277 3277 3277 3276 3276 3276 3297 3297 3297 3296 3296 3296 3299 3299 3299 3277 3277 3277 3297 3297 3297 3299 3299 3299 3298 3298 3298 3294 3294 3294 3300 3300 3300 3295 3295 3295 3294 3294 3294 3298 3298 3298 3292 3292 3292 3301 3301 3301 3300 3300 3300 3301 3301 3301 3292 3292 3292 3291 3291 3291 3302 3302 3302 3252 3252 3252 3244 3244 3244 3244 3244 3244 3249 3249 3249 3302 3302 3302 3252 3252 3252 3302 3302 3302 3290 3290 3290 3252 3252 3252 3290 3290 3290 3289 3289 3289 3290 3290 3290 3302 3302 3302 3291 3291 3291 3252 3252 3252 3289 3289 3289 3253 3253 3253 3247 3247 3247 3268 3268 3268 3267 3267 3267 3303 3303 3303 3270 3270 3270 3269 3269 3269 3303 3303 3303 3269 3269 3269 3268 3268 3268 3245 3245 3245 3268 3268 3268 3247 3247 3247 3303 3303 3303 3284 3284 3284 3304 3304 3304 3303 3303 3303 3268 3268 3268 3245 3245 3245 3304 3304 3304 3271 3271 3271 3270 3270 3270 3245 3245 3245 3286 3286 3286 3303 3303 3303 3305 3305 3305 3272 3272 3272 3304 3304 3304 3306 3306 3306 3273 3273 3273 3305 3305 3305 3274 3274 3274 3273 3273 3273 3306 3306 3306 3274 3274 3274 3307 3307 3307 3275 3275 3275 3275 3275 3275 3255 3255 3255 3254 3254 3254 3275 3275 3275 3307 3307 3307 3255 3255 3255 3304 3304 3304 3283 3283 3283 3282 3282 3282 3287 3287 3287 3251 3251 3251 3253 3253 3253 3286 3286 3286 3251 3251 3251 3287 3287 3287 3245 3245 3245 3251 3251 3251 3286 3286 3286 3285 3285 3285 3284 3284 3284 3303 3303 3303 3281 3281 3281 3306 3306 3306 3305 3305 3305 3306 3306 3306 3280 3280 3280 3307 3307 3307 3255 3255 3255 3307 3307 3307 3256 3256 3256 3307 3307 3307 3274 3274 3274 3306 3306 3306 3256 3256 3256 3307 3307 3307 3279 3279 3279 3306 3306 3306 3281 3281 3281 3280 3280 3280 3256 3256 3256 3279 3279 3279 3246 3246 3246 3310 3310 3310 3312 3312 3312 3315 3315 3315 3313 3313 3313 3315 3315 3315 3314 3314 3314 3318 3318 3318 3313 3313 3313 3309 3309 3309 3316 3316 3316 3310 3310 3310 3313 3313 3313 3344 3344 3344 3322 3322 3322 3308 3308 3308 3365 3365 3365 3324 3324 3324 3323 3323 3323 3365 3365 3365 3323 3323 3323 3322 3322 3322 3343 3343 3343 3365 3365 3365 3344 3344 3344 3365 3365 3365 3322 3322 3322 3344 3344 3344 3325 3325 3325 3367 3367 3367 3326 3326 3326 3324 3324 3324 3365 3365 3365 3367 3367 3367 3324 3324 3324 3367 3367 3367 3325 3325 3325 3365 3365 3365 3363 3363 3363 3362 3362 3362 3366 3366 3366 3327 3327 3327 3326 3326 3326 3328 3328 3328 3369 3369 3369 3368 3368 3368 3328 3328 3328 3327 3327 3327 3369 3369 3369 3329 3329 3329 3314 3314 3314 3330 3330 3330 3330 3330 3330 3314 3314 3314 3331 3331 3331 3332 3332 3332 3331 3331 3331 3315 3315 3315 3329 3329 3329 3368 3368 3368 3314 3314 3314 3364 3364 3364 3343 3343 3343 3342 3342 3342 3364 3364 3364 3363 3363 3363 3365 3365 3365 3343 3343 3343 3364 3364 3364 3365 3365 3365 3367 3367 3367 3361 3361 3361 3360 3360 3360 3362 3362 3362 3361 3361 3361 3367 3367 3367 3360 3360 3360 3359 3359 3359 3366 3366 3366 3369 3369 3369 3358 3358 3358 3368 3368 3368 3368 3368 3368 3317 3317 3317 3309 3309 3309 3317 3317 3317 3356 3356 3356 3355 3355 3355 3309 3309 3309 3314 3314 3314 3368 3368 3368 3317 3317 3317 3368 3368 3368 3357 3357 3357 3369 3369 3369 3359 3359 3359 3358 3358 3358 3317 3317 3317 3357 3357 3357 3356 3356 3356 3366 3366 3366 3359 3359 3359 3369 3369 3369 3369 3369 3369 3327 3327 3327 3366 3366 3366 3312 3312 3312 3333 3333 3333 3332 3332 3332 3370 3370 3370 3335 3335 3335 3334 3334 3334 3312 3312 3312 3334 3334 3334 3333 3333 3333 3310 3310 3310 3334 3334 3334 3312 3312 3312 3371 3371 3371 3337 3337 3337 3336 3336 3336 3370 3370 3370 3334 3334 3334 3310 3310 3310 3370 3370 3370 3336 3336 3336 3335 3335 3335 3310 3310 3310 3352 3352 3352 3370 3370 3370 3372 3372 3372 3338 3338 3338 3337 3337 3337 3338 3338 3338 3372 3372 3372 3339 3339 3339 3340 3340 3340 3339 3339 3339 3373 3373 3373 3340 3340 3340 3374 3374 3374 3341 3341 3341 3341 3341 3341 3320 3320 3320 3319 3319 3319 3341 3341 3341 3374 3374 3374 3320 3320 3320 3370 3370 3370 3350 3350 3350 3371 3371 3371 3355 3355 3355 3354 3354 3354 3318 3318 3318 3318 3318 3318 3354 3354 3354 3316 3316 3316 3352 3352 3352 3316 3316 3316 3353 3353 3353 3310 3310 3310 3316 3316 3316 3352 3352 3352 3350 3350 3350 3370 3370 3370 3351 3351 3351 3372 3372 3372 3348 3348 3348 3347 3347 3347 3373 3373 3373 3346 3346 3346 3374 3374 3374 3320 3320 3320 3374 3374 3374 3321 3321 3321 3374 3374 3374 3340 3340 3340 3373 3373 3373 3374 3374 3374 3345 3345 3345 3321 3321 3321 3321 3321 3321 3345 3345 3345 3311 3311 3311 3346 3346 3346 3373 3373 3373 3347 3347 3347 3348 3348 3348 3372 3372 3372 3349 3349 3349 3312 3312 3312 3332 3332 3332 3315 3315 3315 3391 3391 3391 3379 3379 3379 3375 3375 3375 3379 3379 3379 3402 3402 3402 3401 3401 3401 3381 3381 3381 3400 3400 3400 3399 3399 3399 3397 3397 3397 3384 3384 3384 3383 3383 3383 3382 3382 3382 3399 3399 3399 3398 3398 3398 3380 3380 3380 3401 3401 3401 3400 3400 3400 3390 3390 3390 3402 3402 3402 3391 3391 3391 3402 3402 3402 3379 3379 3379 3391 3391 3391 3385 3385 3385 3396 3396 3396 3395 3395 3395 3386 3386 3386 3395 3395 3395 3394 3394 3394 3388 3388 3388 3393 3393 3393 3392 3392 3392 3389 3389 3389 3378 3378 3378 3377 3377 3377 3387 3387 3387 3394 3394 3394 3393 3393 3393 3378 3378 3378 3389 3389 3389 3392 3392 3392 3396 3396 3396 3385 3385 3385 3384 3384 3384 3378 3378 3378 3392 3392 3392 3376 3376 3376 3405 3405 3405 3408 3408 3408 3407 3407 3407 3408 3408 3408 3430 3430 3430 3429 3429 3429 3410 3410 3410 3428 3428 3428 3427 3427 3427 3412 3412 3412 3426 3426 3426 3425 3425 3425 3411 3411 3411 3427 3427 3427 3426 3426 3426 3409 3409 3409 3429 3429 3429 3428 3428 3428 3403 3403 3403 3430 3430 3430 3405 3405 3405 3430 3430 3430 3408 3408 3408 3405 3405 3405 3414 3414 3414 3424 3424 3424 3423 3423 3423 3415 3415 3415 3423 3423 3423 3422 3422 3422 3417 3417 3417 3421 3421 3421 3420 3420 3420 3418 3418 3418 3406 3406 3406 3404 3404 3404 3416 3416 3416 3422 3422 3422 3421 3421 3421 3406 3406 3406 3418 3418 3418 3420 3420 3420 3424 3424 3424 3414 3414 3414 3413 3413 3413 3406 3406 3406 3420 3420 3420 3419 3419 3419 3434 3434 3434 3438 3438 3438 3437 3437 3437 3438 3438 3438 3460 3460 3460 3459 3459 3459 3440 3440 3440 3458 3458 3458 3457 3457 3457 3442 3442 3442 3456 3456 3456 3455 3455 3455 3441 3441 3441 3457 3457 3457 3456 3456 3456 3439 3439 3439 3459 3459 3459 3458 3458 3458 3460 3460 3460 3434 3434 3434 3433 3433 3433 3433 3433 3433 3431 3431 3431 3460 3460 3460 3434 3434 3434 3460 3460 3460 3438 3438 3438 3444 3444 3444 3454 3454 3454 3453 3453 3453 3445 3445 3445 3453 3453 3453 3452 3452 3452 3447 3447 3447 3451 3451 3451 3450 3450 3450 3448 3448 3448 3435 3435 3435 3432 3432 3432 3446 3446 3446 3452 3452 3452 3451 3451 3451 3435 3435 3435 3448 3448 3448 3436 3436 3436 3454 3454 3454 3444 3444 3444 3443 3443 3443 3436 3436 3436 3450 3450 3450 3449 3449 3449 3448 3448 3448 3450 3450 3450 3436 3436 3436 3463 3463 3463 3465 3465 3465 3468 3468 3468 3466 3466 3466 3468 3468 3468 3467 3467 3467 3471 3471 3471 3466 3466 3466 3462 3462 3462 3469 3469 3469 3463 3463 3463 3466 3466 3466 3473 3473 3473 3477 3477 3477 3476 3476 3476 3516 3516 3516 3479 3479 3479 3478 3478 3478 3517 3517 3517 3478 3478 3478 3477 3477 3477 3472 3472 3472 3517 3517 3517 3473 3473 3473 3517 3517 3517 3477 3477 3477 3473 3473 3473 3518 3518 3518 3481 3481 3481 3480 3480 3480 3478 3478 3478 3517 3517 3517 3516 3516 3516 3479 3479 3479 3516 3516 3516 3480 3480 3480 3517 3517 3517 3514 3514 3514 3516 3516 3516 3481 3481 3481 3518 3518 3518 3482 3482 3482 3484 3484 3484 3483 3483 3483 3520 3520 3520 3482 3482 3482 3519 3519 3519 3483 3483 3483 3468 3468 3468 3486 3486 3486 3485 3485 3485 3484 3484 3484 3467 3467 3467 3485 3485 3485 3486 3486 3486 3468 3468 3468 3487 3487 3487 3484 3484 3484 3520 3520 3520 3467 3467 3467 3515 3515 3515 3472 3472 3472 3461 3461 3461 3515 3515 3515 3514 3514 3514 3517 3517 3517 3472 3472 3472 3515 3515 3515 3517 3517 3517 3516 3516 3516 3512 3512 3512 3518 3518 3518 3513 3513 3513 3512 3512 3512 3516 3516 3516 3510 3510 3510 3519 3519 3519 3518 3518 3518 3519 3519 3519 3510 3510 3510 3509 3509 3509 3520 3520 3520 3470 3470 3470 3462 3462 3462 3462 3462 3462 3467 3467 3467 3520 3520 3520 3470 3470 3470 3520 3520 3520 3508 3508 3508 3470 3470 3470 3508 3508 3508 3507 3507 3507 3508 3508 3508 3520 3520 3520 3509 3509 3509 3470 3470 3470 3507 3507 3507 3471 3471 3471 3465 3465 3465 3488 3488 3488 3487 3487 3487 3521 3521 3521 3490 3490 3490 3489 3489 3489 3521 3521 3521 3489 3489 3489 3488 3488 3488 3463 3463 3463 3488 3488 3488 3465 3465 3465 3490 3490 3490 3521 3521 3521 3522 3522 3522 3521 3521 3521 3488 3488 3488 3463 3463 3463 3463 3463 3463 3504 3504 3504 3503 3503 3503 3523 3523 3523 3493 3493 3493 3492 3492 3492 3494 3494 3494 3525 3525 3525 3524 3524 3524 3525 3525 3525 3493 3493 3493 3523 3523 3523 3522 3522 3522 3501 3501 3501 3500 3500 3500 3523 3523 3523 3492 3492 3492 3522 3522 3522 3525 3525 3525 3494 3494 3494 3493 3493 3493 3495 3495 3495 3474 3474 3474 3464 3464 3464 3495 3495 3495 3524 3524 3524 3474 3474 3474 3521 3521 3521 3502 3502 3502 3522 3522 3522 3505 3505 3505 3469 3469 3469 3471 3471 3471 3504 3504 3504 3469 3469 3469 3505 3505 3505 3463 3463 3463 3469 3469 3469 3504 3504 3504 3503 3503 3503 3502 3502 3502 3521 3521 3521 3499 3499 3499 3525 3525 3525 3523 3523 3523 3525 3525 3525 3498 3498 3498 3524 3524 3524 3474 3474 3474 3524 3524 3524 3475 3475 3475 3475 3475 3475 3524 3524 3524 3497 3497 3497 3525 3525 3525 3499 3499 3499 3498 3498 3498 3475 3475 3475 3497 3497 3497 3496 3496 3496 3529 3529 3529 3533 3533 3533 3532 3532 3532 3533 3533 3533 3551 3551 3551 3550 3550 3550 3535 3535 3535 3549 3549 3549 3548 3548 3548 3547 3547 3547 3537 3537 3537 3536 3536 3536 3534 3534 3534 3550 3550 3550 3549 3549 3549 3528 3528 3528 3533 3533 3533 3529 3529 3529 3551 3551 3551 3528 3528 3528 3526 3526 3526 3551 3551 3551 3533 3533 3533 3528 3528 3528 3538 3538 3538 3546 3546 3546 3545 3545 3545 3539 3539 3539 3545 3545 3545 3544 3544 3544 3530 3530 3530 3527 3527 3527 3541 3541 3541 3540 3540 3540 3544 3544 3544 3543 3543 3543 3531 3531 3531 3530 3530 3530 3541 3541 3541 3538 3538 3538 3537 3537 3537 3547 3547 3547 3531 3531 3531 3543 3543 3543 3542 3542 3542 3543 3543 3543 3531 3531 3531 3541 3541 3541 3555 3555 3555 3559 3559 3559 3558 3558 3558 3559 3559 3559 3555 3555 3555 3554 3554 3554 3559 3559 3559 3575 3575 3575 3574 3574 3574 3560 3560 3560 3574 3574 3574 3573 3573 3573 3561 3561 3561 3573 3573 3573 3572 3572 3572 3552 3552 3552 3575 3575 3575 3554 3554 3554 3575 3575 3575 3559 3559 3559 3554 3554 3554 3571 3571 3571 3563 3563 3563 3562 3562 3562 3563 3563 3563 3571 3571 3571 3570 3570 3570 3564 3564 3564 3570 3570 3570 3569 3569 3569 3556 3556 3556 3553 3553 3553 3566 3566 3566 3565 3565 3565 3569 3569 3569 3568 3568 3568 3557 3557 3557 3556 3556 3556 3566 3566 3566 3567 3567 3567 3557 3557 3557 3568 3568 3568 3557 3557 3557 3566 3566 3566 3568 3568 3568 3578 3578 3578 3580 3580 3580 3583 3583 3583 3581 3581 3581 3583 3583 3583 3582 3582 3582 3586 3586 3586 3581 3581 3581 3577 3577 3577 3584 3584 3584 3578 3578 3578 3581 3581 3581 3588 3588 3588 3592 3592 3592 3591 3591 3591 3592 3592 3592 3616 3616 3616 3593 3593 3593 3588 3588 3588 3616 3616 3616 3592 3592 3592 3616 3616 3616 3614 3614 3614 3613 3613 3613 3587 3587 3587 3616 3616 3616 3588 3588 3588 3593 3593 3593 3615 3615 3615 3594 3594 3594 3594 3594 3594 3617 3617 3617 3618 3618 3618 3595 3595 3595 3618 3618 3618 3619 3619 3619 3583 3583 3583 3597 3597 3597 3582 3582 3582 3580 3580 3580 3598 3598 3598 3597 3597 3597 3596 3596 3596 3619 3619 3619 3582 3582 3582 3614 3614 3614 3587 3587 3587 3576 3576 3576 3615 3615 3615 3613 3613 3613 3612 3612 3612 3614 3614 3614 3616 3616 3616 3587 3587 3587 3617 3617 3617 3612 3612 3612 3618 3618 3618 3611 3611 3611 3619 3619 3619 3618 3618 3618 3582 3582 3582 3619 3619 3619 3577 3577 3577 3585 3585 3585 3577 3577 3577 3619 3619 3619 3611 3611 3611 3610 3610 3610 3619 3619 3619 3585 3585 3585 3619 3619 3619 3610 3610 3610 3609 3609 3609 3586 3586 3586 3585 3585 3585 3580 3580 3580 3599 3599 3599 3598 3598 3598 3599 3599 3599 3621 3621 3621 3600 3600 3600 3578 3578 3578 3621 3621 3621 3580 3580 3580 3599 3599 3599 3580 3580 3580 3621 3621 3621 3584 3584 3584 3621 3621 3621 3578 3578 3578 3622 3622 3622 3601 3601 3601 3623 3623 3623 3589 3589 3589 3579 3579 3579 3602 3602 3602 3623 3623 3623 3601 3601 3601 3600 3600 3600 3601 3601 3601 3622 3622 3622 3602 3602 3602 3589 3589 3589 3602 3602 3602 3624 3624 3624 3620 3620 3620 3606 3606 3606 3623 3623 3623 3621 3621 3621 3607 3607 3607 3606 3606 3606 3586 3586 3586 3609 3609 3609 3584 3584 3584 3584 3584 3584 3608 3608 3608 3607 3607 3607 3607 3607 3607 3621 3621 3621 3584 3584 3584 3624 3624 3624 3622 3622 3622 3604 3604 3604 3602 3602 3602 3622 3622 3622 3624 3624 3624 3589 3589 3589 3624 3624 3624 3590 3590 3590 3590 3590 3590 3624 3624 3624 3604 3604 3604 3622 3622 3622 3605 3605 3605 3604 3604 3604 3590 3590 3590 3604 3604 3604 3603 3603 3603 3605 3605 3605 3622 3622 3622 3623 3623 3623 3647 3647 3647 3632 3632 3632 3628 3628 3628 3631 3631 3631 3628 3628 3628 3632 3632 3632 3627 3627 3627 3647 3647 3647 3628 3628 3628 3647 3647 3647 3633 3633 3633 3632 3632 3632 3634 3634 3634 3633 3633 3633 3648 3648 3648 3647 3647 3647 3648 3648 3648 3633 3633 3633 3634 3634 3634 3648 3648 3648 3649 3649 3649 3625 3625 3625 3646 3646 3646 3627 3627 3627 3646 3646 3646 3647 3647 3647 3627 3627 3627 3643 3643 3643 3649 3649 3649 3648 3648 3648 3648 3648 3648 3645 3645 3645 3644 3644 3644 3647 3647 3647 3646 3646 3646 3645 3645 3645 3648 3648 3648 3647 3647 3647 3645 3645 3645 3635 3635 3635 3649 3649 3649 3650 3650 3650 3636 3636 3636 3650 3650 3650 3651 3651 3651 3649 3649 3649 3643 3643 3643 3642 3642 3642 3629 3629 3629 3626 3626 3626 3638 3638 3638 3629 3629 3629 3638 3638 3638 3652 3652 3652 3652 3652 3652 3638 3638 3638 3637 3637 3637 3650 3650 3650 3642 3642 3642 3641 3641 3641 3640 3640 3640 3630 3630 3630 3652 3652 3652 3629 3629 3629 3652 3652 3652 3630 3630 3630 3630 3630 3630 3640 3640 3640 3639 3639 3639 3640 3640 3640 3652 3652 3652 3651 3651 3651 3670 3670 3670 3668 3668 3668 3669 3669 3669 3672 3672 3672 3680 3680 3680 3671 3671 3671 3670 3670 3670 3671 3671 3671 3680 3680 3680 3680 3680 3680 3668 3668 3668 3670 3670 3670 3681 3681 3681 3672 3672 3672 3673 3673 3673 3681 3681 3681 3682 3682 3682 3661 3661 3661 3673 3673 3673 3674 3674 3674 3681 3681 3681 3680 3680 3680 3672 3672 3672 3681 3681 3681 3680 3680 3680 3681 3681 3681 3663 3663 3663 3665 3665 3665 3667 3667 3667 3668 3668 3668 3680 3680 3680 3665 3665 3665 3668 3668 3668 3680 3680 3680 3664 3664 3664 3665 3665 3665 3663 3663 3663 3664 3664 3664 3680 3680 3680 3661 3661 3661 3662 3662 3662 3681 3681 3681 3683 3683 3683 3682 3682 3682 3675 3675 3675 3676 3676 3676 3677 3677 3677 3683 3683 3683 3674 3674 3674 3675 3675 3675 3682 3682 3682 3679 3679 3679 3685 3685 3685 3678 3678 3678 3679 3679 3679 3653 3653 3653 3666 3666 3666 3684 3684 3684 3677 3677 3677 3678 3678 3678 3685 3685 3685 3679 3679 3679 3666 3666 3666 3658 3658 3658 3659 3659 3659 3683 3683 3683 3682 3682 3682 3683 3683 3683 3659 3659 3659 3657 3657 3657 3658 3658 3658 3684 3684 3684 3684 3684 3684 3685 3685 3685 3656 3656 3656 3678 3678 3678 3685 3685 3685 3684 3684 3684 3685 3685 3685 3655 3655 3655 3656 3656 3656 3666 3666 3666 3655 3655 3655 3685 3685 3685 3655 3655 3655 3666 3666 3666 3654 3654 3654 3695 3695 3695 3688 3688 3688 3687 3687 3687 3696 3696 3696 3689 3689 3689 3688 3688 3688 3697 3697 3697 3690 3690 3690 3696 3696 3696 3698 3698 3698 3691 3691 3691 3690 3690 3690 3699 3699 3699 3692 3692 3692 3698 3698 3698 3700 3700 3700 3693 3693 3693 3692 3692 3692 3702 3702 3702 3695 3695 3695 3694 3694 3694 3703 3703 3703 3696 3696 3696 3695 3695 3695 3704 3704 3704 3697 3697 3697 3703 3703 3703 3705 3705 3705 3698 3698 3698 3697 3697 3697 3706 3706 3706 3699 3699 3699 3698 3698 3698 3707 3707 3707 3700 3700 3700 3706 3706 3706 3709 3709 3709 3702 3702 3702 3708 3708 3708 3710 3710 3710 3703 3703 3703 3702 3702 3702 3711 3711 3711 3704 3704 3704 3710 3710 3710 3712 3712 3712 3705 3705 3705 3711 3711 3711 3713 3713 3713 3706 3706 3706 3705 3705 3705 3714 3714 3714 3707 3707 3707 3713 3713 3713 3716 3716 3716 3709 3709 3709 3715 3715 3715 3717 3717 3717 3710 3710 3710 3709 3709 3709 3718 3718 3718 3711 3711 3711 3710 3710 3710 3719 3719 3719 3712 3712 3712 3718 3718 3718 3720 3720 3720 3713 3713 3713 3712 3712 3712 3721 3721 3721 3714 3714 3714 3720 3720 3720 3723 3723 3723 3716 3716 3716 3722 3722 3722 3724 3724 3724 3717 3717 3717 3716 3716 3716 3725 3725 3725 3718 3718 3718 3724 3724 3724 3726 3726 3726 3719 3719 3719 3718 3718 3718 3727 3727 3727 3720 3720 3720 3719 3719 3719 3728 3728 3728 3721 3721 3721 3727 3727 3727 3730 3730 3730 3723 3723 3723 3722 3722 3722 3731 3731 3731 3724 3724 3724 3730 3730 3730 3732 3732 3732 3725 3725 3725 3731 3731 3731 3733 3733 3733 3726 3726 3726 3725 3725 3725 3734 3734 3734 3727 3727 3727 3726 3726 3726 3735 3735 3735 3728 3728 3728 3734 3734 3734 3687 3687 3687 3744 3744 3744 3686 3686 3686 3743 3743 3743 3744 3744 3744 3689 3689 3689 3745 3745 3745 3687 3687 3687 3686 3686 3686 3746 3746 3746 3687 3687 3687 3745 3745 3745 3742 3742 3742 3743 3743 3743 3691 3691 3691 3742 3742 3742 3691 3691 3691 3791 3791 3791 3790 3790 3790 3692 3692 3692 3789 3789 3789 3789 3789 3789 3692 3692 3692 3788 3788 3788 3691 3691 3691 3790 3790 3790 3791 3791 3791 3687 3687 3687 3688 3688 3688 3744 3744 3744 3747 3747 3747 3694 3694 3694 3746 3746 3746 3747 3747 3747 3748 3748 3748 3701 3701 3701 3749 3749 3749 3701 3701 3701 3748 3748 3748 3790 3790 3790 3691 3691 3691 3692 3692 3692 3743 3743 3743 3689 3689 3689 3690 3690 3690 3746 3746 3746 3694 3694 3694 3687 3687 3687 3787 3787 3787 3788 3788 3788 3692 3692 3692 3786 3786 3786 3787 3787 3787 3692 3692 3692 3784 3784 3784 3785 3785 3785 3692 3692 3692 3783 3783 3783 3784 3784 3784 3692 3692 3692 3786 3786 3786 3692 3692 3692 3785 3785 3785 3693 3693 3693 3781 3781 3781 3782 3782 3782 3693 3693 3693 3779 3779 3779 3780 3780 3780 3693 3693 3693 3778 3778 3778 3779 3779 3779 3780 3780 3780 3781 3781 3781 3693 3693 3693 3783 3783 3783 3692 3692 3692 3782 3782 3782 3693 3693 3693 3776 3776 3776 3777 3777 3777 3738 3738 3738 3776 3776 3776 3693 3693 3693 3782 3782 3782 3692 3692 3692 3693 3693 3693 3693 3693 3693 3700 3700 3700 3775 3775 3775 3693 3693 3693 3777 3777 3777 3778 3778 3778 3700 3700 3700 3707 3707 3707 3774 3774 3774 3775 3775 3775 3737 3737 3737 3738 3738 3738 3693 3693 3693 3775 3775 3775 3738 3738 3738 3707 3707 3707 3714 3714 3714 3773 3773 3773 3708 3708 3708 3749 3749 3749 3750 3750 3750 3751 3751 3751 3752 3752 3752 3715 3715 3715 3722 3722 3722 3752 3752 3752 3753 3753 3753 3750 3750 3750 3751 3751 3751 3715 3715 3715 3753 3753 3753 3729 3729 3729 3722 3722 3722 3739 3739 3739 3730 3730 3730 3729 3729 3729 3729 3729 3729 3753 3753 3753 3754 3754 3754 3731 3731 3731 3730 3730 3730 3739 3739 3739 3736 3736 3736 3729 3729 3729 3754 3754 3754 3736 3736 3736 3739 3739 3739 3729 3729 3729 3731 3731 3731 3739 3739 3739 3740 3740 3740 3732 3732 3732 3731 3731 3731 3740 3740 3740 3733 3733 3733 3732 3732 3732 3740 3740 3740 3734 3734 3734 3733 3733 3733 3755 3755 3755 3741 3741 3741 3755 3755 3755 3733 3733 3733 3756 3756 3756 3734 3734 3734 3755 3755 3755 3733 3733 3733 3740 3740 3740 3741 3741 3741 3714 3714 3714 3721 3721 3721 3771 3771 3771 3728 3728 3728 3735 3735 3735 3769 3769 3769 3766 3766 3766 3767 3767 3767 3735 3735 3735 3721 3721 3721 3728 3728 3728 3770 3770 3770 3769 3769 3769 3735 3735 3735 3767 3767 3767 3767 3767 3767 3768 3768 3768 3769 3769 3769 3761 3761 3761 3734 3734 3734 3760 3760 3760 3758 3758 3758 3759 3759 3759 3734 3734 3734 3757 3757 3757 3758 3758 3758 3734 3734 3734 3760 3760 3760 3734 3734 3734 3759 3759 3759 3735 3735 3735 3765 3765 3765 3766 3766 3766 3735 3735 3735 3764 3764 3764 3765 3765 3765 3735 3735 3735 3762 3762 3762 3763 3763 3763 3735 3735 3735 3761 3761 3761 3762 3762 3762 3763 3763 3763 3764 3764 3764 3735 3735 3735 3734 3734 3734 3761 3761 3761 3735 3735 3735 3756 3756 3756 3757 3757 3757 3734 3734 3734 3708 3708 3708 3701 3701 3701 3749 3749 3749 3797 3797 3797 3794 3794 3794 3796 3796 3796 3798 3798 3798 3795 3795 3795 3797 3797 3797 3800 3800 3800 3797 3797 3797 3796 3796 3796 3801 3801 3801 3798 3798 3798 3797 3797 3797 3793 3793 3793 3809 3809 3809 3792 3792 3792 3793 3793 3793 3794 3794 3794 3808 3808 3808 3809 3809 3809 3793 3793 3793 3808 3808 3808 3792 3792 3792 3796 3796 3796 3793 3793 3793 3792 3792 3792 3810 3810 3810 3796 3796 3796 3794 3794 3794 3806 3806 3806 3807 3807 3807 3795 3795 3795 3805 3805 3805 3806 3806 3806 3804 3804 3804 3805 3805 3805 3795 3795 3795 3794 3794 3794 3795 3795 3795 3806 3806 3806 3798 3798 3798 3804 3804 3804 3795 3795 3795 3800 3800 3800 3799 3799 3799 3812 3812 3812 3799 3799 3799 3810 3810 3810 3811 3811 3811 3799 3799 3799 3811 3811 3811 3812 3812 3812 3813 3813 3813 3800 3800 3800 3802 3802 3802 3801 3801 3801 3800 3800 3800 3813 3813 3813 3803 3803 3803 3798 3798 3798 3801 3801 3801 3801 3801 3801 3813 3813 3813 3814 3814 3814 3801 3801 3801 3814 3814 3814 3803 3803 3803 3804 3804 3804 3798 3798 3798 3803 3803 3803 3835 3835 3835 3823 3823 3823 3819 3819 3819 3822 3822 3822 3819 3819 3819 3823 3823 3823 3818 3818 3818 3835 3835 3835 3819 3819 3819 3835 3835 3835 3824 3824 3824 3823 3823 3823 3836 3836 3836 3824 3824 3824 3835 3835 3835 3825 3825 3825 3824 3824 3824 3836 3836 3836 3815 3815 3815 3834 3834 3834 3818 3818 3818 3834 3834 3834 3835 3835 3835 3818 3818 3818 3832 3832 3832 3837 3837 3837 3836 3836 3836 3825 3825 3825 3836 3836 3836 3837 3837 3837 3836 3836 3836 3833 3833 3833 3832 3832 3832 3831 3831 3831 3838 3838 3838 3837 3837 3837 3835 3835 3835 3834 3834 3834 3833 3833 3833 3835 3835 3835 3833 3833 3833 3836 3836 3836 3825 3825 3825 3837 3837 3837 3826 3826 3826 3826 3826 3826 3838 3838 3838 3827 3827 3827 3820 3820 3820 3816 3816 3816 3828 3828 3828 3827 3827 3827 3839 3839 3839 3828 3828 3828 3820 3820 3820 3828 3828 3828 3840 3840 3840 3830 3830 3830 3839 3839 3839 3838 3838 3838 3829 3829 3829 3840 3840 3840 3839 3839 3839 3829 3829 3829 3821 3821 3821 3840 3840 3840 3820 3820 3820 3840 3840 3840 3821 3821 3821 3821 3821 3821 3829 3829 3829 3817 3817 3817 3849 3849 3849 3846 3846 3846 3845 3845 3845 3911 3911 3911 3849 3849 3849 3845 3845 3845 3911 3911 3911 3850 3850 3850 3849 3849 3849 3851 3851 3851 3911 3911 3911 3852 3852 3852 3911 3911 3911 3851 3851 3851 3850 3850 3850 3854 3854 3854 3853 3853 3853 3911 3911 3911 3911 3911 3911 3853 3853 3853 3852 3852 3852 3854 3854 3854 3911 3911 3911 3855 3855 3855 3856 3856 3856 3855 3855 3855 3912 3912 3912 3859 3859 3859 3858 3858 3858 3912 3912 3912 3858 3858 3858 3857 3857 3857 3912 3912 3912 3857 3857 3857 3856 3856 3856 3912 3912 3912 3861 3861 3861 3860 3860 3860 3912 3912 3912 3864 3864 3864 3863 3863 3863 3912 3912 3912 3863 3863 3863 3862 3862 3862 3912 3912 3912 3862 3862 3862 3861 3861 3861 3912 3912 3912 3860 3860 3860 3859 3859 3859 3912 3912 3912 3864 3864 3864 3912 3912 3912 3913 3913 3913 3877 3877 3877 3911 3911 3911 3878 3878 3878 3844 3844 3844 3881 3881 3881 3911 3911 3911 3877 3877 3877 3876 3876 3876 3911 3911 3911 3875 3875 3875 3911 3911 3911 3876 3876 3876 3911 3911 3911 3845 3845 3845 3844 3844 3844 3881 3881 3881 3844 3844 3844 3843 3843 3843 3911 3911 3911 3881 3881 3881 3880 3880 3880 3880 3880 3880 3879 3879 3879 3911 3911 3911 3879 3879 3879 3878 3878 3878 3911 3911 3911 3912 3912 3912 3870 3870 3870 3869 3869 3869 3867 3867 3867 3912 3912 3912 3868 3868 3868 3869 3869 3869 3868 3868 3868 3912 3912 3912 3912 3912 3912 3867 3867 3867 3866 3866 3866 3912 3912 3912 3871 3871 3871 3870 3870 3870 3875 3875 3875 3874 3874 3874 3911 3911 3911 3874 3874 3874 3873 3873 3873 3911 3911 3911 3912 3912 3912 3872 3872 3872 3871 3871 3871 3911 3911 3911 3873 3873 3873 3872 3872 3872 3912 3912 3912 3855 3855 3855 3911 3911 3911 3911 3911 3911 3872 3872 3872 3912 3912 3912 3865 3865 3865 3864 3864 3864 3913 3913 3913 3914 3914 3914 3902 3902 3902 3901 3901 3901 3915 3915 3915 3903 3903 3903 3914 3914 3914 3914 3914 3914 3903 3903 3903 3902 3902 3902 3897 3897 3897 3914 3914 3914 3913 3913 3913 3914 3914 3914 3865 3865 3865 3913 3913 3913 3914 3914 3914 3900 3900 3900 3899 3899 3899 3914 3914 3914 3899 3899 3899 3898 3898 3898 3914 3914 3914 3898 3898 3898 3865 3865 3865 3901 3901 3901 3900 3900 3900 3914 3914 3914 3915 3915 3915 3904 3904 3904 3903 3903 3903 3908 3908 3908 3907 3907 3907 3916 3916 3916 3910 3910 3910 3909 3909 3909 3916 3916 3916 3916 3916 3916 3909 3909 3909 3908 3908 3908 3847 3847 3847 3841 3841 3841 3910 3910 3910 3916 3916 3916 3905 3905 3905 3915 3915 3915 3904 3904 3904 3915 3915 3915 3905 3905 3905 3916 3916 3916 3907 3907 3907 3906 3906 3906 3905 3905 3905 3916 3916 3916 3906 3906 3906 3847 3847 3847 3910 3910 3910 3916 3916 3916 3848 3848 3848 3847 3847 3847 3916 3916 3916 3887 3887 3887 3916 3916 3916 3915 3915 3915 3891 3891 3891 3915 3915 3915 3914 3914 3914 3897 3897 3897 3913 3913 3913 3866 3866 3866 3895 3895 3895 3914 3914 3914 3896 3896 3896 3897 3897 3897 3896 3896 3896 3914 3914 3914 3893 3893 3893 3914 3914 3914 3894 3894 3894 3891 3891 3891 3914 3914 3914 3892 3892 3892 3890 3890 3890 3915 3915 3915 3891 3891 3891 3893 3893 3893 3892 3892 3892 3914 3914 3914 3895 3895 3895 3894 3894 3894 3914 3914 3914 3888 3888 3888 3915 3915 3915 3889 3889 3889 3887 3887 3887 3886 3886 3886 3916 3916 3916 3915 3915 3915 3888 3888 3888 3887 3887 3887 3886 3886 3886 3885 3885 3885 3916 3916 3916 3889 3889 3889 3915 3915 3915 3890 3890 3890 3885 3885 3885 3884 3884 3884 3916 3916 3916 3916 3916 3916 3884 3884 3884 3883 3883 3883 3882 3882 3882 3916 3916 3916 3883 3883 3883 3882 3882 3882 3842 3842 3842 3848 3848 3848 3882 3882 3882 3848 3848 3848 3916 3916 3916 3912 3912 3912 3866 3866 3866 3913 3913 3913 3958 3958 3958 3926 3926 3926 3925 3925 3925 3922 3922 3922 3921 3921 3921 3925 3925 3925 3958 3958 3958 3925 3925 3925 3921 3921 3921 3920 3920 3920 3958 3958 3958 3921 3921 3921 3958 3958 3958 3927 3927 3927 3926 3926 3926 3958 3958 3958 3959 3959 3959 3931 3931 3931 3930 3930 3930 3958 3958 3958 3931 3931 3931 3928 3928 3928 3958 3958 3958 3929 3929 3929 3958 3958 3958 3930 3930 3930 3929 3929 3929 3927 3927 3927 3958 3958 3958 3928 3928 3928 3959 3959 3959 3932 3932 3932 3931 3931 3931 3946 3946 3946 3959 3959 3959 3958 3958 3958 3919 3919 3919 3953 3953 3953 3920 3920 3920 3953 3953 3953 3958 3958 3958 3920 3920 3920 3952 3952 3952 3958 3958 3958 3953 3953 3953 3951 3951 3951 3958 3958 3958 3952 3952 3952 3958 3958 3958 3951 3951 3951 3950 3950 3950 3949 3949 3949 3958 3958 3958 3950 3950 3950 3948 3948 3948 3958 3958 3958 3949 3949 3949 3958 3958 3958 3947 3947 3947 3946 3946 3946 3947 3947 3947 3958 3958 3958 3948 3948 3948 3945 3945 3945 3959 3959 3959 3946 3946 3946 3945 3945 3945 3944 3944 3944 3959 3959 3959 3944 3944 3944 3943 3943 3943 3959 3959 3959 3960 3960 3960 3936 3936 3936 3959 3959 3959 3935 3935 3935 3959 3959 3959 3936 3936 3936 3959 3959 3959 3935 3935 3935 3934 3934 3934 3933 3933 3933 3959 3959 3959 3934 3934 3934 3960 3960 3960 3937 3937 3937 3936 3936 3936 3961 3961 3961 3956 3956 3956 3938 3938 3938 3956 3956 3956 3963 3963 3963 3957 3957 3957 3917 3917 3917 3957 3957 3957 3923 3923 3923 3923 3923 3923 3957 3957 3957 3962 3962 3962 3937 3937 3937 3960 3960 3960 3938 3938 3938 3959 3959 3959 3940 3940 3940 3960 3960 3960 3959 3959 3959 3943 3943 3943 3942 3942 3942 3960 3960 3960 3939 3939 3939 3961 3961 3961 3959 3959 3959 3942 3942 3942 3941 3941 3941 3940 3940 3940 3959 3959 3959 3941 3941 3941 3940 3940 3940 3939 3939 3939 3960 3960 3960 3962 3962 3962 3963 3963 3963 3954 3954 3954 3923 3923 3923 3962 3962 3962 3924 3924 3924 3924 3924 3924 3962 3962 3962 3954 3954 3954 3963 3963 3963 3955 3955 3955 3954 3954 3954 3924 3924 3924 3954 3954 3954 3918 3918 3918 3961 3961 3961 3955 3955 3955 3963 3963 3963 3963 3963 3963 3956 3956 3956 3961 3961 3961 3933 3933 3933 3932 3932 3932 3959 3959 3959 3968 3968 3968 3972 3972 3972 3969 3969 3969 3984 3984 3984 3972 3972 3972 3968 3968 3968 3985 3985 3985 3980 3980 3980 3979 3979 3979 3972 3972 3972 3984 3984 3984 3979 3979 3979 3967 3967 3967 3984 3984 3984 3968 3968 3968 3966 3966 3966 3973 3973 3973 3967 3967 3967 3973 3973 3973 3984 3984 3984 3967 3967 3967 3976 3976 3976 3986 3986 3986 3985 3985 3985 3986 3986 3986 3981 3981 3981 3985 3985 3985 3977 3977 3977 3985 3985 3985 3978 3978 3978 3978 3978 3978 3984 3984 3984 3973 3973 3973 3981 3981 3981 3986 3986 3986 3987 3987 3987 3982 3982 3982 3987 3987 3987 3988 3988 3988 3986 3986 3986 3976 3976 3976 3987 3987 3987 3970 3970 3970 3964 3964 3964 3983 3983 3983 3982 3982 3982 3988 3988 3988 3983 3983 3983 3970 3970 3970 3983 3983 3983 3989 3989 3989 3988 3988 3988 3987 3987 3987 3975 3975 3975 3974 3974 3974 3989 3989 3989 3988 3988 3988 3974 3974 3974 3971 3971 3971 3989 3989 3989 3970 3970 3970 3989 3989 3989 3971 3971 3971 3971 3971 3971 3974 3974 3974 3965 3965 3965 3996 3996 3996 3995 3995 3995 3993 3993 3993 3997 3997 3997 3996 3996 3996 3994 3994 3994 3999 3999 3999 3998 3998 3998 3995 3995 3995 4000 4000 4000 3999 3999 3999 3996 3996 3996 3992 3992 3992 3990 3990 3990 4006 4006 4006 3992 3992 3992 4005 4005 4005 3993 3993 3993 4006 4006 4006 4005 4005 4005 3992 3992 3992 3990 3990 3990 3992 3992 3992 3995 3995 3995 3995 3995 3995 4007 4007 4007 3990 3990 3990 3993 3993 3993 3991 3991 3991 4004 4004 4004 3994 3994 3994 4004 4004 4004 4003 4003 4003 4002 4002 4002 3994 3994 3994 4003 4003 4003 3993 3993 3993 4004 4004 4004 3994 3994 3994 3997 3997 3997 3994 3994 3994 4002 4002 4002 4008 4008 4008 4007 4007 4007 3998 3998 3998 3995 3995 3995 3998 3998 3998 4007 4007 4007 3998 3998 3998 4009 4009 4009 4008 4008 4008 3999 3999 3999 4010 4010 4010 4009 4009 4009 4000 4000 4000 4011 4011 4011 3999 3999 3999 4001 4001 4001 4000 4000 4000 3997 3997 3997 4000 4000 4000 4012 4012 4012 4011 4011 4011 4000 4000 4000 4001 4001 4001 4012 4012 4012 4002 4002 4002 4001 4001 4001 3997 3997 3997 4015 4015 4015 4018 4018 4018 4017 4017 4017 4019 4019 4019 4049 4049 4049 4048 4048 4048 4018 4018 4018 4050 4050 4050 4049 4049 4049 4021 4021 4021 4047 4047 4047 4046 4046 4046 4024 4024 4024 4023 4023 4023 4045 4045 4045 4024 4024 4024 4044 4044 4044 4043 4043 4043 4022 4022 4022 4046 4046 4046 4045 4045 4045 4020 4020 4020 4048 4048 4048 4047 4047 4047 4050 4050 4050 4015 4015 4015 4013 4013 4013 4018 4018 4018 4015 4015 4015 4050 4050 4050 4042 4042 4042 4026 4026 4026 4025 4025 4025 4026 4026 4026 4042 4042 4042 4041 4041 4041 4028 4028 4028 4040 4040 4040 4039 4039 4039 4027 4027 4027 4041 4041 4041 4040 4040 4040 4030 4030 4030 4038 4038 4038 4037 4037 4037 4033 4033 4033 4032 4032 4032 4036 4036 4036 4016 4016 4016 4014 4014 4014 4033 4033 4033 4031 4031 4031 4037 4037 4037 4036 4036 4036 4029 4029 4029 4039 4039 4039 4038 4038 4038 4016 4016 4016 4035 4035 4035 4034 4034 4034 4035 4035 4035 4016 4016 4016 4033 4033 4033 4053 4053 4053 4056 4056 4056 4055 4055 4055 4057 4057 4057 4087 4087 4087 4086 4086 4086 4056 4056 4056 4088 4088 4088 4087 4087 4087 4059 4059 4059 4085 4085 4085 4084 4084 4084 4061 4061 4061 4083 4083 4083 4082 4082 4082 4062 4062 4062 4082 4082 4082 4081 4081 4081 4060 4060 4060 4084 4084 4084 4083 4083 4083 4058 4058 4058 4086 4086 4086 4085 4085 4085 4088 4088 4088 4053 4053 4053 4051 4051 4051 4056 4056 4056 4053 4053 4053 4088 4088 4088 4080 4080 4080 4064 4064 4064 4063 4063 4063 4064 4064 4064 4080 4080 4080 4079 4079 4079 4066 4066 4066 4078 4078 4078 4077 4077 4077 4065 4065 4065 4079 4079 4079 4078 4078 4078 4068 4068 4068 4076 4076 4076 4075 4075 4075 4070 4070 4070 4074 4074 4074 4073 4073 4073 4054 4054 4054 4052 4052 4052 4071 4071 4071 4069 4069 4069 4075 4075 4075 4074 4074 4074 4067 4067 4067 4077 4077 4077 4076 4076 4076 4054 4054 4054 4073 4073 4073 4072 4072 4072 4073 4073 4073 4054 4054 4054 4071 4071 4071 4091 4091 4091 4094 4094 4094 4093 4093 4093 4095 4095 4095 4119 4119 4119 4118 4118 4118 4095 4095 4095 4094 4094 4094 4120 4120 4120 4097 4097 4097 4117 4117 4117 4116 4116 4116 4099 4099 4099 4115 4115 4115 4114 4114 4114 4098 4098 4098 4116 4116 4116 4115 4115 4115 4096 4096 4096 4118 4118 4118 4117 4117 4117 4120 4120 4120 4091 4091 4091 4089 4089 4089 4094 4094 4094 4091 4091 4091 4120 4120 4120 4101 4101 4101 4113 4113 4113 4112 4112 4112 4103 4103 4103 4111 4111 4111 4110 4110 4110 4103 4103 4103 4102 4102 4102 4112 4112 4112 4106 4106 4106 4105 4105 4105 4109 4109 4109 4106 4106 4106 4092 4092 4092 4090 4090 4090 4104 4104 4104 4110 4110 4110 4109 4109 4109 4108 4108 4108 4107 4107 4107 4092 4092 4092 4113 4113 4113 4101 4101 4101 4100 4100 4100 4123 4123 4123 4126 4126 4126 4125 4125 4125 4127 4127 4127 4151 4151 4151 4150 4150 4150 4126 4126 4126 4152 4152 4152 4151 4151 4151 4129 4129 4129 4149 4149 4149 4148 4148 4148 4131 4131 4131 4147 4147 4147 4146 4146 4146 4130 4130 4130 4148 4148 4148 4147 4147 4147 4128 4128 4128 4150 4150 4150 4149 4149 4149 4152 4152 4152 4123 4123 4123 4121 4121 4121 4126 4126 4126 4123 4123 4123 4152 4152 4152 4133 4133 4133 4145 4145 4145 4144 4144 4144 4135 4135 4135 4143 4143 4143 4142 4142 4142 4134 4134 4134 4144 4144 4144 4143 4143 4143 4137 4137 4137 4141 4141 4141 4140 4140 4140 4138 4138 4138 4124 4124 4124 4122 4122 4122 4136 4136 4136 4142 4142 4142 4141 4141 4141 4138 4138 4138 4140 4140 4140 4124 4124 4124 4145 4145 4145 4133 4133 4133 4132 4132 4132 4124 4124 4124 4140 4140 4140 4139 4139 4139 5 5 5 29 29 29 6 6 6 4 4 4 30 30 30 5 5 5 7 7 7 27 27 27 8 8 8 9 9 9 25 25 25 10 10 10 8 8 8 26 26 26 9 9 9 6 6 6 28 28 28 7 7 7 11 11 11 23 23 23 12 12 12 13 13 13 21 21 21 14 14 14 12 12 12 22 22 22 13 13 13 15 15 15 19 19 19 16 16 16 14 14 14 20 20 20 15 15 15 11 11 11 25 25 25 24 24 24 89 89 89 113 113 113 90 90 90 88 88 88 114 114 114 89 89 89 91 91 91 111 111 111 92 92 92 93 93 93 109 109 109 94 94 94 92 92 92 110 110 110 93 93 93 90 90 90 112 112 112 91 91 91 95 95 95 107 107 107 96 96 96 97 97 97 105 105 105 98 98 98 96 96 96 106 106 106 97 97 97 99 99 99 103 103 103 100 100 100 98 98 98 104 104 104 99 99 99 108 108 108 94 94 94 109 109 109 183 183 183 213 213 213 212 212 212 181 181 181 213 213 213 182 182 182 184 184 184 210 210 210 185 185 185 186 186 186 208 208 208 187 187 187 187 187 187 207 207 207 188 188 188 185 185 185 209 209 209 186 186 186 183 183 183 211 211 211 184 184 184 188 188 188 206 206 206 189 189 189 189 189 189 205 205 205 190 190 190 191 191 191 203 203 203 192 192 192 190 190 190 204 204 204 191 191 191 193 193 193 201 201 201 194 194 194 195 195 195 199 199 199 196 196 196 194 194 194 200 200 200 195 195 195 192 192 192 202 202 202 193 193 193 294 294 294 324 324 324 295 295 295 293 293 293 325 325 325 294 294 294 296 296 296 322 322 322 297 297 297 298 298 298 320 320 320 299 299 299 299 299 299 319 319 319 300 300 300 297 297 297 321 321 321 298 298 298 295 295 295 323 323 323 296 296 296 318 318 318 300 300 300 319 319 319 301 301 301 317 317 317 302 302 302 303 303 303 315 315 315 304 304 304 302 302 302 316 316 316 303 303 303 305 305 305 313 313 313 306 306 306 307 307 307 311 311 311 308 308 308 306 306 306 312 312 312 307 307 307 304 304 304 314 314 314 305 305 305 396 396 396 392 392 392 393 393 393 396 396 396 393 393 393 394 394 394 399 399 399 395 395 395 396 396 396 400 400 400 396 396 396 397 397 397 392 392 392 395 395 395 413 413 413 418 418 418 417 417 417 393 393 393 416 416 416 393 393 393 417 417 417 405 405 405 394 394 394 406 406 406 414 414 414 413 413 413 395 395 395 408 408 408 399 399 399 402 402 402 397 397 397 404 404 404 400 400 400 409 409 409 402 402 402 399 399 399 425 425 425 422 422 422 423 423 423 426 426 426 423 423 423 424 424 424 428 428 428 425 425 425 426 426 426 430 430 430 426 426 426 427 427 427 438 438 438 425 425 425 439 439 439 444 444 444 443 443 443 423 423 423 442 442 442 423 423 423 443 443 443 427 427 427 424 424 424 448 448 448 440 440 440 439 439 439 425 425 425 434 434 434 429 429 429 435 435 435 427 427 427 446 446 446 430 430 430 436 436 436 435 435 435 429 429 429 454 454 454 450 450 450 451 451 451 455 455 455 451 451 451 452 452 452 456 456 456 453 453 453 454 454 454 458 458 458 454 454 454 455 455 455 477 477 477 476 476 476 451 451 451 452 452 452 461 461 461 455 455 455 451 451 451 475 475 475 452 452 452 456 456 456 471 471 471 453 453 453 457 457 457 465 465 465 456 456 456 455 455 455 460 460 460 458 458 458 467 467 467 466 466 466 457 457 457 484 484 484 481 481 481 482 482 482 485 485 485 482 482 482 483 483 483 487 487 487 484 484 484 485 485 485 489 489 489 485 485 485 486 486 486 481 481 481 484 484 484 502 502 502 507 507 507 506 506 506 482 482 482 493 493 493 483 483 483 494 494 494 503 503 503 502 502 502 484 484 484 492 492 492 491 491 491 489 489 489 499 499 499 498 498 498 488 488 488 509 509 509 522 522 522 510 510 510 513 513 513 521 521 521 522 522 522 515 515 515 521 521 521 514 514 514 516 516 516 518 518 518 519 519 519 517 517 517 512 512 512 518 518 518 519 519 519 515 515 515 516 516 516 639 639 639 640 640 640 620 620 620 605 605 605 620 620 620 640 640 640 639 639 639 624 624 624 640 640 640 640 640 640 623 623 623 641 641 641 665 665 665 666 666 666 653 653 653 666 666 666 667 667 667 654 654 654 666 666 666 662 662 662 667 667 667 662 662 662 661 661 661 668 668 668 663 663 663 665 665 665 664 664 664 668 668 668 654 654 654 667 667 667 669 669 669 668 668 668 661 661 661 695 695 695 694 694 694 681 681 681 694 694 694 696 696 696 682 682 682 686 686 686 695 695 695 687 687 687 685 685 685 694 694 694 686 686 686 698 698 698 701 701 701 697 697 697 708 708 708 704 704 704 705 705 705 709 709 709 705 705 705 706 706 706 710 710 710 707 707 707 708 708 708 711 711 711 708 708 708 709 709 709 719 719 719 718 718 718 705 705 705 711 711 711 724 724 724 710 710 710 712 712 712 709 709 709 722 722 722 730 730 730 729 729 729 732 732 732 731 731 731 730 730 730 733 733 733 733 733 733 732 732 732 735 735 735 737 737 737 733 733 733 736 736 736 730 730 730 746 746 746 747 747 747 736 736 736 740 740 740 741 741 741 736 736 736 741 741 741 742 742 742 759 759 759 755 755 755 756 756 756 760 760 760 756 756 756 757 757 757 762 762 762 758 758 758 759 759 759 763 763 763 759 759 759 760 760 760 771 771 771 770 770 770 756 756 756 773 773 773 757 757 757 767 767 767 756 756 756 769 769 769 757 757 757 762 762 762 776 776 776 761 761 761 762 762 762 763 763 763 778 778 778 782 782 782 781 781 781 784 784 784 783 783 783 782 782 782 785 785 785 788 788 788 784 784 784 787 787 787 789 789 789 785 785 785 788 788 788 784 784 784 796 796 796 797 797 797 782 782 782 792 792 792 793 793 793 786 786 786 807 807 807 808 808 808 797 797 797 787 787 787 784 784 784 788 788 788 801 801 801 802 802 802 807 807 807 786 786 786 789 789 789 788 788 788 802 802 802 803 803 803 812 812 812 809 809 809 810 810 810 813 813 813 810 810 810 811 811 811 816 816 816 812 812 812 813 813 813 817 817 817 813 813 813 814 814 814 809 809 809 812 812 812 823 823 823 838 838 838 837 837 837 810 810 810 828 828 828 811 811 811 829 829 829 824 824 824 815 815 815 825 825 825 816 816 816 831 831 831 815 815 815 827 827 827 826 826 826 817 817 817 832 832 832 819 819 819 816 816 816 845 845 845 842 842 842 843 843 843 846 846 846 843 843 843 844 844 844 849 849 849 845 845 845 846 846 846 850 850 850 846 846 846 847 847 847 842 842 842 845 845 845 852 852 852 869 869 869 868 868 868 843 843 843 867 867 867 843 843 843 868 868 868 858 858 858 844 844 844 859 859 859 853 853 853 848 848 848 854 854 854 849 849 849 862 862 862 848 848 848 864 864 864 863 863 863 849 849 849 873 873 873 872 872 872 875 875 875 877 877 877 873 873 873 876 876 876 879 879 879 875 875 875 878 878 878 880 880 880 876 876 876 879 879 879 871 871 871 872 872 872 873 873 873 875 875 875 887 887 887 888 888 888 873 873 873 883 883 883 871 871 871 877 877 877 897 897 897 898 898 898 875 875 875 888 888 888 889 889 889 892 892 892 879 879 879 878 878 878 877 877 877 896 896 896 897 897 897 893 893 893 880 880 880 879 879 879 905 905 905 901 901 901 904 904 904 903 903 903 902 902 902 905 905 905 908 908 908 904 904 904 907 907 907 906 906 906 905 905 905 908 908 908 917 917 917 901 901 901 902 902 902 904 904 904 920 920 920 921 921 921 903 903 903 915 915 915 916 916 916 906 906 906 926 926 926 927 927 927 904 904 904 921 921 921 922 922 922 912 912 912 908 908 908 907 907 907 906 906 906 925 925 925 926 926 926 908 908 908 913 913 913 914 914 914 937 937 937 932 932 932 936 936 936 934 934 934 933 933 933 937 937 937 940 940 940 936 936 936 939 939 939 941 941 941 937 937 937 940 940 940 957 957 957 948 948 948 932 932 932 935 935 935 932 932 932 948 948 948 933 933 933 930 930 930 956 956 956 939 939 939 935 935 935 949 949 949 947 947 947 934 934 934 938 938 938 940 940 940 951 951 951 943 943 943 938 938 938 945 945 945 946 946 946 964 964 964 960 960 960 963 963 963 962 962 962 961 961 961 964 964 964 964 964 964 963 963 963 966 966 966 968 968 968 964 964 964 967 967 967 987 987 987 963 963 963 960 960 960 963 963 963 988 988 988 989 989 989 967 967 967 999 999 999 1000 1000 1000 994 994 994 961 961 961 962 962 962 991 991 991 962 962 962 965 965 965 965 965 965 990 990 990 991 991 991 967 967 967 1000 1000 1000 1001 1001 1001 1008 1008 1008 1004 1004 1004 1007 1007 1007 1009 1009 1009 1005 1005 1005 1008 1008 1008 1008 1008 1008 1007 1007 1007 1010 1010 1010 1009 1009 1009 1008 1008 1008 1011 1011 1011 1011 1011 1011 1010 1010 1010 1013 1013 1013 1012 1012 1012 1011 1011 1011 1014 1014 1014 1017 1017 1017 1013 1013 1013 1016 1016 1016 1018 1018 1018 1014 1014 1014 1017 1017 1017 1017 1017 1017 1016 1016 1016 1019 1019 1019 1021 1021 1021 1017 1017 1017 1020 1020 1020 1020 1020 1020 1019 1019 1019 1022 1022 1022 1024 1024 1024 1020 1020 1020 1023 1023 1023 1026 1026 1026 1022 1022 1022 1025 1025 1025 1027 1027 1027 1023 1023 1023 1026 1026 1026 1029 1029 1029 1025 1025 1025 1028 1028 1028 1027 1027 1027 1026 1026 1026 1029 1029 1029 1032 1032 1032 1028 1028 1028 1031 1031 1031 1030 1030 1030 1029 1029 1029 1032 1032 1032 1035 1035 1035 1031 1031 1031 1034 1034 1034 1033 1033 1033 1032 1032 1032 1035 1035 1035 1038 1038 1038 1034 1034 1034 1037 1037 1037 1036 1036 1036 1035 1035 1035 1038 1038 1038 1041 1041 1041 1037 1037 1037 1040 1040 1040 1039 1039 1039 1038 1038 1038 1041 1041 1041 1044 1044 1044 1040 1040 1040 1043 1043 1043 1042 1042 1042 1041 1041 1041 1044 1044 1044 1047 1047 1047 1043 1043 1043 1046 1046 1046 1045 1045 1045 1044 1044 1044 1047 1047 1047 1050 1050 1050 1046 1046 1046 1049 1049 1049 1051 1051 1051 1047 1047 1047 1050 1050 1050 1081 1081 1081 1013 1013 1013 1010 1010 1010 1083 1083 1083 1019 1019 1019 1016 1016 1016 1086 1086 1086 1025 1025 1025 1022 1022 1022 1009 1009 1009 1076 1076 1076 1077 1077 1077 1075 1075 1075 1012 1012 1012 1015 1015 1015 1015 1015 1015 1074 1074 1074 1075 1075 1075 1024 1024 1024 1071 1071 1071 1072 1072 1072 1021 1021 1021 1072 1072 1072 1073 1073 1073 1071 1071 1071 1024 1024 1024 1027 1027 1027 1030 1030 1030 1069 1069 1069 1070 1070 1070 1089 1089 1089 1031 1031 1031 1028 1028 1028 1091 1091 1091 1034 1034 1034 1031 1031 1031 1037 1037 1037 1093 1093 1093 1094 1094 1094 1096 1096 1096 1046 1046 1046 1043 1043 1043 1040 1040 1040 1094 1094 1094 1095 1095 1095 1058 1058 1058 1050 1050 1050 1049 1049 1049 1030 1030 1030 1068 1068 1068 1069 1069 1069 1036 1036 1036 1066 1066 1066 1067 1067 1067 1039 1039 1039 1065 1065 1065 1066 1066 1066 1033 1033 1033 1067 1067 1067 1068 1068 1068 1048 1048 1048 1062 1062 1062 1063 1063 1063 1050 1050 1050 1058 1058 1058 1059 1059 1059 1051 1051 1051 1061 1061 1061 1062 1062 1062 1102 1102 1102 1101 1101 1101 1108 1108 1108 1103 1103 1103 1102 1102 1102 1109 1109 1109 1104 1104 1104 1103 1103 1103 1110 1110 1110 1112 1112 1112 1104 1104 1104 1111 1111 1111 1113 1113 1113 1105 1105 1105 1112 1112 1112 1107 1107 1107 1106 1106 1106 1113 1113 1113 1109 1109 1109 1108 1108 1108 1115 1115 1115 1110 1110 1110 1109 1109 1109 1116 1116 1116 1111 1111 1111 1110 1110 1110 1117 1117 1117 1112 1112 1112 1111 1111 1111 1118 1118 1118 1120 1120 1120 1112 1112 1112 1119 1119 1119 1114 1114 1114 1113 1113 1113 1120 1120 1120 1116 1116 1116 1115 1115 1115 1122 1122 1122 1124 1124 1124 1116 1116 1116 1123 1123 1123 1118 1118 1118 1117 1117 1117 1124 1124 1124 1119 1119 1119 1118 1118 1118 1125 1125 1125 1127 1127 1127 1119 1119 1119 1126 1126 1126 1121 1121 1121 1120 1120 1120 1127 1127 1127 1130 1130 1130 1122 1122 1122 1129 1129 1129 1131 1131 1131 1123 1123 1123 1130 1130 1130 1125 1125 1125 1124 1124 1124 1131 1131 1131 1126 1126 1126 1125 1125 1125 1132 1132 1132 1127 1127 1127 1126 1126 1126 1133 1133 1133 1135 1135 1135 1127 1127 1127 1134 1134 1134 1137 1137 1137 1129 1129 1129 1136 1136 1136 1138 1138 1138 1130 1130 1130 1137 1137 1137 1139 1139 1139 1131 1131 1131 1138 1138 1138 1140 1140 1140 1132 1132 1132 1139 1139 1139 1134 1134 1134 1133 1133 1133 1140 1140 1140 1135 1135 1135 1134 1134 1134 1141 1141 1141 1137 1137 1137 1136 1136 1136 1143 1143 1143 1138 1138 1138 1137 1137 1137 1144 1144 1144 1146 1146 1146 1138 1138 1138 1145 1145 1145 1147 1147 1147 1139 1139 1139 1146 1146 1146 1141 1141 1141 1140 1140 1140 1147 1147 1147 1142 1142 1142 1141 1141 1141 1148 1148 1148 1185 1185 1185 1104 1104 1104 1105 1105 1105 1201 1201 1201 1115 1115 1115 1108 1108 1108 1122 1122 1122 1202 1202 1202 1203 1203 1203 1114 1114 1114 1193 1193 1193 1194 1194 1194 1121 1121 1121 1192 1192 1192 1193 1193 1193 1128 1128 1128 1191 1191 1191 1192 1192 1192 1190 1190 1190 1128 1128 1128 1135 1135 1135 1122 1122 1122 1203 1203 1203 1204 1204 1204 1196 1196 1196 1143 1143 1143 1136 1136 1136 1135 1135 1135 1189 1189 1189 1190 1190 1190 1142 1142 1142 1188 1188 1188 1189 1189 1189 1209 1209 1209 1208 1208 1208 1211 1211 1211 1210 1210 1210 1209 1209 1209 1212 1212 1212 1212 1212 1212 1211 1211 1211 1214 1214 1214 1216 1216 1216 1212 1212 1212 1215 1215 1215 1234 1234 1234 1207 1207 1207 1208 1208 1208 1207 1207 1207 1211 1211 1211 1208 1208 1208 1209 1209 1209 1232 1232 1232 1233 1233 1233 1224 1224 1224 1214 1214 1214 1211 1211 1211 1221 1221 1221 1206 1206 1206 1230 1230 1230 1210 1210 1210 1213 1213 1213 1220 1220 1220 1215 1215 1215 1226 1226 1226 1227 1227 1227 1220 1220 1220 1216 1216 1216 1219 1219 1219 1219 1219 1219 1229 1229 1229 1218 1218 1218 1237 1237 1237 1236 1236 1236 1239 1239 1239 1241 1241 1241 1237 1237 1237 1240 1240 1240 1244 1244 1244 1239 1239 1239 1243 1243 1243 1245 1245 1245 1240 1240 1240 1244 1244 1244 1237 1237 1237 1257 1257 1257 1258 1258 1258 1262 1262 1262 1239 1239 1239 1236 1236 1236 1263 1263 1263 1243 1243 1243 1239 1239 1239 1256 1256 1256 1237 1237 1237 1238 1238 1238 1242 1242 1242 1238 1238 1238 1241 1241 1241 1241 1241 1241 1245 1245 1245 1246 1246 1246 1244 1244 1244 1251 1251 1251 1252 1252 1252 1244 1244 1244 1250 1250 1250 1251 1251 1251 1246 1246 1246 1253 1253 1253 1247 1247 1247 1278 1278 1278 1277 1277 1277 1280 1280 1280 1282 1282 1282 1278 1278 1278 1281 1281 1281 1284 1284 1284 1280 1280 1280 1283 1283 1283 1285 1285 1285 1281 1281 1281 1284 1284 1284 1280 1280 1280 1297 1297 1297 1298 1298 1298 1278 1278 1278 1293 1293 1293 1294 1294 1294 1292 1292 1292 1278 1278 1278 1279 1279 1279 1282 1282 1282 1303 1303 1303 1304 1304 1304 1280 1280 1280 1298 1298 1298 1299 1299 1299 1288 1288 1288 1284 1284 1284 1283 1283 1283 1302 1302 1302 1282 1282 1282 1285 1285 1285 1289 1289 1289 1285 1285 1285 1284 1284 1284 1311 1311 1311 1307 1307 1307 1310 1310 1310 1312 1312 1312 1308 1308 1308 1311 1311 1311 1311 1311 1311 1310 1310 1310 1313 1313 1313 1312 1312 1312 1311 1311 1311 1314 1314 1314 1322 1322 1322 1307 1307 1307 1308 1308 1308 1310 1310 1310 1326 1326 1326 1327 1327 1327 1308 1308 1308 1321 1321 1321 1322 1322 1322 1310 1310 1310 1327 1327 1327 1328 1328 1328 1318 1318 1318 1314 1314 1314 1313 1313 1313 1331 1331 1331 1312 1312 1312 1315 1315 1315 1314 1314 1314 1319 1319 1319 1320 1320 1320 1336 1336 1336 1335 1335 1335 1341 1341 1341 1343 1343 1343 1336 1336 1336 1342 1342 1342 1338 1338 1338 1337 1337 1337 1343 1343 1343 1345 1345 1345 1338 1338 1338 1344 1344 1344 1340 1340 1340 1339 1339 1339 1345 1345 1345 1342 1342 1342 1341 1341 1341 1347 1347 1347 1349 1349 1349 1342 1342 1342 1348 1348 1348 1350 1350 1350 1343 1343 1343 1349 1349 1349 1345 1345 1345 1344 1344 1344 1350 1350 1350 1352 1352 1352 1345 1345 1345 1351 1351 1351 1348 1348 1348 1347 1347 1347 1353 1353 1353 1355 1355 1355 1348 1348 1348 1354 1354 1354 1356 1356 1356 1349 1349 1349 1355 1355 1355 1351 1351 1351 1350 1350 1350 1356 1356 1356 1358 1358 1358 1351 1351 1351 1357 1357 1357 1354 1354 1354 1353 1353 1353 1359 1359 1359 1361 1361 1361 1354 1354 1354 1360 1360 1360 1356 1356 1356 1355 1355 1355 1361 1361 1361 1357 1357 1357 1356 1356 1356 1362 1362 1362 1358 1358 1358 1357 1357 1357 1363 1363 1363 1360 1360 1360 1359 1359 1359 1365 1365 1365 1361 1361 1361 1360 1360 1360 1366 1366 1366 1368 1368 1368 1361 1361 1361 1367 1367 1367 1369 1369 1369 1362 1362 1362 1368 1368 1368 1364 1364 1364 1363 1363 1363 1369 1369 1369 1366 1366 1366 1365 1365 1365 1371 1371 1371 1373 1373 1373 1366 1366 1366 1372 1372 1372 1374 1374 1374 1367 1367 1367 1373 1373 1373 1375 1375 1375 1368 1368 1368 1374 1374 1374 1370 1370 1370 1369 1369 1369 1375 1375 1375 1372 1372 1372 1371 1371 1371 1377 1377 1377 1379 1379 1379 1372 1372 1372 1378 1378 1378 1380 1380 1380 1373 1373 1373 1379 1379 1379 1378 1378 1378 1377 1377 1377 1381 1381 1381 1383 1383 1383 1378 1378 1378 1382 1382 1382 1380 1380 1380 1379 1379 1379 1383 1383 1383 1382 1382 1382 1381 1381 1381 1387 1387 1387 1389 1389 1389 1382 1382 1382 1388 1388 1388 1384 1384 1384 1383 1383 1383 1389 1389 1389 1391 1391 1391 1384 1384 1384 1390 1390 1390 1386 1386 1386 1385 1385 1385 1391 1391 1391 1388 1388 1388 1387 1387 1387 1393 1393 1393 1395 1395 1395 1388 1388 1388 1394 1394 1394 1396 1396 1396 1389 1389 1389 1395 1395 1395 1397 1397 1397 1390 1390 1390 1396 1396 1396 1398 1398 1398 1391 1391 1391 1397 1397 1397 1394 1394 1394 1393 1393 1393 1399 1399 1399 1401 1401 1401 1394 1394 1394 1400 1400 1400 1396 1396 1396 1395 1395 1395 1401 1401 1401 1403 1403 1403 1396 1396 1396 1402 1402 1402 1404 1404 1404 1397 1397 1397 1403 1403 1403 1400 1400 1400 1399 1399 1399 1405 1405 1405 1407 1407 1407 1400 1400 1400 1406 1406 1406 1402 1402 1402 1401 1401 1401 1407 1407 1407 1409 1409 1409 1402 1402 1402 1408 1408 1408 1404 1404 1404 1403 1403 1403 1409 1409 1409 1412 1412 1412 1405 1405 1405 1411 1411 1411 1413 1413 1413 1406 1406 1406 1412 1412 1412 1408 1408 1408 1407 1407 1407 1413 1413 1413 1415 1415 1415 1408 1408 1408 1414 1414 1414 1410 1410 1410 1409 1409 1409 1415 1415 1415 1418 1418 1418 1411 1411 1411 1417 1417 1417 1413 1413 1413 1412 1412 1412 1418 1418 1418 1414 1414 1414 1413 1413 1413 1419 1419 1419 1415 1415 1415 1414 1414 1414 1420 1420 1420 1422 1422 1422 1415 1415 1415 1421 1421 1421 1442 1442 1442 1336 1336 1336 1337 1337 1337 1341 1341 1341 1499 1499 1499 1478 1478 1478 1341 1341 1341 1478 1478 1478 1479 1479 1479 1481 1481 1481 1359 1359 1359 1353 1353 1353 1484 1484 1484 1371 1371 1371 1365 1365 1365 1486 1486 1486 1377 1377 1377 1371 1371 1371 1346 1346 1346 1476 1476 1476 1477 1477 1477 1352 1352 1352 1475 1475 1475 1476 1476 1476 1358 1358 1358 1474 1474 1474 1475 1475 1475 1358 1358 1358 1473 1473 1473 1474 1474 1474 1370 1370 1370 1471 1471 1471 1472 1472 1472 1364 1364 1364 1472 1472 1472 1473 1473 1473 1377 1377 1377 1486 1486 1486 1487 1487 1487 1387 1387 1387 1488 1488 1488 1489 1489 1489 1490 1490 1490 1393 1393 1393 1387 1387 1387 1492 1492 1492 1405 1405 1405 1399 1399 1399 1405 1405 1405 1493 1493 1493 1494 1494 1494 1411 1411 1411 1494 1494 1494 1495 1495 1495 1418 1418 1418 1445 1445 1445 1446 1446 1446 1398 1398 1398 1453 1453 1453 1454 1454 1454 1392 1392 1392 1454 1454 1454 1455 1455 1455 1404 1404 1404 1452 1452 1452 1453 1453 1453 1451 1451 1451 1404 1404 1404 1410 1410 1410 1416 1416 1416 1449 1449 1449 1450 1450 1450 1410 1410 1410 1450 1450 1450 1451 1451 1451 1536 1536 1536 1532 1532 1532 1535 1535 1535 1534 1534 1534 1533 1533 1533 1536 1536 1536 1536 1536 1536 1535 1535 1535 1538 1538 1538 1540 1540 1540 1536 1536 1536 1539 1539 1539 1562 1562 1562 1532 1532 1532 1533 1533 1533 1535 1535 1535 1532 1532 1532 1564 1564 1564 1535 1535 1535 1565 1565 1565 1566 1566 1566 1539 1539 1539 1569 1569 1569 1570 1570 1570 1542 1542 1542 1534 1534 1534 1537 1537 1537 1540 1540 1540 1557 1557 1557 1558 1558 1558 1539 1539 1539 1570 1570 1570 1571 1571 1571 1575 1575 1575 1574 1574 1574 1577 1577 1577 1576 1576 1576 1575 1575 1575 1578 1578 1578 1581 1581 1581 1577 1577 1577 1580 1580 1580 1579 1579 1579 1578 1578 1578 1581 1581 1581 1597 1597 1597 1575 1575 1575 1576 1576 1576 1577 1577 1577 1584 1584 1584 1585 1585 1585 1585 1585 1585 1580 1580 1580 1577 1577 1577 1581 1581 1581 1589 1589 1589 1590 1590 1590 1579 1579 1579 1594 1594 1594 1595 1595 1595 1594 1594 1594 1579 1579 1579 1582 1582 1582 1581 1581 1581 1590 1590 1590 1591 1591 1591 1592 1592 1592 1583 1583 1583 1582 1582 1582 1623 1623 1623 1619 1619 1619 1622 1622 1622 1624 1624 1624 1620 1620 1620 1623 1623 1623 1626 1626 1626 1622 1622 1622 1625 1625 1625 1627 1627 1627 1623 1623 1623 1626 1626 1626 1636 1636 1636 1619 1619 1619 1620 1620 1620 1622 1622 1622 1638 1638 1638 1639 1639 1639 1621 1621 1621 1634 1634 1634 1635 1635 1635 1622 1622 1622 1639 1639 1639 1640 1640 1640 1631 1631 1631 1626 1626 1626 1625 1625 1625 1643 1643 1643 1624 1624 1624 1627 1627 1627 1628 1628 1628 1627 1627 1627 1626 1626 1626 1653 1653 1653 1649 1649 1649 1652 1652 1652 1654 1654 1654 1650 1650 1650 1653 1653 1653 1653 1653 1653 1652 1652 1652 1655 1655 1655 1654 1654 1654 1653 1653 1653 1656 1656 1656 1660 1660 1660 1649 1649 1649 1650 1650 1650 1652 1652 1652 1666 1666 1666 1667 1667 1667 1651 1651 1651 1659 1659 1659 1647 1647 1647 1654 1654 1654 1673 1673 1673 1674 1674 1674 1652 1652 1652 1667 1667 1667 1668 1668 1668 1669 1669 1669 1661 1661 1661 1655 1655 1655 1662 1662 1662 1656 1656 1656 1655 1655 1655 1654 1654 1654 1672 1672 1672 1673 1673 1673 1663 1663 1663 1657 1657 1657 1656 1656 1656 1678 1678 1678 1677 1677 1677 1680 1680 1680 1679 1679 1679 1678 1678 1678 1681 1681 1681 1681 1681 1681 1680 1680 1680 1683 1683 1683 1682 1682 1682 1681 1681 1681 1684 1684 1684 1691 1691 1691 1677 1677 1677 1678 1678 1678 1680 1680 1680 1701 1701 1701 1702 1702 1702 1678 1678 1678 1689 1689 1689 1690 1690 1690 1680 1680 1680 1702 1702 1702 1703 1703 1703 1693 1693 1693 1684 1684 1684 1683 1683 1683 1696 1696 1696 1682 1682 1682 1685 1685 1685 1694 1694 1694 1685 1685 1685 1684 1684 1684 1709 1709 1709 1708 1708 1708 1711 1711 1711 1710 1710 1710 1709 1709 1709 1712 1712 1712 1715 1715 1715 1711 1711 1711 1714 1714 1714 1716 1716 1716 1712 1712 1712 1715 1715 1715 1722 1722 1722 1708 1708 1708 1709 1709 1709 1711 1711 1711 1724 1724 1724 1725 1725 1725 1710 1710 1710 1721 1721 1721 1706 1706 1706 1713 1713 1713 1731 1731 1731 1732 1732 1732 1711 1711 1711 1725 1725 1725 1726 1726 1726 1715 1715 1715 1718 1718 1718 1719 1719 1719 1713 1713 1713 1730 1730 1730 1731 1731 1731 1716 1716 1716 1719 1719 1719 1720 1720 1720 1740 1740 1740 1736 1736 1736 1739 1739 1739 1738 1738 1738 1737 1737 1737 1740 1740 1740 1740 1740 1740 1739 1739 1739 1742 1742 1742 1741 1741 1741 1740 1740 1740 1743 1743 1743 1746 1746 1746 1739 1739 1739 1736 1736 1736 1737 1737 1737 1754 1754 1754 1755 1755 1755 1753 1753 1753 1737 1737 1737 1738 1738 1738 1750 1750 1750 1738 1738 1738 1741 1741 1741 1739 1739 1739 1747 1747 1747 1748 1748 1748 1748 1748 1748 1757 1757 1757 1758 1758 1758 1759 1759 1759 1743 1743 1743 1742 1742 1742 1744 1744 1744 1749 1749 1749 1750 1750 1750 1743 1743 1743 1760 1760 1760 1761 1761 1761 1768 1768 1768 1764 1764 1764 1767 1767 1767 1769 1769 1769 1765 1765 1765 1768 1768 1768 1768 1768 1768 1767 1767 1767 1770 1770 1770 1772 1772 1772 1768 1768 1768 1771 1771 1771 1791 1791 1791 1779 1779 1779 1764 1764 1764 1780 1780 1780 1764 1764 1764 1779 1779 1779 1765 1765 1765 1789 1789 1789 1790 1790 1790 1780 1780 1780 1781 1781 1781 1770 1770 1770 1788 1788 1788 1765 1765 1765 1766 1766 1766 1769 1769 1769 1776 1776 1776 1777 1777 1777 1781 1781 1781 1773 1773 1773 1782 1782 1782 1771 1771 1771 1783 1783 1783 1784 1784 1784 1769 1769 1769 1775 1775 1775 1776 1776 1776 1794 1794 1794 1793 1793 1793 1796 1796 1796 1795 1795 1795 1794 1794 1794 1797 1797 1797 1800 1800 1800 1796 1796 1796 1799 1799 1799 1801 1801 1801 1797 1797 1797 1800 1800 1800 1803 1803 1803 1799 1799 1799 1802 1802 1802 1804 1804 1804 1800 1800 1800 1803 1803 1803 1803 1803 1803 1802 1802 1802 1805 1805 1805 1804 1804 1804 1803 1803 1803 1806 1806 1806 1806 1806 1806 1805 1805 1805 1808 1808 1808 1810 1810 1810 1806 1806 1806 1809 1809 1809 1809 1809 1809 1808 1808 1808 1811 1811 1811 1813 1813 1813 1809 1809 1809 1812 1812 1812 1812 1812 1812 1811 1811 1811 1814 1814 1814 1813 1813 1813 1812 1812 1812 1815 1815 1815 1818 1818 1818 1814 1814 1814 1817 1817 1817 1816 1816 1816 1815 1815 1815 1818 1818 1818 1821 1821 1821 1817 1817 1817 1820 1820 1820 1819 1819 1819 1818 1818 1818 1821 1821 1821 1824 1824 1824 1820 1820 1820 1823 1823 1823 1822 1822 1822 1821 1821 1821 1824 1824 1824 1827 1827 1827 1823 1823 1823 1826 1826 1826 1825 1825 1825 1824 1824 1824 1827 1827 1827 1830 1830 1830 1826 1826 1826 1829 1829 1829 1828 1828 1828 1827 1827 1827 1830 1830 1830 1833 1833 1833 1829 1829 1829 1832 1832 1832 1831 1831 1831 1830 1830 1830 1833 1833 1833 1836 1836 1836 1832 1832 1832 1835 1835 1835 1834 1834 1834 1833 1833 1833 1836 1836 1836 1836 1836 1836 1835 1835 1835 1838 1838 1838 1837 1837 1837 1836 1836 1836 1839 1839 1839 1850 1850 1850 1799 1799 1799 1796 1796 1796 1851 1851 1851 1802 1802 1802 1799 1799 1799 1854 1854 1854 1811 1811 1811 1808 1808 1808 1814 1814 1814 1855 1855 1855 1856 1856 1856 1801 1801 1801 1875 1875 1875 1876 1876 1876 1801 1801 1801 1874 1874 1874 1875 1875 1875 1807 1807 1807 1872 1872 1872 1873 1873 1873 1871 1871 1871 1807 1807 1807 1810 1810 1810 1813 1813 1813 1869 1869 1869 1870 1870 1870 1813 1813 1813 1868 1868 1868 1869 1869 1869 1817 1817 1817 1856 1856 1856 1857 1857 1857 1858 1858 1858 1820 1820 1820 1817 1817 1817 1860 1860 1860 1826 1826 1826 1823 1823 1823 1859 1859 1859 1823 1823 1823 1820 1820 1820 1864 1864 1864 1838 1838 1838 1835 1835 1835 1863 1863 1863 1835 1835 1835 1832 1832 1832 1846 1846 1846 1839 1839 1839 1838 1838 1838 1840 1840 1840 1847 1847 1847 1848 1848 1848 1819 1819 1819 1889 1889 1889 1866 1866 1866 1825 1825 1825 1886 1886 1886 1887 1887 1887 1831 1831 1831 1884 1884 1884 1885 1885 1885 1825 1825 1825 1887 1887 1887 1888 1888 1888 1883 1883 1883 1831 1831 1831 1834 1834 1834 1837 1837 1837 1880 1880 1880 1881 1881 1881 1837 1837 1837 1881 1881 1881 1882 1882 1882 1894 1894 1894 1890 1890 1890 1891 1891 1891 1895 1895 1895 1891 1891 1891 1892 1892 1892 1897 1897 1897 1893 1893 1893 1894 1894 1894 1898 1898 1898 1894 1894 1894 1895 1895 1895 1893 1893 1893 1907 1907 1907 1890 1890 1890 1891 1891 1891 1913 1913 1913 1892 1892 1892 1909 1909 1909 1908 1908 1908 1893 1893 1893 1897 1897 1897 1919 1919 1919 1896 1896 1896 1901 1901 1901 1895 1895 1895 1902 1902 1902 1921 1921 1921 1920 1920 1920 1897 1897 1897 1928 1928 1928 1924 1924 1924 1925 1925 1925 1929 1929 1929 1925 1925 1925 1926 1926 1926 1931 1931 1931 1927 1927 1927 1928 1928 1928 1932 1932 1932 1928 1928 1928 1929 1929 1929 1927 1927 1927 1941 1941 1941 1924 1924 1924 1954 1954 1954 1953 1953 1953 1925 1925 1925 1952 1952 1952 1925 1925 1925 1953 1953 1953 1929 1929 1929 1926 1926 1926 1937 1937 1937 1943 1943 1943 1942 1942 1942 1927 1927 1927 1931 1931 1931 1947 1947 1947 1930 1930 1930 1929 1929 1929 1935 1935 1935 1932 1932 1932 1949 1949 1949 1948 1948 1948 1931 1931 1931 1958 1958 1958 1957 1957 1957 1960 1960 1960 1959 1959 1959 1958 1958 1958 1961 1961 1961 1964 1964 1964 1960 1960 1960 1963 1963 1963 1962 1962 1962 1961 1961 1961 1964 1964 1964 1981 1981 1981 1957 1957 1957 1958 1958 1958 1960 1960 1960 1973 1973 1973 1974 1974 1974 1958 1958 1958 1979 1979 1979 1980 1980 1980 1960 1960 1960 1974 1974 1974 1975 1975 1975 1964 1964 1964 1985 1985 1985 1986 1986 1986 1968 1968 1968 1962 1962 1962 1965 1965 1965 1964 1964 1964 1986 1986 1986 1987 1987 1987 1991 1991 1991 1990 1990 1990 1993 1993 1993 1995 1995 1995 1991 1991 1991 1994 1994 1994 1994 1994 1994 1993 1993 1993 1996 1996 1996 1995 1995 1995 1994 1994 1994 1997 1997 1997 1993 1993 1993 2008 2008 2008 2009 2009 2009 1991 1991 1991 2019 2019 2019 2020 2020 2020 2018 2018 2018 1991 1991 1991 1992 1992 1992 2004 2004 2004 1992 1992 1992 1995 1995 1995 1993 1993 1993 2009 2009 2009 2010 2010 2010 1997 1997 1997 2013 2013 2013 2014 2014 2014 1995 1995 1995 2002 2002 2002 2003 2003 2003 1997 1997 1997 2014 2014 2014 2015 2015 2015 2139 2139 2139 2129 2129 2129 2130 2130 2130 2131 2131 2131 2140 2140 2140 2139 2139 2139 2140 2140 2140 2113 2113 2113 2114 2114 2114 2138 2138 2138 2115 2115 2115 2116 2116 2116 2112 2112 2112 2140 2140 2140 2141 2141 2141 2170 2170 2170 2164 2164 2164 2165 2165 2165 2172 2172 2172 2162 2162 2162 2163 2163 2163 2173 2173 2173 2161 2161 2161 2162 2162 2162 2174 2174 2174 2160 2160 2160 2161 2161 2161 2175 2175 2175 2158 2158 2158 2159 2159 2159 2177 2177 2177 2156 2156 2156 2157 2157 2157 2174 2174 2174 2159 2159 2159 2160 2160 2160 2178 2178 2178 2155 2155 2155 2156 2156 2156 2154 2154 2154 2178 2178 2178 2179 2179 2179 2179 2179 2179 2153 2153 2153 2154 2154 2154 2182 2182 2182 2150 2150 2150 2151 2151 2151 2183 2183 2183 2149 2149 2149 2150 2150 2150 2180 2180 2180 2152 2152 2152 2153 2153 2153 2184 2184 2184 2147 2147 2147 2148 2148 2148 2185 2185 2185 2146 2146 2146 2147 2147 2147 2187 2187 2187 2144 2144 2144 2145 2145 2145 2183 2183 2183 2148 2148 2148 2149 2149 2149 2200 2200 2200 2251 2251 2251 2189 2189 2189 2256 2256 2256 2275 2275 2275 2276 2276 2276 2276 2276 2276 2274 2274 2274 2277 2277 2277 2278 2278 2278 2272 2272 2272 2279 2279 2279 2279 2279 2279 2271 2271 2271 2280 2280 2280 2277 2277 2277 2273 2273 2273 2278 2278 2278 2270 2270 2270 2280 2280 2280 2271 2271 2271 2260 2260 2260 2268 2268 2268 2261 2261 2261 2261 2261 2261 2267 2267 2267 2262 2262 2262 2263 2263 2263 2265 2265 2265 2264 2264 2264 2264 2264 2264 2258 2258 2258 2257 2257 2257 2263 2263 2263 2267 2267 2267 2266 2266 2266 2269 2269 2269 2259 2259 2259 2270 2270 2270 2287 2287 2287 2302 2302 2302 2288 2288 2288 2360 2360 2360 2359 2359 2359 2363 2363 2363 2664 2664 2664 2647 2647 2647 2663 2663 2663 2648 2648 2648 2665 2665 2665 2649 2649 2649 2659 2659 2659 2664 2664 2664 2660 2660 2660 2666 2666 2666 2649 2649 2649 2665 2665 2665 2650 2650 2650 2667 2667 2667 2651 2651 2651 2665 2665 2665 2658 2658 2658 2666 2666 2666 2651 2651 2651 2668 2668 2668 2652 2652 2652 2657 2657 2657 2666 2666 2666 2658 2658 2658 2667 2667 2667 2656 2656 2656 2668 2668 2668 2672 2672 2672 2677 2677 2677 2674 2674 2674 2675 2675 2675 2676 2676 2676 2677 2677 2677 2680 2680 2680 2671 2671 2671 2675 2675 2675 2678 2678 2678 2675 2675 2675 2672 2672 2672 2723 2723 2723 2685 2685 2685 2686 2686 2686 2725 2725 2725 2688 2688 2688 2689 2689 2689 2690 2690 2690 2726 2726 2726 2725 2725 2725 2693 2693 2693 2728 2728 2728 2727 2727 2727 2723 2723 2723 2718 2718 2718 2719 2719 2719 2724 2724 2724 2716 2716 2716 2717 2717 2717 2727 2727 2727 2713 2713 2713 2714 2714 2714 2727 2727 2727 2712 2712 2712 2713 2713 2713 2677 2677 2677 2695 2695 2695 2696 2696 2696 2696 2696 2696 2674 2674 2674 2677 2677 2677 2699 2699 2699 2730 2730 2730 2729 2729 2729 2700 2700 2700 2731 2731 2731 2730 2730 2730 2701 2701 2701 2732 2732 2732 2731 2731 2731 2680 2680 2680 2709 2709 2709 2710 2710 2710 2678 2678 2678 2708 2708 2708 2709 2709 2709 2731 2731 2731 2704 2704 2704 2705 2705 2705 2732 2732 2732 2703 2703 2703 2704 2704 2704 2706 2706 2706 2729 2729 2729 2730 2730 2730 2752 2752 2752 2763 2763 2763 2764 2764 2764 2754 2754 2754 2760 2760 2760 2762 2762 2762 2740 2740 2740 2764 2764 2764 2765 2765 2765 2772 2772 2772 2789 2789 2789 2773 2773 2773 2773 2773 2773 2788 2788 2788 2774 2774 2774 2774 2774 2774 2787 2787 2787 2775 2775 2775 2775 2775 2775 2786 2786 2786 2776 2776 2776 2776 2776 2776 2785 2785 2785 2777 2777 2777 2777 2777 2777 2784 2784 2784 2778 2778 2778 2778 2778 2778 2783 2783 2783 2779 2779 2779 2793 2793 2793 2794 2794 2794 2805 2805 2805 2848 2848 2848 2853 2853 2853 2851 2851 2851 2851 2851 2851 2852 2852 2852 2847 2847 2847 2856 2856 2856 2847 2847 2847 2855 2855 2855 2854 2854 2854 2851 2851 2851 2856 2856 2856 2860 2860 2860 2885 2885 2885 2861 2861 2861 2884 2884 2884 2883 2883 2883 2885 2885 2885 2885 2885 2885 2887 2887 2887 2862 2862 2862 2862 2862 2862 2888 2888 2888 2863 2863 2863 2863 2863 2863 2889 2889 2889 2864 2864 2864 2865 2865 2865 2864 2864 2864 2852 2852 2852 2850 2850 2850 2865 2865 2865 2853 2853 2853 2885 2885 2885 2882 2882 2882 2887 2887 2887 2882 2882 2882 2881 2881 2881 2888 2888 2888 2879 2879 2879 2855 2855 2855 2880 2880 2880 2868 2868 2868 2867 2867 2867 2890 2890 2890 2890 2890 2890 2876 2876 2876 2891 2891 2891 2868 2868 2868 2892 2892 2892 2869 2869 2869 2893 2893 2893 2894 2894 2894 2870 2870 2870 2876 2876 2876 2875 2875 2875 2892 2892 2892 2879 2879 2879 2878 2878 2878 2854 2854 2854 3180 3180 3180 3185 3185 3185 3183 3183 3183 3183 3183 3183 3184 3184 3184 3179 3179 3179 3188 3188 3188 3179 3179 3179 3187 3187 3187 3186 3186 3186 3183 3183 3183 3188 3188 3188 3235 3235 3235 3195 3195 3195 3233 3233 3233 3231 3231 3231 3230 3230 3230 3233 3233 3233 3235 3235 3235 3236 3236 3236 3197 3197 3197 3236 3236 3236 3237 3237 3237 3198 3198 3198 3185 3185 3185 3200 3200 3200 3184 3184 3184 3185 3185 3185 3182 3182 3182 3202 3202 3202 3229 3229 3229 3228 3228 3228 3235 3235 3235 3227 3227 3227 3235 3235 3235 3228 3228 3228 3236 3236 3236 3226 3226 3226 3237 3237 3237 3224 3224 3224 3223 3223 3223 3188 3188 3188 3219 3219 3219 3218 3218 3218 3239 3239 3239 3239 3239 3239 3205 3205 3205 3238 3238 3238 3180 3180 3180 3220 3220 3220 3238 3238 3238 3207 3207 3207 3206 3206 3206 3239 3239 3239 3208 3208 3208 3207 3207 3207 3240 3240 3240 3239 3239 3239 3217 3217 3217 3240 3240 3240 3222 3222 3222 3188 3188 3188 3223 3223 3223 3215 3215 3215 3214 3214 3214 3242 3242 3242 3245 3245 3245 3250 3250 3250 3248 3248 3248 3248 3248 3248 3249 3249 3249 3244 3244 3244 3253 3253 3253 3244 3244 3244 3252 3252 3252 3251 3251 3251 3248 3248 3248 3253 3253 3253 3300 3300 3300 3260 3260 3260 3298 3298 3298 3299 3299 3299 3295 3295 3295 3298 3298 3298 3300 3300 3300 3301 3301 3301 3262 3262 3262 3301 3301 3301 3302 3302 3302 3263 3263 3263 3250 3250 3250 3265 3265 3265 3249 3249 3249 3250 3250 3250 3247 3247 3247 3267 3267 3267 3294 3294 3294 3293 3293 3293 3300 3300 3300 3292 3292 3292 3300 3300 3300 3293 3293 3293 3301 3301 3301 3291 3291 3291 3302 3302 3302 3289 3289 3289 3288 3288 3288 3253 3253 3253 3284 3284 3284 3283 3283 3283 3304 3304 3304 3304 3304 3304 3270 3270 3270 3303 3303 3303 3286 3286 3286 3285 3285 3285 3303 3303 3303 3272 3272 3272 3271 3271 3271 3304 3304 3304 3273 3273 3273 3272 3272 3272 3305 3305 3305 3304 3304 3304 3282 3282 3282 3305 3305 3305 3287 3287 3287 3253 3253 3253 3288 3288 3288 3281 3281 3281 3305 3305 3305 3282 3282 3282 3280 3280 3280 3279 3279 3279 3307 3307 3307 3310 3310 3310 3315 3315 3315 3313 3313 3313 3313 3313 3313 3314 3314 3314 3309 3309 3309 3318 3318 3318 3309 3309 3309 3317 3317 3317 3316 3316 3316 3313 3313 3313 3318 3318 3318 3367 3367 3367 3366 3366 3366 3326 3326 3326 3365 3365 3365 3362 3362 3362 3367 3367 3367 3328 3328 3328 3368 3368 3368 3329 3329 3329 3314 3314 3314 3315 3315 3315 3331 3331 3331 3367 3367 3367 3360 3360 3360 3366 3366 3366 3358 3358 3358 3357 3357 3357 3368 3368 3368 3317 3317 3317 3355 3355 3355 3318 3318 3318 3371 3371 3371 3336 3336 3336 3370 3370 3370 3352 3352 3352 3351 3351 3351 3370 3370 3370 3372 3372 3372 3337 3337 3337 3371 3371 3371 3372 3372 3372 3373 3373 3373 3339 3339 3339 3350 3350 3350 3349 3349 3349 3371 3371 3371 3354 3354 3354 3353 3353 3353 3316 3316 3316 3372 3372 3372 3347 3347 3347 3373 3373 3373 3346 3346 3346 3345 3345 3345 3374 3374 3374 3372 3372 3372 3371 3371 3371 3349 3349 3349 3379 3379 3379 3401 3401 3401 3380 3380 3380 3381 3381 3381 3399 3399 3399 3382 3382 3382 3397 3397 3397 3383 3383 3383 3398 3398 3398 3382 3382 3382 3398 3398 3398 3383 3383 3383 3380 3380 3380 3400 3400 3400 3381 3381 3381 3385 3385 3385 3395 3395 3395 3386 3386 3386 3386 3386 3386 3394 3394 3394 3387 3387 3387 3388 3388 3388 3392 3392 3392 3389 3389 3389 3387 3387 3387 3393 3393 3393 3388 3388 3388 3396 3396 3396 3384 3384 3384 3397 3397 3397 3408 3408 3408 3429 3429 3429 3409 3409 3409 3410 3410 3410 3427 3427 3427 3411 3411 3411 3412 3412 3412 3425 3425 3425 3413 3413 3413 3411 3411 3411 3426 3426 3426 3412 3412 3412 3409 3409 3409 3428 3428 3428 3410 3410 3410 3414 3414 3414 3423 3423 3423 3415 3415 3415 3415 3415 3415 3422 3422 3422 3416 3416 3416 3417 3417 3417 3420 3420 3420 3418 3418 3418 3416 3416 3416 3421 3421 3421 3417 3417 3417 3424 3424 3424 3413 3413 3413 3425 3425 3425 3438 3438 3438 3459 3459 3459 3439 3439 3439 3440 3440 3440 3457 3457 3457 3441 3441 3441 3442 3442 3442 3455 3455 3455 3443 3443 3443 3441 3441 3441 3456 3456 3456 3442 3442 3442 3439 3439 3439 3458 3458 3458 3440 3440 3440 3444 3444 3444 3453 3453 3453 3445 3445 3445 3445 3445 3445 3452 3452 3452 3446 3446 3446 3447 3447 3447 3450 3450 3450 3448 3448 3448 3446 3446 3446 3451 3451 3451 3447 3447 3447 3454 3454 3454 3443 3443 3443 3455 3455 3455 3463 3463 3463 3468 3468 3468 3466 3466 3466 3466 3466 3466 3467 3467 3467 3462 3462 3462 3471 3471 3471 3462 3462 3462 3470 3470 3470 3469 3469 3469 3466 3466 3466 3471 3471 3471 3518 3518 3518 3480 3480 3480 3516 3516 3516 3514 3514 3514 3513 3513 3513 3516 3516 3516 3518 3518 3518 3519 3519 3519 3482 3482 3482 3519 3519 3519 3520 3520 3520 3483 3483 3483 3468 3468 3468 3485 3485 3485 3467 3467 3467 3468 3468 3468 3465 3465 3465 3487 3487 3487 3512 3512 3512 3511 3511 3511 3518 3518 3518 3510 3510 3510 3518 3518 3518 3511 3511 3511 3519 3519 3519 3509 3509 3509 3520 3520 3520 3507 3507 3507 3506 3506 3506 3471 3471 3471 3490 3490 3490 3522 3522 3522 3491 3491 3491 3463 3463 3463 3503 3503 3503 3521 3521 3521 3494 3494 3494 3524 3524 3524 3495 3495 3495 3522 3522 3522 3500 3500 3500 3523 3523 3523 3492 3492 3492 3491 3491 3491 3522 3522 3522 3502 3502 3502 3501 3501 3501 3522 3522 3522 3505 3505 3505 3471 3471 3471 3506 3506 3506 3499 3499 3499 3523 3523 3523 3500 3500 3500 3498 3498 3498 3497 3497 3497 3524 3524 3524 3533 3533 3533 3550 3550 3550 3534 3534 3534 3535 3535 3535 3548 3548 3548 3536 3536 3536 3547 3547 3547 3536 3536 3536 3548 3548 3548 3534 3534 3534 3549 3549 3549 3535 3535 3535 3538 3538 3538 3545 3545 3545 3539 3539 3539 3539 3539 3539 3544 3544 3544 3540 3540 3540 3540 3540 3540 3543 3543 3543 3541 3541 3541 3538 3538 3538 3547 3547 3547 3546 3546 3546 3559 3559 3559 3574 3574 3574 3560 3560 3560 3560 3560 3560 3573 3573 3573 3561 3561 3561 3561 3561 3561 3572 3572 3572 3562 3562 3562 3571 3571 3571 3562 3562 3562 3572 3572 3572 3563 3563 3563 3570 3570 3570 3564 3564 3564 3564 3564 3564 3569 3569 3569 3565 3565 3565 3565 3565 3565 3568 3568 3568 3566 3566 3566 3578 3578 3578 3583 3583 3583 3581 3581 3581 3581 3581 3581 3582 3582 3582 3577 3577 3577 3586 3586 3586 3577 3577 3577 3585 3585 3585 3584 3584 3584 3581 3581 3581 3586 3586 3586 3616 3616 3616 3615 3615 3615 3593 3593 3593 3616 3616 3616 3613 3613 3613 3615 3615 3615 3615 3615 3615 3617 3617 3617 3594 3594 3594 3594 3594 3594 3618 3618 3618 3595 3595 3595 3595 3595 3595 3619 3619 3619 3596 3596 3596 3597 3597 3597 3596 3596 3596 3582 3582 3582 3580 3580 3580 3597 3597 3597 3583 3583 3583 3615 3615 3615 3612 3612 3612 3617 3617 3617 3612 3612 3612 3611 3611 3611 3618 3618 3618 3609 3609 3609 3585 3585 3585 3610 3610 3610 3621 3621 3621 3620 3620 3620 3600 3600 3600 3623 3623 3623 3600 3600 3600 3620 3620 3620 3606 3606 3606 3605 3605 3605 3623 3623 3623 3621 3621 3621 3606 3606 3606 3620 3620 3620 3609 3609 3609 3608 3608 3608 3584 3584 3584 3634 3634 3634 3649 3649 3649 3635 3635 3635 3643 3643 3643 3648 3648 3648 3644 3644 3644 3635 3635 3635 3650 3650 3650 3636 3636 3636 3636 3636 3636 3651 3651 3651 3637 3637 3637 3649 3649 3649 3642 3642 3642 3650 3650 3650 3652 3652 3652 3637 3637 3637 3651 3651 3651 3650 3650 3650 3641 3641 3641 3651 3651 3651 3640 3640 3640 3651 3651 3651 3641 3641 3641 3682 3682 3682 3660 3660 3660 3661 3661 3661 3674 3674 3674 3682 3682 3682 3681 3681 3681 3681 3681 3681 3662 3662 3662 3663 3663 3663 3683 3683 3683 3675 3675 3675 3676 3676 3676 3677 3677 3677 3684 3684 3684 3683 3683 3683 3682 3682 3682 3659 3659 3659 3660 3660 3660 3658 3658 3658 3683 3683 3683 3684 3684 3684 3684 3684 3684 3656 3656 3656 3657 3657 3657 3695 3695 3695 3687 3687 3687 3694 3694 3694 3696 3696 3696 3688 3688 3688 3695 3695 3695 3690 3690 3690 3689 3689 3689 3696 3696 3696 3698 3698 3698 3690 3690 3690 3697 3697 3697 3692 3692 3692 3691 3691 3691 3698 3698 3698 3700 3700 3700 3692 3692 3692 3699 3699 3699 3702 3702 3702 3694 3694 3694 3701 3701 3701 3703 3703 3703 3695 3695 3695 3702 3702 3702 3697 3697 3697 3696 3696 3696 3703 3703 3703 3705 3705 3705 3697 3697 3697 3704 3704 3704 3706 3706 3706 3698 3698 3698 3705 3705 3705 3700 3700 3700 3699 3699 3699 3706 3706 3706 3702 3702 3702 3701 3701 3701 3708 3708 3708 3710 3710 3710 3702 3702 3702 3709 3709 3709 3704 3704 3704 3703 3703 3703 3710 3710 3710 3705 3705 3705 3704 3704 3704 3711 3711 3711 3713 3713 3713 3705 3705 3705 3712 3712 3712 3707 3707 3707 3706 3706 3706 3713 3713 3713 3709 3709 3709 3708 3708 3708 3715 3715 3715 3717 3717 3717 3709 3709 3709 3716 3716 3716 3718 3718 3718 3710 3710 3710 3717 3717 3717 3712 3712 3712 3711 3711 3711 3718 3718 3718 3720 3720 3720 3712 3712 3712 3719 3719 3719 3714 3714 3714 3713 3713 3713 3720 3720 3720 3716 3716 3716 3715 3715 3715 3722 3722 3722 3724 3724 3724 3716 3716 3716 3723 3723 3723 3718 3718 3718 3717 3717 3717 3724 3724 3724 3726 3726 3726 3718 3718 3718 3725 3725 3725 3727 3727 3727 3719 3719 3719 3726 3726 3726 3721 3721 3721 3720 3720 3720 3727 3727 3727 3730 3730 3730 3722 3722 3722 3729 3729 3729 3724 3724 3724 3723 3723 3723 3730 3730 3730 3725 3725 3725 3724 3724 3724 3731 3731 3731 3733 3733 3733 3725 3725 3725 3732 3732 3732 3734 3734 3734 3726 3726 3726 3733 3733 3733 3728 3728 3728 3727 3727 3727 3734 3734 3734 3744 3744 3744 3688 3688 3688 3689 3689 3689 3743 3743 3743 3690 3690 3690 3691 3691 3691 3747 3747 3747 3701 3701 3701 3694 3694 3694 3700 3700 3700 3774 3774 3774 3775 3775 3775 3707 3707 3707 3773 3773 3773 3774 3774 3774 3714 3714 3714 3772 3772 3772 3773 3773 3773 3752 3752 3752 3722 3722 3722 3715 3715 3715 3750 3750 3750 3715 3715 3715 3708 3708 3708 3714 3714 3714 3771 3771 3771 3772 3772 3772 3728 3728 3728 3769 3769 3769 3770 3770 3770 3721 3721 3721 3770 3770 3770 3771 3771 3771 3794 3794 3794 3793 3793 3793 3796 3796 3796 3795 3795 3795 3794 3794 3794 3797 3797 3797 3800 3800 3800 3796 3796 3796 3799 3799 3799 3801 3801 3801 3797 3797 3797 3800 3800 3800 3794 3794 3794 3807 3807 3807 3808 3808 3808 3810 3810 3810 3799 3799 3799 3796 3796 3796 3800 3800 3800 3812 3812 3812 3802 3802 3802 3831 3831 3831 3837 3837 3837 3832 3832 3832 3837 3837 3837 3838 3838 3838 3826 3826 3826 3838 3838 3838 3839 3839 3839 3827 3827 3827 3839 3839 3839 3840 3840 3840 3828 3828 3828 3830 3830 3830 3838 3838 3838 3831 3831 3831 3829 3829 3829 3839 3839 3839 3830 3830 3830 3961 3961 3961 3938 3938 3938 3960 3960 3960 3963 3963 3963 3962 3962 3962 3957 3957 3957 3939 3939 3939 3955 3955 3955 3961 3961 3961 3985 3985 3985 3979 3979 3979 3984 3984 3984 3976 3976 3976 3985 3985 3985 3977 3977 3977 3981 3981 3981 3980 3980 3980 3985 3985 3985 3985 3985 3985 3984 3984 3984 3978 3978 3978 3981 3981 3981 3987 3987 3987 3982 3982 3982 3976 3976 3976 3975 3975 3975 3987 3987 3987 3988 3988 3988 3989 3989 3989 3983 3983 3983 3974 3974 3974 3988 3988 3988 3975 3975 3975 3995 3995 3995 3992 3992 3992 3993 3993 3993 3996 3996 3996 3993 3993 3993 3994 3994 3994 3999 3999 3999 3995 3995 3995 3996 3996 3996 4000 4000 4000 3996 3996 3996 3997 3997 3997 4005 4005 4005 3991 3991 3991 3993 3993 3993 3999 3999 3999 4009 4009 4009 3998 3998 3998 4011 4011 4011 4010 4010 4010 3999 3999 3999 4019 4019 4019 4048 4048 4048 4020 4020 4020 4018 4018 4018 4049 4049 4049 4019 4019 4019 4021 4021 4021 4046 4046 4046 4022 4022 4022 4024 4024 4024 4045 4045 4045 4044 4044 4044 4024 4024 4024 4043 4043 4043 4025 4025 4025 4022 4022 4022 4045 4045 4045 4023 4023 4023 4020 4020 4020 4047 4047 4047 4021 4021 4021 4042 4042 4042 4025 4025 4025 4043 4043 4043 4026 4026 4026 4041 4041 4041 4027 4027 4027 4028 4028 4028 4039 4039 4039 4029 4029 4029 4027 4027 4027 4040 4040 4040 4028 4028 4028 4030 4030 4030 4037 4037 4037 4031 4031 4031 4033 4033 4033 4036 4036 4036 4035 4035 4035 4031 4031 4031 4036 4036 4036 4032 4032 4032 4029 4029 4029 4038 4038 4038 4030 4030 4030 4057 4057 4057 4086 4086 4086 4058 4058 4058 4056 4056 4056 4087 4087 4087 4057 4057 4057 4059 4059 4059 4084 4084 4084 4060 4060 4060 4061 4061 4061 4082 4082 4082 4062 4062 4062 4062 4062 4062 4081 4081 4081 4063 4063 4063 4060 4060 4060 4083 4083 4083 4061 4061 4061 4058 4058 4058 4085 4085 4085 4059 4059 4059 4080 4080 4080 4063 4063 4063 4081 4081 4081 4064 4064 4064 4079 4079 4079 4065 4065 4065 4066 4066 4066 4077 4077 4077 4067 4067 4067 4065 4065 4065 4078 4078 4078 4066 4066 4066 4068 4068 4068 4075 4075 4075 4069 4069 4069 4070 4070 4070 4073 4073 4073 4071 4071 4071 4069 4069 4069 4074 4074 4074 4070 4070 4070 4067 4067 4067 4076 4076 4076 4068 4068 4068 4095 4095 4095 4118 4118 4118 4096 4096 4096 4095 4095 4095 4120 4120 4120 4119 4119 4119 4097 4097 4097 4116 4116 4116 4098 4098 4098 4099 4099 4099 4114 4114 4114 4100 4100 4100 4098 4098 4098 4115 4115 4115 4099 4099 4099 4096 4096 4096 4117 4117 4117 4097 4097 4097 4101 4101 4101 4112 4112 4112 4102 4102 4102 4103 4103 4103 4110 4110 4110 4104 4104 4104 4103 4103 4103 4112 4112 4112 4111 4111 4111 4106 4106 4106 4109 4109 4109 4108 4108 4108 4104 4104 4104 4109 4109 4109 4105 4105 4105 4108 4108 4108 4092 4092 4092 4106 4106 4106 4113 4113 4113 4100 4100 4100 4114 4114 4114 4127 4127 4127 4150 4150 4150 4128 4128 4128 4126 4126 4126 4151 4151 4151 4127 4127 4127 4129 4129 4129 4148 4148 4148 4130 4130 4130 4131 4131 4131 4146 4146 4146 4132 4132 4132 4130 4130 4130 4147 4147 4147 4131 4131 4131 4128 4128 4128 4149 4149 4149 4129 4129 4129 4133 4133 4133 4144 4144 4144 4134 4134 4134 4135 4135 4135 4142 4142 4142 4136 4136 4136 4134 4134 4134 4143 4143 4143 4135 4135 4135 4137 4137 4137 4140 4140 4140 4138 4138 4138 4136 4136 4136 4141 4141 4141 4137 4137 4137 4145 4145 4145 4132 4132 4132 4146 4146 4146</p>
        </triangles>
      </mesh>
    </geometry>
  </library_geometries>
  <library_visual_scenes>
    <visual_scene id="VisualSceneNode">
      <node id="View-Perspective" name="View-Perspective">
        <matrix>0.866032 -0.249996 0.433002 243.080152 0.499989 0.433018 -0.750004 -20.648378 -0.000000 0.866024 0.500003 293.684568 0.000000 0.000000 0.000000 1.000000</matrix>
        <instance_camera url="#Camera-Perspective" />
      </node>
      <node id="View-Top" name="View-Top">
        <matrix>1.000000 0.000000 -0.000000 64.488983 -0.000000 1.000000 -0.000000 288.689675 0.000000 0.000000 1.000000 99.490449 0.000000 0.000000 0.000000 1.000000</matrix>
        <instance_camera url="#Camera-Top" />
      </node>
      <node id="View-Front" name="View-Front">
        <matrix>1.000000 0.000000 -0.000000 64.488983 0.000000 0.000000 -1.000000 276.445282 0.000000 1.000000 -0.000000 87.459199 0.000000 0.000000 0.000000 1.000000</matrix>
        <instance_camera url="#Camera-Front" />
      </node>
      <node id="View-Right" name="View-Right">
        <matrix>0.000000 0.000000 1.000000 182.903620 1.000000 0.000000 -0.000000 288.689675 -0.000000 1.000000 -0.000000 87.459199 0.000000 0.000000 0.000000 1.000000</matrix>
        <instance_camera url="#Camera-Right" />
      </node>
      <node id="a50e3d8a-c571-4a33-8df6-8986118f3860" name="NONE">
        <instance_geometry url="#mesh-aa07e5c6-3d74-42d9-b3a9-f10165e13461">
          <bind_material>
            <technique_common>
              <instance_material symbol="material-a0000000-0000-0000-0000-000000000000" target="#a0000000-0000-0000-0000-000000000000" />
            </technique_common>
          </bind_material>
        </instance_geometry>
      </node>
    </visual_scene>
  </library_visual_scenes>
  <scene>
    <instance_visual_scene url="#VisualSceneNode" />
  </scene>
</COLLADA>